employee_id,team_id,department,role_function,manager_id,location_site,period_date,hours_planned,hours_worked,overtime_hours,absence_days,output_units,unit_value,quality_score,error_count,attrition_flag,date_joined,date_left,engagement_score,total_labor_cost,headcount
EMP0108,Team J,Operations,Ops Analyst,EMP0061,,2026-04-01,160.0,169.4,9.4,3.7,56,40,57.4,3,False,2022-03-17,,3.32,5872.0,1
EMP0287,Team D,Sales,SDR,EMP0033,Branch-West,2025-12-01,160.0,162.3,2.3,5.1,32,150,38.4,3,False,2025-01-08,,3.75,4641.0,1
EMP0333,Team A,Engineering,QA Engineer,EMP0480,,2026-05-01,160.0,160.0,0.0,,28,0,73.2,0,False,2022-09-22,,3.94,6720.0,1
EMP0018,Team H,Sales,Sales Manager,EMP0280,,2026-03-01,160.0,147.8,1.5,0.0,9,2500,90.6,1,False,2022-01-08,,2.97,7802.6,1
EMP0241,Team I,Marketing,Content Creator,EMP0251,HQ,2026-07-01,160.0,148.4,35.1,0.6,20,150,62.1,2,False,2021-12-06,,3.81,6031.5,1
EMP0373,Team B,ENGINEERING,QA Engineer,EMP0006,HQ,2025-11-01,160.0,159.5,18.5,0.3,21,0,96.7,1,False,2021-12-23,,3.78,7864.5,1
EMP0254,Team C,Sales,SDR,EMP0392,Remote,2026-08-01,160.0,155.4,33.3,0.4,37,150,96.2,3,False,2024-03-23,,3.17,5749.8,1
EMP0329,Team B,Sales,SDR,EMP0006,Remote,2026-06-01,160.0,159.6,7.2,1.4,43,150,60.4,4,False,2026-01-16,,3.4,4771.2,1
EMP0462,Team D,Support,Support Agent,EMP0296,HQ,2026-03-01,160.0,150.8,11.2,1.1,144,50,80.2,4,False,2025-11-23,,2.7,4022.4,1
EMP0007,Team E,Engineering,Data Engineer,EMP0355,Branch-West,2025-11-01,160.0,161.8,1.8,1.0,23,0,77.3,1,False,2022-05-29,,3.52,9870.0,1
EMP0349,Team G,Sales,Account Executive,EMP0047,Branch-West,2025-09-01,160.0,138.7,5.9,2.1,13,2000,78.1,0,False,2021-12-13,,,5902.0,1
EMP0134,Team F,Sales,Sales Manager,EMP0193,Remote,2026-05-01,160.0,166.9,6.9,5.2,10,2500,78.7,1,False,2023-03-16,,3.31,9217.0,1
EMP0218,Team D,Operations,Ops Coordinator,EMP0147,HQ,2026-04-01,160.0,157.6,1.5,1.2,96,35,86.5,0,False,2022-05-08,,2.37,4315.95,1
EMP0067,Team F,Engineering,Developer,EMP0355,Remote,2025-09-01,160.0,161.1,1.1,0.2,17,0,76.0,0,False,2022-11-18,,4.24,8951.25,1
EMP0107,Team F,Sales,Sales Manager,EMP0420,Remote,2025-09-01,160.0,149.0,4.2,1.0,11,2500,70.4,3,False,2024-02-15,,4.99,8075.6,1
EMP0186,Team H,Support,Support Agent,EMP0177,HQ,2025-10-01,160.0,159.2,15.8,2.7,102,50,64.1,0,False,2024-05-22,,3.51,4389.6,1
EMP0178,Team D,Sales,Account Executive,EMP0480,Remote,2026-01-01,160.0,160.7,0.7,0.3,12,2000,83.5,1,False,2024-12-18,,3.94,6470.0,1
EMP0433,Team E,Support,Support Agent,EMP0100,Branch-West,2026-05-01,160.0,161.9,1.9,1.0,116,50,56.2,0,False,2022-08-29,,3.3,3954.0,1
EMP0212,Team H,Support,Support Lead,EMP0006,Remote,2025-12-01,160.0,164.0,4.0,2.3,75,60,79.2,3,False,2024-11-10,,4.39,5780.0,1
EMP0262,Team G,Marketing,Content Creator,EMP0309,,2026-07-01,160.0,161.3,1.3,1.2,21,150,91.8,3,False,2025-10-18,,4.28,4897.5,1
EMP0492,Team B,Support,Support Lead,EMP0162,Remote,2026-04-01,160.0,152.8,6.8,3.1,66,60,56.1,0,False,2022-05-06,,3.57,5542.0,1
EMP0317,Team C,Sales,Sales Manager,EMP0309,Remote,2026-04-01,160.0,162.0,4.2,0.5,5,2500,39.2,5,False,2024-01-19,,3.52,8751.6,1
EMP0022,Team E,Engineering,QA Engineer,EMP0245,Remote,2026-07-01,160.0,156.8,2.5,0.2,30,0,64.2,1,False,2023-06-03,,3.13,6743.1,1
EMP0262,Team G,Marketing,Content Creator,EMP0309,Remote,2025-10-01,160.0,156.9,1.1,2.3,15,150,,0,False,2025-10-18,,4.29,4756.5,1
EMP0154,Team C,Sales,SDR,EMP0344,HQ,2025-10-01,160.0,160.6,0.6,6.4,37,150,69.5,0,False,2025-09-02,,3.81,4522.0,1
EMP0004,Team J,Sales,Account Executive,EMP0296,HQ,2025-09-01,160.0,151.6,0.8,0.3,18,2000,52.2,1,False,2023-10-08,,2.37,6112.0,1
EMP0241,Team I,Marketing,Content Creator,EMP0251,HQ,2026-08-01,160.0,161.4,2.3,0.1,25,150,94.1,2,False,2021-12-06,,3.36,4945.5,1
EMP0312,Team B,Engineering,DevOps Engineer,EMP0320,Branch-West,2026-06-01,160.0,160.2,0.2,0.5,13,0,61.1,4,False,2023-02-28,,2.83,9309.0,1
EMP0381,Team B,Engineering,Developer,EMP0259,Remote,2026-04-01,160.0,156.9,3.0,7.7,14,0,86.3,0,False,2025-04-07,,3.78,8877.0,1
EMP0213,Team E,Support,Support Agent,EMP0077,HQ,2026-03-01,160.0,165.2,5.2,0.1,99,50,81.1,0,False,2025-08-12,,4.18,4152.0,1
EMP0003,Team A,Operations,Ops Analyst,EMP0225,Remote,2025-10-01,160.0,166.3,22.0,1.2,56,40,83.8,5,False,2023-03-15,,3.28,6377.6,1
EMP0364,Team H,Sales,Account Executive,EMP0243,HQ,2026-05-01,160.0,156.9,1.4,2.8,16,2000,68.4,1,False,2023-08-09,,4.28,6360.0,1
EMP0497,Team A,Sales,Account Executive,EMP0351,Remote,2025-10-01,160.0,162.9,2.9,1.1,13,2000,76.0,0,False,2025-09-17,,4.07,6690.0,1
EMP0340,Team E,Engineering,Data Engineer,EMP0100,Remote,2026-05-01,160.0,158.9,0.0,0.4,20,0,65.8,6,False,2021-11-09,,2.53,9534.0,1
EMP0117,Team C,Operations,Ops Analyst,EMP0033,HQ,2025-11-01,160.0,168.5,8.5,1.6,76,40,76.8,0,False,2022-11-16,,3.68,5800.0,1
EMP0075,Team H,Support,Support Agent,EMP0420,Remote,2025-10-01,160.0,159.6,0.2,2.7,125,50,81.9,0,False,2021-11-30,,4.63,3837.6,1
EMP0245,Team H,Engineering,QA Engineer,EMP0351,HQ,2025-11-01,160.0,158.9,3.4,0.4,15,0,86.0,0,False,2024-08-16,,2.93,6888.0,1
EMP0330,Team E,Engineering,DevOps Engineer,EMP0351,,2026-03-01,160.0,142.0,7.3,2.1,18,0,87.1,0,False,2025-07-30,,4.19,8871.1,1
EMP0049,Team C,Sales,SDR,EMP0225,Remote,2026-04-01,160.0,160.3,7.4,0.3,21,150,31.2,10,False,2025-12-31,,3.02,4799.2,1
EMP0342,Team G,Sales,SDR,EMP0061,Branch-West,2026-05-01,160.0,162.5,2.5,0.7,38,150,81.3,3,False,2023-09-30,,2.85,4655.0,1
EMP0208,Team H,Support,Support Lead,EMP0376,HQ,2026-07-01,160.0,162.2,2.2,0.7,103,60,96.5,1,False,2022-11-05,,3.02,5627.0,1
EMP0068,Team J,Operations,Ops Analyst,EMP0434,Remote,2026-07-01,160.0,145.7,13.9,2.4,55,40,66.0,1,False,2024-04-02,,4.65,5329.6,1
EMP0110,Team B,Engineering,DevOps Engineer,EMP0217,HQ,2026-05-01,160.0,167.7,21.4,0.4,18,0,57.8,1,False,2024-10-04,,3.09,11588.4,1
EMP0227,TEAM A,Marketing,Content Creator,EMP0351,Remote,2026-07-01,160.0,157.6,1.5,0.2,16,150,68.4,0,False,2022-02-05,,2.88,4795.5,1
EMP0213,Team E,Support,Support Agent,EMP0077,HQ,2026-08-01,160.0,137.0,5.9,3.0,101,50,93.2,2,False,2025-08-12,,4.05,3500.4,1
EMP0016,Team H,Engineering,QA Engineer,EMP0147,HQ,2025-11-01,160.0,164.3,4.3,2.7,35,0,83.8,0,False,2024-01-03,,3.44,7171.5,1
EMP0154,Team C,Sales,SDR,EMP0344,HQ,2026-08-01,160.0,164.3,10.3,2.2,48,150,48.2,0,False,2025-09-02,,3.44,5033.0,1
EMP0301,Team I,Engineering,DevOps Engineer,EMP0450,Remote,2026-07-01,160.0,163.0,4.5,1.0,11,0,57.6,0,False,2022-05-13,,3.33,9845.5,1
EMP0275,Team E,Sales,Sales Manager,EMP0420,Remote,2026-04-01,160.0,137.6,2.9,1.8,11,2500,57.4,0,False,2025-03-15,,3.66,7381.4,1
EMP0287,Team D,Sales,SDR,EMP0033,Branch-West,2026-03-01,160.0,154.3,11.8,3.5,46,150,72.9,6,False,2025-01-08,,3.55,4816.0,1
EMP0042,Team D,Sales,Account Executive,EMP0187,,2025-11-01,160.0,162.3,2.3,0.4,20,2000,52.3,3,False,2025-05-18,,3.65,6630.0,1
EMP0492,Team B,Support,Support Lead,EMP0162,Remote,2025-11-01,160.0,148.4,22.0,1.9,64,60,96.3,3,False,2022-05-06,,3.04,6167.6,1
EMP0173,Team B,  Sales  ,SDR,EMP0392,Remote,2026-08-01,160.0,161.7,1.7,1.5,51,150,48.2,1,False,2021-08-26,,4.11,4599.0,1
EMP0448,Team G,Operations,Ops Analyst,EMP0167,HQ,2025-12-01,160.0,160.0,15.1,4.1,38,40,81.7,2,False,2024-02-09,,3.34,5844.8,1
EMP0350,Team B,Support,Support Lead,EMP0167,HQ,2025-10-01,160.0,161.0,1.0,2.7,91,60,26.1,0,False,2024-03-17,,3.77,5525.0,1
EMP0480,Team J,  Sales  ,SDR,,Branch-East,2025-11-01,160.0,152.4,8.0,1.3,36,150,71.6,5,False,2023-06-10,,3.61,4603.2,1
EMP0023,Team E,Engineering,QA Engineer,EMP0147,Remote,2026-08-01,160.0,152.8,2.0,0.7,30,0,77.7,2,False,2023-07-21,,3.47,6543.6,1
EMP0203,Team B,Engineering,DevOps Engineer,EMP0280,Remote,2026-02-01,160.0,150.8,3.1,0.7,13,0,94.2,1,False,2025-08-16,,,9016.1,1
EMP0172,Team G,Engineering,Developer,EMP0071,Branch-West,2026-04-01,160.0,162.1,7.8,0.4,20,0,91.5,2,False,2024-03-09,,3.15,9559.0,1
EMP0170,Team B,Sales,Sales Manager,EMP0210,,2025-12-01,160.0,162.4,4.5,5.9,8,2500,74.7,1,False,2025-03-25,,3.09,8795.8,1
EMP0010,Team I,Support,Support Lead,EMP0259,Branch-West,2026-08-01,160.0,167.6,7.6,1.4,101,60,63.6,4,False,2022-08-16,,4.23,6086.0,1
EMP0050,Team J,Engineering,Developer,EMP0471,Branch-East,2026-06-01,160.0,149.0,20.9,0.8,23,0,71.3,0,False,2022-02-18,,4.25,9919.25,1
EMP0412,Team G,Marketing,Content Creator,EMP0303,Branch-East,2025-10-01,160.0,152.4,1.8,1.0,25,150,71.2,0,True,2025-02-28,2026-06-23,4.39,4653.0,1
EMP0342,Team G,Sales,SDR,EMP0061,Branch-West,2026-03-01,160.0,161.0,1.0,0.4,45,150,80.0,1,False,2023-09-30,,2.39,4550.0,1
EMP0286,Team J,Engineering,QA Engineer,EMP0162,Remote,2026-04-01,160.0,150.4,8.6,0.1,17,0,68.8,0,False,2021-12-01,,3.32,6858.6,1
EMP0379,Team D,Operations,Ops Analyst,EMP0471,Remote,2025-12-01,160.0,162.5,24.4,0.2,37,40,66.9,1,False,2025-03-21,,3.32,6371.2,1
EMP0350,Team B,Support,Support Lead,EMP0167,HQ,2026-05-01,160.0,170.4,13.0,1.9,105,60,54.4,0,False,2024-03-17,,2.18,6456.6,1
EMP0217,Team I,Sales,Account Executive,EMP0480,Branch-West,2026-04-01,160.0,161.3,1.3,2.5,13,2000,61.6,1,False,2025-12-23,,4.63,6530.0,1
EMP0030,Team J,Engineering,Data Engineer,EMP0420,,2026-04-01,160.0,161.1,1.1,0.3,18,0,91.1,0,False,2023-02-25,,3.81,9765.0,1
EMP0364,Team H,Sales,Account Executive,EMP0243,,2025-12-01,160.0,168.0,8.0,0.8,13,2000,61.3,0,False,2023-08-09,,3.4,7200.0,1
EMP0077,Team H,Operations,Ops Analyst,EMP0480,Branch-East,2025-10-01,160.0,160.1,0.1,1.5,51,40,96.2,5,True,2025-02-13,2026-01-10,3.56,5128.0,1
EMP0017,Team D,Sales,SDR,EMP0102,HQ,2026-03-01,160.0,149.9,12.7,1.2,47,150,84.2,1,False,2025-08-06,,3.53,4730.6,1
EMP0142,Team E,Engineering,Developer,EMP0457,Branch-West,2026-05-01,160.0,167.9,7.9,0.3,17,0,68.7,0,False,2025-03-29,,3.13,9886.25,1
EMP0102,Team E,Support,Support Lead,EMP0351,HQ,2026-03-01,160.0,158.7,1.6,0.3,109,60,72.5,1,False,2024-04-04,,3.04,5477.4,1
EMP0097,Team C,Sales,Account Executive,EMP0280,HQ,2025-12-01,160.0,164.4,4.4,0.5,10,2000,43.8,0,False,2024-09-29,,3.73,6840.0,1
EMP0056,Team B,Marketing,Content Creator,EMP0301,Remote,2026-01-01,160.0,159.8,1.8,3.6,20,150,87.7,0,False,2024-02-12,,4.03,4875.0,1
EMP0171,Team G,Support,Support Agent,EMP0303,HQ,2026-08-01,160.0,166.7,6.7,2.5,117,50,87.7,2,False,2022-11-02,,2.64,4242.0,1
EMP0137,Team C,Sales,Sales Manager,EMP0193,Branch-West,2026-03-01,160.0,161.7,1.7,,11,2500,85.6,5,False,2022-03-30,,4.01,8541.0,1
EMP0367,Team I,Marketing,Content Creator,EMP0061,Remote,2026-05-01,160.0,160.5,0.5,2.9,21,150,74.6,1,False,2021-09-10,,3.55,4837.5,1
EMP0307,Team B,Sales,Sales Manager,EMP0320,,2026-01-01,160.0,162.0,2.0,6.2,10,2500,79.9,0,False,2022-12-08,,3.23,8580.0,1
EMP0462,Team D,Support,Support Agent,EMP0296,,2025-11-01,160.0,161.2,1.2,1.6,149,50,79.6,1,False,2025-11-23,,3.42,3912.0,1
EMP0188,Team E,Sales,Account Executive,EMP0420,Branch-East,2026-07-01,160.0,163.0,3.2,0.2,16,2000,72.8,0,False,2025-09-26,,2.68,6712.0,1
EMP0107,Team F,Sales,Sales Manager,EMP0420,Remote,2025-11-01,160.0,158.0,4.8,0.5,11,2500,72.5,0,False,2024-02-15,,3.35,8590.4,1
EMP0483,Team J,Sales,Account Executive,EMP0392,HQ,2026-07-01,160.0,161.8,1.8,0.7,19,2000,64.5,3,True,2024-12-03,2026-07-15,3.37,6580.0,1
EMP0372,Team H,Engineering,Data Engineer,EMP0301,HQ,2026-01-01,160.0,161.6,1.6,1.6,15,0,96.1,4,False,2022-07-05,,4.03,9840.0,1
EMP0106,Team J,Engineering,Data Engineer,EMP0309,HQ,2026-03-01,160.0,151.6,7.8,2.4,16,0,42.8,0,False,2025-03-01,,4.33,9798.0,1
EMP0101,Team A,Engineering,QA Engineer,EMP0457,Branch-East,2026-06-01,160.0,161.2,1.2,0.8,31,0,50.7,2,False,2021-09-29,,4.41,6846.0,1
EMP0404,Team I,Operations,Ops Analyst,EMP0167,HQ,2025-11-01,160.0,156.2,2.4,1.8,53,40,73.9,0,False,2022-03-08,,3.73,5113.6,1
EMP0254,Team C,Sales,SDR,EMP0392,Remote,2025-12-01,160.0,162.9,6.9,0.3,25,150,93.1,0,False,2024-03-23,,3.84,4851.0,1
EMP0404,Team I,Operations,Ops Analyst,EMP0167,HQ,2025-10-01,160.0,172.9,14.5,2.2,81,40,76.3,7,False,2022-03-08,,4.59,6228.8,1
EMP0198,Team C,Marketing,Content Creator,EMP0162,Remote,2026-02-01,160.0,151.1,7.0,1.3,20,150,65.3,4,False,2024-12-29,,,4848.0,1
EMP0023,Team E,Engineering,QA Engineer,EMP0147,Remote,2025-09-01,160.0,149.3,18.5,1.8,32,0,93.6,15,False,2023-07-21,,2.94,7436.1,1
EMP0277,Team A,Operations,Ops Coordinator,EMP0480,HQ,2026-03-01,160.0,157.3,0.4,5.0,79,35,85.2,4,False,2024-02-14,,3.8,4263.3,1
EMP0008,Team B,Marketing,Marketing Specialist,EMP0457,Remote,2026-03-01,160.0,138.3,3.6,2.0,10,300,80.3,0,False,2025-09-18,,3.36,4742.1,1
EMP0424,Team G,Sales,Account Executive,EMP0471,Remote,2026-07-01,160.0,151.6,2.0,0.1,16,2000,65.2,2,False,2025-03-25,,3.71,6184.0,1
EMP0056,Team B,Marketing,Content Creator,EMP0301,Remote,2026-03-01,160.0,159.6,3.7,6.2,19,150,42.3,0,False,2024-02-12,,3.54,4954.5,1
EMP0161,Team E,Sales,Account Executive,EMP0277,Branch-West,2025-11-01,160.0,162.8,4.1,0.0,17,2000,73.7,0,False,2021-09-11,,2.59,6758.0,1
EMP0361,Team C,Sales,Account Executive,EMP0210,HQ,2026-04-01,160.0,166.0,26.7,0.3,10,2000,39.5,10,True,2024-03-19,2026-06-26,2.54,8242.0,1
EMP0234,Team F,Sales,Sales Manager,EMP0280,Remote,2025-09-01,160.0,155.3,1.1,6.9,12,2500,82.4,5,False,2022-08-23,,3.74,8161.4,1
EMP0463,Team F,Operations,Ops Analyst,EMP0453,HQ,2026-02-01,160.0,160.6,0.6,5.4,48,40,70.0,1,False,2025-07-16,,2.13,5168.0,1
EMP0432,Team A,Operations,Ops Coordinator,EMP0453,Remote,2026-06-01,160.0,147.9,8.9,0.5,61,35,72.3,0,False,2024-03-12,,3.98,4353.75,1
EMP0337,Team I,Operations,Ops Coordinator,EMP0243,Remote,2026-05-01,160.0,168.9,9.4,3.0,68,35,62.9,1,False,2022-12-31,,3.6,4941.0,1
EMP0470,Team F,Marketing,Marketing Specialist,EMP0450,Branch-West,2026-08-01,160.0,155.4,1.0,0.5,13,300,54.2,2,False,2022-02-18,,3.63,5177.7,1
EMP0251,Team A,Engineering,DevOps Engineer,EMP0147,HQ,2026-01-01,160.0,146.9,5.1,1.5,16,0,79.0,1,False,2023-11-18,,2.32,8963.9,1
EMP0391,Team G,Marketing,Marketing Specialist,EMP0293,Remote,2025-12-01,160.0,156.7,2.1,2.3,6,300,79.9,2,False,2023-05-28,,3.54,5275.05,1
EMP0234,Team F,Sales,Sales Manager,EMP0280,Remote,2026-08-01,160.0,151.8,5.3,4.4,11,2500,62.6,5,False,2022-08-23,,4.39,8307.0,1
EMP0495,Team E,Sales,Sales Manager,EMP0476,Remote,2025-10-01,160.0,157.4,3.9,1.0,9,2500,62.8,1,False,2025-09-22,,3.66,8489.0,1
EMP0041,Team D,Engineering,DevOps Engineer,EMP0162,,2026-05-01,160.0,166.0,7.0,0.4,19,0,70.3,3,False,2022-04-09,,4.47,10237.0,1
EMP0161,Team E,Sales,Account Executive,EMP0277,,2026-02-01,160.0,163.3,3.3,3.7,14,2000,53.8,7,False,2021-09-11,,3.01,6730.0,1
EMP0199,Team B,Marketing,Marketing Specialist,EMP0450,,2025-11-01,160.0,166.0,6.0,0.4,13,300,78.5,0,True,2025-10-07,2025-11-18,2.44,5775.0,1
EMP0362,Team D,Support,Support Agent,EMP0033,Remote,2026-07-01,160.0,161.7,2.9,,86,50,79.5,0,False,2025-10-15,,3.97,3985.2,1
EMP0145,Team E,Engineering,QA Engineer,EMP0453,Branch-East,2026-05-01,160.0,160.2,0.2,3.5,27,0,88.6,0,False,2024-09-23,,3.84,6741.0,1
EMP0159,Team E,Engineering,DevOps Engineer,EMP0185,Remote,2026-06-01,160.0,158.5,1.6,2.4,12,0,64.1,2,False,2024-07-19,,3.7,9332.2,1
EMP0292,Team A,Engineering,QA Engineer,EMP0225,Remote,2026-06-01,160.0,162.9,2.9,0.5,27,0,93.9,0,False,2023-01-21,,4.08,7024.5,1
EMP0122,Team H,Marketing,Content Creator,EMP0471,Branch-West,2026-06-01,160.0,160.0,0.0,1.2,22,150,84.2,0,False,2022-09-10,,4.4,4800.0,1
EMP0227,Team A,Marketing,Content Creator,EMP0351,Remote,2026-04-01,160.0,151.1,7.9,1.8,22,150,73.3,1,False,2022-02-05,,3.09,4888.5,1
EMP0078,Team B,Engineering,DevOps Engineer,EMP0293,Remote,2026-07-01,160.0,160.3,0.3,0.2,13,0,65.7,3,False,2025-09-04,,,9323.5,1
EMP0082,Team A,Support,Support Lead,EMP0251,Remote,2025-09-01,160.0,159.2,6.6,0.8,102,60,82.0,4,False,2022-02-09,,4.32,5749.4,1
EMP0008,Team B,Marketing,Marketing Specialist,EMP0457,Remote,2026-08-01,160.0,157.5,8.4,2.7,10,300,85.4,5,False,2025-09-18,,3.6,5613.3,1
EMP0273,Team E,Marketing,Content Creator,EMP0438,Branch-West,2026-04-01,160.0,164.0,10.4,1.1,17,150,64.3,0,False,2025-06-28,,3.97,5388.0,1
EMP0386,Team H,operations,Ops Coordinator,EMP0259,HQ,2026-02-01,160.0,165.3,5.3,0.2,90,35,85.9,1,False,2023-10-22,,4.18,4677.75,1
EMP0222,Team I,Sales,SDR,EMP0218,Branch-East,2026-03-01,160.0,152.9,12.4,0.4,41,150,83.2,3,False,2023-02-12,,3.47,4802.0,1
EMP0229,Team C,Marketing,Marketing Specialist,EMP0449,HQ,2026-03-01,160.0,153.4,4.5,0.1,10,300,88.6,5,False,2024-07-13,,3.54,5284.95,1
EMP0477,Team F,Engineering,DevOps Engineer,EMP0102,Remote,2026-04-01,160.0,160.4,7.0,0.2,15,0,65.2,0,False,2025-09-07,,4.18,9912.2,1
EMP0051,Team G,Marketing,Marketing Specialist,EMP0392,Remote,2025-10-01,160.0,155.7,1.1,4.0,16,300,79.8,3,False,2024-07-19,,3.22,5192.55,1
EMP0357,Team D,Engineering,Developer,EMP0309,HQ,2025-11-01,160.0,163.2,3.2,3.1,13,0,63.5,0,False,2025-04-27,,3.58,9240.0,1
EMP0268,Team G,Support,Support Lead,EMP0147,HQ,2025-11-01,160.0,158.6,11.2,2.0,93,60,49.9,0,False,2022-06-15,,3.2,5963.6,1
EMP0224,Team F,Sales,SDR,EMP0243,HQ,2026-01-01,160.0,161.6,4.2,5.6,53,150,75.8,7,True,2021-12-19,2026-02-17,2.86,4701.2,1
EMP0070,Team J,Marketing,Content Creator,EMP0006,Branch-West,2026-07-01,160.0,157.4,2.5,0.6,19,150,64.5,0,False,2025-03-03,,3.58,4834.5,1
EMP0003,Team A,Operations,Ops Analyst,EMP0225,Remote,2026-05-01,160.0,147.5,22.2,3.4,57,40,62.4,1,False,2023-03-15,,4.5,5785.6,1
EMP0297,Team F,Operations,Ops Coordinator,EMP0185,HQ,2026-06-01,160.0,160.4,3.8,0.5,54,35,64.4,0,False,2022-01-30,,3.74,4484.7,1
EMP0092,Team J,Support,Support Lead,EMP0333,Remote,2025-12-01,160.0,153.0,2.8,0.8,82,60,80.1,4,False,2023-04-05,,3.56,5344.8,1
EMP0379,Team D,Operations,Ops Analyst,EMP0471,Remote,2026-08-01,160.0,158.2,12.4,5.6,72,40,42.0,4,False,2025-03-21,,3.39,5657.6,1
EMP0195,Team I,Sales,Account Executive,EMP0453,HQ,2026-03-01,160.0,160.4,0.6,0.6,17,2000,27.4,3,False,2025-07-05,,4.4,6452.0,1
EMP0381,Team B,Engineering,Developer,EMP0259,Remote,2026-01-01,160.0,158.1,8.3,0.9,17,0,73.7,0,False,2025-04-07,,3.03,9380.25,1
EMP0299,Team A,Support,Support Lead,EMP0035,HQ,2026-04-01,160.0,159.4,23.7,0.8,81,60,94.4,1,False,2024-09-07,,4.27,6628.3,1
EMP0285,Team C,Sales,Account Executive,EMP0035,HQ,2026-07-01,160.0,164.0,4.0,5.9,14,2000,67.6,1,False,2024-09-15,,3.55,6800.0,1
EMP0308,Team B,Sales,Sales Manager,EMP0177,HQ,2026-02-01,160.0,163.3,9.6,0.7,10,2500,95.7,2,False,2025-11-07,,3.55,9240.4,1
EMP0333,Team A,Engineering,QA Engineer,EMP0480,Branch-West,2026-02-01,160.0,163.6,9.0,1.1,27,0,91.3,0,False,2022-09-22,,3.89,7438.2,1
EMP0324,Team J,Engineering,QA Engineer,EMP0392,Remote,2026-05-01,160.0,167.7,11.1,2.8,22,0,87.7,0,False,2023-03-24,,4.07,7742.7,1
EMP0330,Team E,Engineering,DevOps Engineer,EMP0351,Branch-East,2026-08-01,160.0,167.0,7.0,,15,0,47.9,1,False,2025-07-30,,3.4,10295.0,1
EMP0250,Team A,Operations,Ops Analyst,EMP0225,HQ,2025-12-01,160.0,157.5,10.6,0.0,61,40,88.4,2,False,2022-08-19,,2.83,5548.8,1
EMP0460,Team F,Engineering,Data Engineer,EMP0071,HQ,2026-02-01,160.0,166.5,6.5,2.6,12,0,78.9,5,False,2022-10-30,,3.61,10575.0,1
EMP0349,Team G,Sales,Account Executive,EMP0047,Branch-West,2026-07-01,160.0,164.4,4.4,0.3,14,2000,85.1,2,False,2021-12-13,,4.3,6840.0,1
EMP0488,Team I,Engineering,QA Engineer,EMP0480,HQ,2026-02-01,160.0,157.5,29.1,1.0,32,0,,0,False,2023-12-14,,3.42,8448.3,1
EMP0172,Team G,Engineering,Developer,EMP0071,Branch-West,2025-10-01,160.0,149.0,3.3,1.4,14,0,71.1,0,False,2024-03-09,,4.04,8467.25,1
EMP0479,Team C,Marketing,Content Creator,EMP0450,HQ,2026-02-01,160.0,161.6,1.7,1.4,21,150,52.0,0,False,2025-12-24,,4.67,4924.5,1
EMP0258,Team I,Support,Support Agent,EMP0210,Branch-East,2026-06-01,160.0,144.2,10.4,6.6,105,50,64.1,5,False,2025-07-29,,3.08,3835.2,1
EMP0180,Team G,Engineering,QA Engineer,EMP0199,Branch-West,2026-05-01,160.0,164.6,5.7,0.7,24,0,73.6,0,False,2024-11-03,,3.04,7272.3,1
EMP0138,Team F,SUPPORT,Support Lead,EMP0245,Remote,2026-06-01,160.0,164.1,4.1,1.6,60,60,71.6,5,False,2024-02-26,,3.67,5788.5,1
EMP0339,Team H,Sales,Account Executive,EMP0035,HQ,2026-04-01,160.0,163.6,3.6,2.1,19,2000,84.0,0,False,2024-04-19,,3.26,6760.0,1
EMP0196,Team B,Sales,Sales Manager,EMP0245,HQ,2025-12-01,160.0,166.5,8.5,2.0,8,2500,58.4,1,False,2024-03-06,,3.99,9321.0,1
EMP0195,Team I,Sales,Account Executive,EMP0453,HQ,2026-02-01,160.0,150.2,1.2,0.2,14,2000,69.4,0,False,2025-07-05,,3.12,6080.0,1
EMP0493,Team J,Engineering,Developer,EMP0033,Branch-West,2026-03-01,160.0,141.3,17.8,0.2,17,0,81.7,0,False,2024-12-30,,2.95,9240.0,1
EMP0393,Team J,Sales,Account Executive,EMP0476,HQ,2025-12-01,160.0,148.3,2.1,3.0,11,2000,90.2,1,False,2024-08-12,,2.94,6058.0,1
EMP0112,Team A,Engineering,Developer,EMP0471,HQ,2026-05-01,160.0,161.0,1.0,1.2,16,0,49.0,4,False,2025-06-20,,3.64,8937.5,1
EMP0078,Team B,Engineering,DevOps Engineer,EMP0293,Remote,2026-08-01,160.0,160.1,0.1,4.1,15,0,75.9,3,False,2025-09-04,,3.85,9294.5,1
EMP0258,Team I,Support,Support Agent,EMP0210,Branch-East,2026-08-01,160.0,163.3,3.3,1.4,110,50,,1,False,2025-07-29,,3.86,4038.0,1
EMP0191,Team E,Engineering,QA Engineer,EMP0147,Remote,2025-09-01,160.0,159.8,4.9,1.6,29,0,74.5,2,False,2023-11-14,,3.38,7020.3,1
EMP0393,Team J,Sales,Account Executive,EMP0476,HQ,2026-02-01,160.0,161.8,1.8,1.2,19,2000,87.0,1,False,2024-08-12,,,6580.0,1
EMP0165,Team C,Engineering,DevOps Engineer,EMP0071,Remote,2026-04-01,160.0,176.3,19.1,0.2,9,0,50.1,9,True,2023-06-22,2026-05-31,3.93,11887.1,1
EMP0289,Team B,Engineering,DevOps Engineer,EMP0480,Remote,2026-06-01,160.0,164.0,10.2,0.4,15,0,49.0,1,False,2023-10-15,,3.45,10399.4,1
EMP0183,Team B,Marketing,Content Creator,EMP0438,HQ,2025-09-01,160.0,166.9,6.9,0.2,23,150,83.1,0,False,2024-02-19,,4.21,5317.5,1
EMP0283,team e,Sales,SDR,EMP0199,Branch-East,2026-01-01,160.0,163.2,3.2,2.0,34,150,72.1,2,True,2023-01-10,2026-05-03,2.37,4704.0,1
EMP0418,Team J,Sales,Account Executive,EMP0392,Branch-West,2025-10-01,160.0,162.9,2.9,0.4,18,2000,84.1,1,False,2025-06-01,,4.58,6690.0,1
EMP0217,Team I,SALES,Account Executive,EMP0480,Branch-West,2026-02-01,160.0,164.0,4.0,0.5,14,2000,95.0,10,False,2025-12-23,,3.76,6800.0,1
EMP0222,Team I,Sales,SDR,EMP0218,Branch-East,2026-04-01,160.0,161.8,1.8,2.5,31,150,88.0,1,False,2023-02-12,,2.87,4606.0,1
EMP0451,Team A,Operations,Ops Analyst,EMP0100,Remote,2026-08-01,160.0,140.8,0.9,1.0,50,40,56.6,2,False,2023-05-13,,2.58,4548.8,1
EMP0294,Team C,Sales,Account Executive,EMP0318,Remote,2025-12-01,160.0,150.9,0.2,1.9,9,2000,85.4,4,False,2023-01-18,,3.95,6048.0,1
EMP0387,Team G,Engineering,QA Engineer,EMP0167,HQ,2026-03-01,160.0,157.4,44.0,1.7,21,0,73.7,1,False,2021-12-10,,3.82,9382.8,1
EMP0370,Team E,ENGINEERING,DevOps Engineer,EMP0259,HQ,2026-04-01,160.0,161.1,7.8,2.2,16,0,79.8,0,False,2025-12-26,,4.97,10022.4,1
EMP0247,Team J,Sales,Sales Manager,EMP0476,Remote,2026-02-01,160.0,161.3,19.4,5.4,11,2500,73.8,0,False,2025-10-10,,3.06,9900.8,1
EMP0319,Team A,Engineering,QA Engineer,EMP0482,Branch-West,2026-02-01,160.0,152.1,11.1,0.6,29,0,54.7,0,False,2023-06-16,,4.16,7087.5,1
EMP0034,Team J,Marketing,Content Creator,EMP0434,Branch-West,2026-01-01,160.0,157.7,20.9,2.5,23,150,51.3,0,False,2023-04-13,,3.3,5671.5,1
EMP0473,Team H,Engineering,Developer,EMP0071,HQ,2025-10-01,160.0,170.0,10.0,1.8,21,0,57.7,2,False,2025-08-28,,,10175.0,1
EMP0147,Team A,Support,Support Lead,,Branch-West,2026-03-01,160.0,163.2,3.2,0.1,99,60,51.0,0,False,2023-04-22,,3.94,5712.0,1
EMP0385,Team B,Operations,Ops Analyst,EMP0217,HQ,2025-09-01,160.0,164.9,11.7,0.4,41,40,54.8,2,False,2022-05-10,,3.92,5838.4,1
EMP0049,TEAM C,Sales,SDR,EMP0225,Remote,2026-06-01,160.0,142.5,1.9,0.6,34,150,80.1,3,False,2025-12-31,,3.89,4069.8,1
EMP0192,Team G,Marketing,Marketing Specialist,EMP0457,,2026-02-01,160.0,159.3,0.9,4.8,14,300,54.9,8,False,2024-01-17,,3.41,5301.45,1
EMP0328,Team F,Support,Support Lead,EMP0167,Branch-East,2026-08-01,160.0,172.7,13.4,0.2,111,60,47.0,0,False,2024-09-18,,3.36,6555.2,1
EMP0063,Team F,Operations,Ops Analyst,EMP0470,Remote,2026-08-01,160.0,161.0,17.4,0.4,68,40,83.9,1,False,2026-02-18,,2.68,5987.2,1
EMP0416,Team D,Sales,Account Executive,EMP0450,Branch-East,2025-09-01,160.0,150.1,1.0,0.2,19,2000,70.8,2,False,2025-02-23,,3.24,6064.0,1
EMP0152,Team F,Engineering,QA Engineer,EMP0100,HQ,2026-03-01,160.0,148.1,0.1,0.4,28,0,83.9,2,False,2024-12-13,,4.09,6226.5,1
EMP0020,Team B,Engineering,DevOps Engineer,EMP0344,HQ,2026-02-01,160.0,158.8,14.0,0.2,17,0,89.3,0,False,2025-08-14,,2.5,10428.4,1
EMP0330,Team E,Engineering,DevOps Engineer,EMP0351,Branch-East,2025-11-01,160.0,141.1,8.9,,10,0,80.3,1,False,2025-07-30,,4.3,8958.1,1
EMP0187,Team C,Operations,Ops Analyst,EMP0351,HQ,2026-01-01,160.0,163.8,11.1,0.5,76,40,95.9,0,False,2025-09-30,,4.88,5774.4,1
EMP0379,Team D,Operations,Ops Analyst,EMP0471,Remote,2026-03-01,160.0,156.7,5.5,4.1,47,40,77.1,0,False,2025-03-21,,,5278.4,1
EMP0429,Team I,SALES,Sales Manager,EMP0344,Branch-East,2026-01-01,160.0,171.7,11.7,1.3,11,2500,82.2,1,False,2022-08-12,,3.47,9841.0,1
EMP0138,Team F,Support,Support Lead,EMP0245,Remote,2026-05-01,160.0,156.2,1.0,0.4,96,60,65.0,0,False,2024-02-26,,2.0,5361.8,1
EMP0419,Team E,Support,Support Agent,EMP0449,,2025-12-01,160.0,161.0,1.0,0.2,142,50,73.3,0,False,2024-08-22,,2.99,3900.0,1
EMP0065,Team C,Engineering,DevOps Engineer,EMP0199,HQ,2026-01-01,160.0,158.5,2.8,0.5,16,0,66.4,4,False,2025-05-06,,,9436.6,1
EMP0237,TEAM J,ENGINEERING,DevOps Engineer,EMP0077,HQ,2025-09-01,160.0,155.5,26.3,0.3,16,0,57.9,5,False,2021-10-17,,3.15,11307.1,1
EMP0119,Team I,Marketing,Content Creator,EMP0218,Remote,2025-11-01,160.0,159.1,5.0,0.2,14,150,70.0,3,False,2023-05-10,,2.69,4998.0,1
EMP0205,Team E,Support,Support Lead,EMP0449,Remote,2026-02-01,160.0,155.9,0.6,1.1,65,60,94.3,2,False,2024-03-02,,,5331.2,1
EMP0376,Team E,Sales,SDR,EMP0193,Branch-West,2025-11-01,160.0,162.7,2.7,,51,150,72.3,1,True,2022-03-01,2026-06-17,3.63,4669.0,1
EMP0488,Team I,Engineering,QA Engineer,EMP0480,HQ,2026-08-01,160.0,160.0,4.7,0.6,28,0,72.9,6,False,2023-12-14,,4.17,7016.1,1
EMP0494,Team C,Engineering,Data Engineer,EMP0210,HQ,2026-07-01,160.0,162.7,2.7,1.0,19,0,62.4,2,False,2024-08-06,,3.87,10005.0,1
EMP0424,Team G,Sales,Account Executive,EMP0471,Remote,2026-01-01,160.0,141.1,18.1,2.1,14,2000,80.6,3,False,2025-03-25,,3.69,6730.0,1
EMP0344,Team A,Sales,SDR,EMP0450,Remote,2026-04-01,160.0,152.9,1.1,2.5,51,150,89.4,1,False,2022-08-19,,3.35,4327.4,1
EMP0084,Team A,Engineering,Developer,EMP0006,Branch-West,2026-05-01,160.0,161.7,5.8,0.7,21,0,47.8,2,False,2024-05-20,,2.23,9372.0,1
EMP0173,Team B,Sales,SDR,EMP0392,Remote,2026-03-01,160.0,162.6,25.4,0.4,37,150,95.9,0,False,2021-08-26,,3.33,5619.6,1
EMP0246,Team B,Marketing,Marketing Specialist,EMP0355,HQ,2025-10-01,160.0,157.5,2.0,1.0,10,300,73.5,0,False,2024-11-20,,4.33,5296.5,1
EMP0349,Team G,Sales,Account Executive,EMP0047,Branch-West,2026-01-01,160.0,165.7,5.7,2.1,18,2000,94.6,3,False,2021-12-13,,2.98,6970.0,1
EMP0110,Team B,Engineering,DevOps Engineer,EMP0217,HQ,2026-04-01,160.0,159.2,2.2,,15,0,71.7,1,False,2024-10-04,,3.6,9425.0,1
EMP0082,Team A,Support,Support Lead,EMP0251,Remote,2026-04-01,160.0,161.0,5.2,0.4,81,60,,5,False,2022-02-09,,3.7,5739.2,1
EMP0091,Team B,Engineering,QA Engineer,EMP0035,Branch-East,2025-09-01,160.0,147.9,3.3,1.2,28,0,80.9,2,False,2022-10-13,,3.17,6419.7,1
EMP0105,Team F,Marketing,Marketing Specialist,EMP0303,HQ,2026-04-01,160.0,162.1,2.1,0.6,13,300,89.7,2,False,2022-11-12,,4.22,5453.25,1
EMP0273,Team E,Marketing,Content Creator,EMP0438,Branch-West,2026-02-01,160.0,157.8,0.1,3.8,23,150,46.5,0,False,2025-06-28,,3.71,4738.5,1
EMP0252,Team G,Sales,Account Executive,EMP0033,HQ,2025-11-01,160.0,161.7,1.7,0.0,10,2000,55.7,0,False,2025-06-22,,3.61,6570.0,1
EMP0276,Team F,Sales,SDR,EMP0077,Remote,2026-01-01,160.0,157.4,0.3,0.6,41,150,86.2,1,False,2022-12-15,,2.99,4419.8,1
EMP0269,Team D,Sales,SDR,EMP0100,HQ,2025-09-01,160.0,162.8,19.5,0.6,49,150,77.2,2,False,2022-01-05,,3.65,5377.4,1
EMP0426,team b,Sales,SDR,EMP0476,HQ,2026-01-01,160.0,155.5,3.1,1.3,45,150,90.5,4,False,2026-01-02,,2.87,4484.2,1
EMP0048,Team J,Sales,Account Executive,EMP0217,Remote,2025-09-01,160.0,162.5,2.5,0.5,17,2000,81.4,1,False,2023-11-16,,3.5,6650.0,1
EMP0449,Team F,Sales,Sales Manager,EMP0450,HQ,2026-07-01,160.0,163.1,3.1,1.4,8,2500,47.8,0,False,2025-01-09,,4.0,8723.0,1
EMP0163,Team I,Support,Support Agent,EMP0471,Branch-East,2025-09-01,160.0,175.7,15.7,1.8,113,50,90.7,0,False,2024-08-22,,4.23,4782.0,1
EMP0212,Team H,Support,Support Lead,EMP0006,Remote,2026-06-01,160.0,161.7,1.7,,91,60,,2,False,2024-11-10,,3.91,5584.5,1
EMP0474,Team F,Marketing,Marketing Specialist,EMP0035,,2026-02-01,160.0,156.4,12.7,1.1,8,300,83.7,0,False,2024-08-21,,3.65,5789.85,1
EMP0305,Team G,Support,Support Lead,EMP0376,Remote,2026-05-01,160.0,160.9,2.2,1.3,80,60,72.6,6,False,2022-09-18,,3.82,5582.8,1
EMP0112,Team A,Engineering,Developer,EMP0471,HQ,2026-07-01,160.0,161.8,1.8,0.0,18,0,95.7,2,False,2025-06-20,,3.83,9047.5,1
EMP0008,Team B,Marketing,Marketing Specialist,EMP0457,Remote,2026-04-01,160.0,167.0,28.0,1.8,12,300,78.8,1,False,2025-09-18,,3.29,6897.0,1
EMP0446,Team G,Marketing,Content Creator,EMP0061,Remote,2025-12-01,160.0,160.7,1.3,3.0,20,150,89.3,0,False,2022-06-10,,3.07,4879.5,1
EMP0110,Team B,Engineering,DevOps Engineer,EMP0217,HQ,2026-03-01,160.0,157.1,3.5,1.6,14,0,78.3,3,False,2024-10-04,,4.1,9416.3,1
EMP0284,Team I,Engineering,Developer,EMP0167,HQ,2026-02-01,160.0,156.0,18.3,0.2,17,0,58.8,9,False,2022-05-19,,3.43,10089.75,1
EMP0437,Team B,Engineering,DevOps Engineer,EMP0035,Remote,2026-08-01,160.0,165.1,5.1,0.1,17,0,72.9,3,False,2024-12-13,,3.53,10019.5,1
EMP0357,Team D,Engineering,Developer,EMP0309,HQ,2026-01-01,160.0,145.0,0.6,0.7,16,0,75.0,0,False,2025-04-27,,3.33,8024.5,1
EMP0024,Team G,Sales,SDR,EMP0434,Remote,2025-09-01,160.0,177.3,17.3,1.1,26,150,88.1,0,False,2024-05-13,,3.72,5691.0,1
EMP0294,Team C,Sales,Account Executive,EMP0318,Remote,2026-06-01,160.0,166.2,6.2,0.1,12,2000,,1,False,2023-01-18,,2.83,7020.0,1
EMP0024,Team G,Sales,SDR,EMP0434,Remote,2026-06-01,160.0,146.1,17.4,1.8,40,150,94.4,2,False,2024-05-13,,3.65,4821.6,1
EMP0397,Team A,Operations,Ops Analyst,EMP0301,Remote,2026-04-01,160.0,160.4,0.4,4.1,78,40,60.3,0,False,2021-08-20,,3.98,5152.0,1
EMP0164,Team E,Sales,Sales Manager,EMP0422,Remote,2026-03-01,160.0,161.0,1.0,0.3,7,2500,79.7,0,False,2023-03-02,,3.29,8450.0,1
EMP0493,Team J,Engineering,Developer,EMP0033,Branch-West,2025-09-01,160.0,150.0,0.6,5.7,11,0,82.2,1,False,2024-12-30,,3.74,8299.5,1
EMP0376,Team E,Sales,SDR,EMP0193,Branch-West,2026-04-01,160.0,163.6,15.2,0.5,50,150,88.6,6,True,2022-03-01,2026-06-17,1.62,5219.2,1
EMP0253,Team G,Operations,Ops Coordinator,EMP0450,HQ,2026-01-01,160.0,165.8,13.2,0.5,77,35,73.0,3,False,2022-07-28,,3.57,5011.2,1
EMP0009,Team C,Support,Support Lead,EMP0061,Branch-West,2025-12-01,160.0,165.3,5.3,0.9,86,60,82.3,0,False,2025-06-23,,3.38,5890.5,1
EMP0090,Team A,Sales,SDR,EMP0280,Branch-East,2026-05-01,160.0,164.0,7.7,1.2,45,150,43.4,5,False,2023-05-20,,3.11,4915.4,1
EMP0135,Team C,Marketing,Content Creator,EMP0471,HQ,2026-04-01,160.0,161.2,1.2,9.0,16,150,,14,False,2021-10-07,,3.26,4890.0,1
EMP0001,Team G,Sales,SDR,EMP0218,Remote,2026-06-01,160.0,163.2,3.2,0.3,47,150,75.5,2,False,2025-02-25,,4.05,4704.0,1
EMP0371,Team H,Engineering,QA Engineer,EMP0225,Branch-East,2025-11-01,160.0,160.8,4.4,1.6,24,0,63.9,0,False,2024-02-11,,3.43,7030.8,1
EMP0420,Team D,OPERATIONS,Ops Analyst,EMP0193,Remote,2025-12-01,160.0,166.9,6.9,0.3,51,40,58.3,3,False,2025-05-29,,,5672.0,1
EMP0431,Team D,Engineering,QA Engineer,EMP0225,,2026-03-01,160.0,161.4,1.4,4.9,25,0,82.9,0,False,2024-08-13,,3.17,6867.0,1
EMP0458,Team H,Sales,SDR,EMP0177,Remote,2026-04-01,160.0,153.1,0.5,0.2,46,150,57.1,0,False,2024-02-18,,2.76,4307.8,1
EMP0299,Team A,Support,Support Lead,EMP0035,HQ,2025-09-01,160.0,156.9,20.3,0.4,72,60,72.4,0,False,2024-09-07,,4.46,6369.9,1
EMP0182,Team H,Engineering,Developer,EMP0217,Branch-East,2026-08-01,160.0,153.0,7.3,4.3,24,0,97.8,0,False,2025-08-26,,3.93,9017.25,1
EMP0076,Team H,Support,Support Lead,EMP0309,Remote,2025-11-01,160.0,162.5,2.5,2.1,116,60,68.8,0,False,2024-05-03,,3.74,5652.5,1
EMP0103,Team I,Sales,Sales Manager,EMP0035,Remote,2026-03-01,160.0,159.4,0.9,1.0,16,2500,89.4,0,False,2021-12-02,,2.94,8359.0,1
EMP0465,Team A,Marketing,Content Creator,EMP0376,Remote,2025-11-01,160.0,166.7,14.2,1.5,21,150,89.5,0,False,2025-04-17,,4.07,5640.0,1
EMP0448,Team G,Operations,Ops Analyst,EMP0167,HQ,2026-06-01,160.0,154.7,5.3,0.4,78,40,74.5,0,False,2024-02-09,,2.81,5204.8,1
EMP0094,Team E,Sales,Sales Manager,EMP0480,,2025-10-01,160.0,155.4,27.0,2.7,13,2500,55.4,3,False,2022-10-05,,4.78,10186.8,1
EMP0014,Team C,Engineering,DevOps Engineer,EMP0185,,2026-07-01,160.0,144.4,1.4,3.8,11,0,36.6,2,False,2026-02-19,,4.4,8497.0,1
EMP0073,Team B,Engineering,Developer,EMP0035,HQ,2026-08-01,160.0,165.8,5.8,3.2,18,0,90.4,0,False,2025-04-05,,3.0,9597.5,1
EMP0088,Team E,Support,Support Agent,EMP0199,Branch-East,2026-07-01,160.0,162.4,23.7,0.8,98,50,83.9,9,False,2025-04-28,,3.58,4750.8,1
EMP0431,Team D,Engineering,QA Engineer,EMP0225,Remote,2026-07-01,160.0,160.3,20.0,2.5,32,0,55.1,4,False,2024-08-13,,4.58,7992.6,1
EMP0337,Team I,Operations,Ops Coordinator,EMP0243,Remote,2026-02-01,160.0,162.2,2.2,0.5,76,35,31.4,1,False,2022-12-31,,2.03,4468.5,1
EMP0389,Team A,Operations,Ops Analyst,EMP0006,HQ,2025-12-01,160.0,146.9,1.9,0.8,33,40,48.8,2,False,2025-05-01,,3.86,4792.0,1
EMP0288,Team I,Sales,SDR,EMP0471,,2026-06-01,160.0,152.1,9.5,0.0,39,150,86.8,0,False,2023-09-20,,3.89,4657.8,1
EMP0015,Team H,Engineering,Developer,EMP0457,HQ,2026-03-01,160.0,162.4,5.0,,16,0,82.7,5,False,2023-09-11,,3.64,9344.5,1
EMP0276,Team F,sales,SDR,EMP0077,Remote,2026-07-01,160.0,165.8,5.8,0.1,48,150,79.3,1,False,2022-12-15,,3.49,4886.0,1
EMP0410,Team H,Engineering,Developer,EMP0061,HQ,2025-11-01,160.0,157.0,2.2,0.4,11,0,86.4,0,False,2024-09-20,,4.04,8816.5,1
EMP0028,Team A,Sales,Account Executive,EMP0047,Remote,2025-11-01,160.0,162.6,2.6,4.9,14,2000,72.1,0,False,2024-12-15,,,6660.0,1
EMP0424,Team G,Sales,Account Executive,EMP0471,Remote,2026-08-01,160.0,160.6,2.1,0.8,13,2000,55.6,11,False,2025-03-25,,2.91,6550.0,1
EMP0050,Team J,Engineering,Developer,EMP0471,Branch-East,2025-11-01,160.0,160.5,0.5,0.8,17,0,72.8,0,False,2022-02-18,,,8868.75,1
EMP0030,Team J,Engineering,Data Engineer,EMP0420,Remote,2026-03-01,160.0,161.9,7.3,0.3,18,0,83.0,6,False,2023-02-25,,4.5,10371.0,1
EMP0399,Team G,Operations,Ops Analyst,EMP0061,HQ,2026-01-01,160.0,168.1,8.1,0.2,57,40,92.0,0,False,2025-12-09,,3.62,5768.0,1
EMP0286,Team J,Engineering,QA Engineer,EMP0162,Remote,2025-10-01,160.0,142.0,4.5,0.5,28,0,62.3,0,False,2021-12-01,,4.2,6247.5,1
EMP0161,Team E,Sales,Account Executive,EMP0277,Branch-West,2026-07-01,160.0,147.8,2.2,1.6,11,2000,90.0,0,False,2021-09-11,,3.54,6044.0,1
EMP0216,Team G,Engineering,DevOps Engineer,EMP0293,Remote,2025-10-01,160.0,156.8,10.8,2.8,19,0,94.9,0,False,2025-01-28,,3.14,10034.0,1
EMP0432,Team A,Operations,Ops Coordinator,EMP0453,Remote,2025-10-01,160.0,154.1,6.6,0.9,60,35,52.6,0,False,2024-03-12,,4.61,4428.0,1
EMP0250,Team A,Operations,Ops Analyst,EMP0225,HQ,2026-03-01,160.0,166.2,14.6,0.9,62,40,93.3,2,False,2022-08-19,,2.74,6019.2,1
EMP0010,Team I,Support,Support Lead,EMP0259,Branch-West,2026-01-01,160.0,167.3,8.6,0.8,92,60,64.1,2,False,2022-08-16,,3.18,6126.8,1
EMP0288,Team I,  Sales  ,SDR,EMP0471,Remote,2026-02-01,160.0,165.0,5.0,0.0,50,150,55.1,1,False,2023-09-20,,2.81,4830.0,1
EMP0269,Team D,Sales,SDR,EMP0100,,2026-06-01,160.0,160.7,0.7,2.0,33,150,80.3,7,False,2022-01-05,,3.69,4529.0,1
EMP0489,Team C,Marketing,Marketing Specialist,EMP0471,Remote,2026-07-01,160.0,162.9,2.9,,13,300,82.1,0,False,2024-06-30,,3.63,5519.25,1
EMP0386,Team H,Operations,Ops Coordinator,EMP0259,HQ,2025-12-01,160.0,151.3,23.5,4.8,52,35,85.0,0,False,2023-10-22,,2.68,5036.85,1
EMP0149,Team J,Engineering,QA Engineer,EMP0071,HQ,2026-03-01,160.0,165.6,5.6,0.8,30,0,87.0,1,False,2022-08-29,,,7308.0,1
EMP0311,Team F,Sales,Sales Manager,EMP0199,Remote,2026-03-01,160.0,151.3,0.1,2.0,10,2500,75.0,0,False,2024-06-28,,3.57,7875.4,1
EMP0347,Team B,Support,Support Agent,EMP0453,HQ,2026-08-01,160.0,153.9,0.3,0.8,108,50,89.1,0,False,2023-01-12,,2.82,3704.4,1
EMP0267,Team F,Support,Support Agent,EMP0185,Remote,2026-04-01,160.0,164.6,28.5,0.1,118,50,68.2,11,False,2025-11-23,,,4976.4,1
EMP0161,Team E,Sales,Account Executive,EMP0277,Branch-West,2026-05-01,160.0,172.7,12.7,0.1,18,2000,36.0,2,False,2021-09-11,,2.87,7670.0,1
EMP0185,Team B,Engineering,QA Engineer,EMP0450,HQ,2026-05-01,160.0,164.9,4.9,1.7,25,0,57.1,3,False,2025-08-09,,2.39,7234.5,1
EMP0469,Team J,Engineering,Data Engineer,EMP0185,Remote,2025-12-01,160.0,163.2,3.2,3.6,15,0,39.4,1,False,2022-07-22,,2.37,10080.0,1
EMP0365,Team I,Marketing,Content Creator,EMP0301,HQ,2026-01-01,160.0,160.1,2.6,0.7,20,150,81.7,1,False,2024-09-30,,4.44,4920.0,1
EMP0431,Team D,Engineering,QA Engineer,EMP0225,Remote,2026-05-01,160.0,148.9,10.0,3.3,26,0,94.2,1,False,2024-08-13,,3.44,6883.8,1
EMP0454,Team G,Marketing,Marketing Specialist,EMP0162,HQ,2026-04-01,160.0,159.5,5.4,4.4,14,300,60.0,0,False,2023-08-22,,3.75,5530.8,1
EMP0353,Team A,Support,Support Lead,EMP0470,Remote,2026-08-01,160.0,163.9,3.9,1.5,126,60,74.7,6,False,2023-08-26,,3.62,5771.5,1
EMP0388,Team J,Engineering,DevOps Engineer,EMP0392,Branch-East,2026-04-01,160.0,160.8,1.8,0.7,10,0,89.7,7,False,2025-10-09,,3.7,9483.0,1
EMP0170,Team B,Sales,Sales Manager,EMP0210,Remote,2026-03-01,160.0,152.7,5.5,0.3,10,2500,70.4,3,False,2025-03-25,,3.62,8369.4,1
EMP0160,Team C,Support,Support Agent,EMP0450,,2026-05-01,160.0,170.0,10.3,,101,50,89.8,0,False,2024-08-10,,1.99,4450.8,1
EMP0235,Team B,Engineering,DevOps Engineer,EMP0450,Remote,2026-03-01,160.0,155.5,16.1,2.5,21,0,86.0,2,False,2023-10-25,,4.31,10419.7,1
EMP0187,Team C,Operations,Ops Analyst,EMP0351,HQ,2026-08-01,160.0,161.7,1.7,4.5,65,40,56.7,3,False,2025-09-30,,,5256.0,1
EMP0260,Team C,Engineering,QA Engineer,EMP0187,HQ,2026-08-01,160.0,160.1,0.1,2.3,31,0,88.8,2,False,2025-12-23,,3.12,6730.5,1
EMP0429,Team I,Sales,Sales Manager,EMP0344,Branch-East,2026-07-01,160.0,147.1,6.0,1.1,9,2500,72.0,1,False,2022-08-12,,2.99,8117.2,1
EMP0339,Team H,Sales,Account Executive,EMP0035,HQ,2026-06-01,160.0,161.5,2.0,0.6,17,2000,90.2,0,False,2024-04-19,,4.19,6580.0,1
EMP0302,Team E,Sales,SDR,EMP0033,Remote,2026-08-01,160.0,161.1,1.2,0.2,42,150,32.1,0,False,2025-12-19,,2.77,4561.2,1
EMP0303,Team D,Sales,Sales Manager,EMP0351,Branch-West,2026-08-01,160.0,154.7,1.7,1.1,7,2500,81.4,0,False,2024-10-26,,2.89,8177.0,1
EMP0315,Team A,Operations,Ops Analyst,EMP0210,Remote,2026-03-01,160.0,157.7,1.7,0.0,63,40,96.4,0,False,2026-01-11,,4.65,5128.0,1
EMP0099,Team J,Engineering,Data Engineer,EMP0344,Branch-East,2026-04-01,160.0,146.6,0.8,,20,0,62.7,3,False,2025-06-21,,3.96,8868.0,1
EMP0070,Team J,Marketing,Content Creator,EMP0006,Branch-West,2025-09-01,160.0,168.7,8.7,1.3,19,150,81.4,2,False,2025-03-03,,2.79,5452.5,1
EMP0046,Team A,Support,Support Agent,EMP0162,HQ,2026-03-01,160.0,156.2,9.0,0.9,86,50,75.5,2,False,2025-11-19,,3.63,4072.8,1
EMP0172,Team G,Engineering,Developer,EMP0071,Branch-West,2026-05-01,160.0,162.5,4.5,3.2,12,0,94.8,2,False,2024-03-09,,3.55,9308.75,1
EMP0107,Team F,Sales,Sales Manager,EMP0420,Remote,2025-10-01,160.0,150.6,10.1,2.5,11,2500,71.2,0,False,2024-02-15,,3.82,8619.0,1
EMP0313,Team G,Engineering,DevOps Engineer,EMP0225,HQ,2025-10-01,160.0,149.2,6.8,1.6,14,0,79.2,0,True,2024-06-02,2025-11-02,1.44,9245.2,1
EMP0023,Team E,engineering,QA Engineer,EMP0147,Remote,2025-11-01,160.0,171.5,11.5,0.5,25,0,57.8,1,False,2023-07-21,,4.35,7927.5,1
EMP0310,Team B,Engineering,DevOps Engineer,EMP0147,Remote,2025-10-01,160.0,161.1,1.1,0.6,13,0,84.3,1,True,2024-12-09,2025-10-17,1.78,9439.5,1
EMP0297,Team F,Operations,Ops Coordinator,EMP0185,HQ,2026-01-01,160.0,170.1,10.1,0.1,69,35,66.7,2,False,2022-01-30,,2.44,5001.75,1
EMP0277,Team A,Operations,Ops Coordinator,EMP0480,HQ,2025-12-01,160.0,160.7,0.7,5.7,77,35,51.3,0,False,2024-02-14,,4.25,4367.25,1
EMP0413,Team I,Marketing,Content Creator,EMP0301,Branch-East,2026-06-01,160.0,151.1,3.2,0.5,21,150,64.1,0,False,2023-10-30,,2.48,4677.0,1
EMP0047,Team C,Sales,Account Executive,EMP0450,Remote,2026-05-01,160.0,160.9,0.9,5.6,14,2000,85.5,3,False,2023-12-23,,3.68,6490.0,1
EMP0140,Team I,Marketing,Marketing Specialist,EMP0482,HQ,2025-11-01,160.0,150.0,6.4,3.0,14,300,33.7,5,False,2025-07-21,,3.49,5266.8,1
EMP0188,Team E,Sales,Account Executive,EMP0420,Branch-East,2026-03-01,160.0,166.0,24.0,3.5,15,2000,79.6,2,False,2025-09-26,,3.79,8080.0,1
EMP0399,Team G,Operations,Ops Analyst,EMP0061,HQ,2025-12-01,160.0,156.4,4.4,1.6,53,40,59.5,1,False,2025-12-09,,4.24,5216.0,1
EMP0070,TEAM J,Marketing,Content Creator,EMP0006,Branch-West,2025-11-01,160.0,160.2,0.2,,13,150,89.1,1,False,2025-03-03,,3.82,4815.0,1
EMP0131,Team F,Sales,Account Executive,EMP0245,Remote,2026-04-01,160.0,157.1,19.9,,15,2000,80.5,4,False,2024-05-01,,4.1,7478.0,1
EMP0203,Team B,engineering,DevOps Engineer,EMP0280,Remote,2025-09-01,160.0,157.3,34.2,0.1,16,0,51.0,5,False,2025-08-16,,3.15,12098.8,1
EMP0230,Team G,Support,Support Lead,EMP0280,HQ,2025-11-01,160.0,162.0,2.0,0.3,100,60,67.2,0,False,2024-09-03,,3.42,5610.0,1
EMP0424,Team G,sales,Account Executive,EMP0471,Remote,2025-09-01,160.0,147.3,3.1,0.0,14,2000,85.2,4,False,2025-03-25,,3.08,6078.0,1
EMP0106,Team J,Engineering,Data Engineer,EMP0309,HQ,2026-06-01,160.0,149.2,21.0,0.2,17,0,88.1,0,False,2025-03-01,,3.87,10842.0,1
EMP0079,Team J,Sales,Account Executive,EMP0077,Branch-East,2026-07-01,160.0,157.7,12.8,0.7,12,2000,72.7,0,False,2023-01-21,,2.85,7076.0,1
EMP0315,Team A,Operations,Ops Analyst,EMP0210,Remote,2026-07-01,160.0,148.7,2.0,0.7,71,40,47.0,2,False,2026-01-11,,3.14,4854.4,1
EMP0209,team d,Engineering,Developer,EMP0422,HQ,2026-03-01,160.0,161.2,1.2,1.0,20,0,60.3,0,False,2026-01-08,,4.01,8965.0,1
EMP0229,Team C,Marketing,Marketing Specialist,EMP0449,HQ,2025-09-01,160.0,154.3,3.6,0.1,15,300,76.0,0,False,2024-07-13,,3.18,5270.1,1
EMP0371,Team H,Engineering,QA Engineer,EMP0225,Branch-East,2025-12-01,160.0,163.4,3.4,1.3,26,0,83.2,0,False,2024-02-11,,3.98,7077.0,1
EMP0072,  Team G  ,Engineering,Developer,EMP0218,HQ,2025-10-01,160.0,158.3,2.1,0.8,10,0,89.6,1,True,2025-02-03,2026-05-29,3.49,8879.75,1
EMP0308,Team B,Sales,Sales Manager,EMP0177,HQ,2026-03-01,160.0,165.9,5.9,0.2,12,2500,85.2,0,False,2025-11-07,,3.77,9087.0,1
EMP0043,Team A,Engineering,QA Engineer,EMP0434,Remote,2025-12-01,160.0,161.6,1.6,0.5,11,0,86.6,0,False,2025-12-09,,3.67,6888.0,1
EMP0207,Team F,Engineering,DevOps Engineer,EMP0167,Remote,2026-08-01,160.0,154.4,0.6,1.4,12,0,79.4,4,False,2025-05-18,,,9007.4,1
EMP0082,Team A,Support,Support Lead,EMP0251,Remote,2026-08-01,160.0,160.1,11.9,2.8,75,60,73.4,4,False,2022-02-09,,4.19,6050.3,1
EMP0288,Team I,Sales,SDR,EMP0471,Remote,2025-10-01,160.0,165.0,6.9,1.2,54,150,94.2,2,False,2023-09-20,,3.68,4909.8,1
EMP0105,Team F,Marketing,Marketing Specialist,EMP0303,HQ,2026-07-01,160.0,140.5,6.2,0.2,16,300,72.6,0,False,2022-11-12,,4.06,4943.4,1
EMP0195,Team I,Sales,Account Executive,EMP0453,HQ,2025-11-01,160.0,140.4,2.7,1.4,11,2000,64.9,2,False,2025-07-05,,3.28,5778.0,1
EMP0316,Team J,Support,Support Lead,EMP0100,HQ,2026-08-01,160.0,160.2,4.2,1.7,116,60,71.2,0,False,2025-11-19,,2.97,5661.0,1
EMP0334,Team G,Engineering,DevOps Engineer,EMP0450,Branch-East,2026-04-01,160.0,167.0,30.7,3.9,17,0,89.6,6,False,2023-08-04,,3.8,12356.9,1
EMP0126,Team I,Sales,Sales Manager,EMP0077,Remote,2026-04-01,160.0,160.3,0.3,2.7,9,2500,90.9,2,False,2024-08-28,,4.64,8359.0,1
EMP0432,Team A,Operations,Ops Coordinator,EMP0453,Remote,2025-11-01,160.0,171.7,12.1,2.9,81,35,67.9,0,False,2024-03-12,,4.25,5125.95,1
EMP0015,Team H,Engineering,Developer,EMP0457,HQ,2026-01-01,160.0,177.6,21.7,0.0,19,0,88.4,0,False,2023-09-11,,3.56,11558.25,1
EMP0406,Team G,Marketing,Content Creator,EMP0438,HQ,2025-12-01,160.0,158.7,0.7,0.2,18,150,55.4,4,False,2022-05-03,,4.22,4792.5,1
EMP0135,Team C,Marketing,Content Creator,EMP0471,HQ,2026-05-01,160.0,146.2,8.8,2.8,22,150,81.3,1,False,2021-10-07,,3.61,4782.0,1
EMP0443,Team F,Sales,Account Executive,EMP0480,,2026-04-01,160.0,148.5,1.9,1.2,14,2000,98.0,2,False,2021-12-08,,,6054.0,1
EMP0123,Team C,Sales,SDR,EMP0344,Branch-West,2026-05-01,160.0,166.0,6.0,0.0,55,150,75.1,3,False,2025-05-24,,4.03,4900.0,1
EMP0468,Team A,Marketing,Marketing Specialist,EMP0259,HQ,2025-12-01,160.0,160.6,0.6,0.1,8,300,47.9,0,False,2021-09-19,,,5329.5,1
EMP0094,Team E,Sales,Sales Manager,EMP0480,Branch-East,2026-03-01,160.0,166.3,6.3,3.9,11,2500,92.3,0,False,2022-10-05,,3.97,9139.0,1
EMP0374,Team H,Support,Support Agent,EMP0344,Branch-West,2026-06-01,160.0,151.1,19.5,0.5,103,50,85.4,0,False,2022-05-23,,3.76,4328.4,1
EMP0101,Team A,Engineering,QA Engineer,EMP0457,Branch-East,2026-01-01,160.0,160.3,0.3,3.6,24,0,65.2,2,False,2021-09-29,,3.66,6751.5,1
EMP0002,Team D,Marketing,Marketing Specialist,EMP0344,Remote,2025-10-01,160.0,159.6,4.3,0.4,13,300,84.2,1,False,2022-03-21,,3.07,5479.65,1
EMP0009,Team C,Support,Support Lead,EMP0061,Branch-West,2026-05-01,160.0,154.4,6.6,0.8,75,60,65.0,1,False,2025-06-23,,2.76,5586.2,1
EMP0462,Team D,Support,Support Agent,EMP0296,,2026-06-01,160.0,166.4,13.0,0.8,121,50,89.3,3,False,2025-11-23,,3.33,4461.6,1
EMP0157,Team G,Support,Support Lead,EMP0035,Branch-East,2026-01-01,160.0,169.9,9.9,0.9,82,60,,0,False,2024-11-27,,3.98,6281.5,1
EMP0385,Team B,Operations,Ops Analyst,EMP0217,HQ,2026-01-01,160.0,168.6,8.6,0.6,67,40,73.0,4,False,2022-05-10,,4.79,5808.0,1
EMP0381,Team B,Engineering,Developer,EMP0259,Remote,2026-06-01,160.0,160.7,0.7,0.4,22,0,64.0,0,False,2025-04-07,,3.99,8896.25,1
EMP0368,Team D,Marketing,Content Creator,EMP0449,HQ,2026-01-01,160.0,163.0,3.0,,22,150,94.3,1,False,2025-05-23,,3.02,5025.0,1
EMP0259,Team F,Sales,SDR,EMP0147,Remote,2026-03-01,160.0,155.7,1.5,2.3,34,150,87.8,2,False,2024-09-25,,3.02,4422.6,1
EMP0249,Team I,marketing,Content Creator,EMP0035,Remote,2025-11-01,160.0,159.8,28.1,2.8,23,150,86.9,1,False,2023-06-24,,3.69,6058.5,1
EMP0141,Team B,Marketing,Marketing Specialist,EMP0318,Remote,2026-04-01,160.0,156.7,5.3,0.8,14,300,,3,False,2025-10-26,,,5433.45,1
EMP0145,Team E,Engineering,QA Engineer,EMP0453,Branch-East,2026-08-01,160.0,144.7,12.0,,29,0,75.5,2,False,2024-09-23,,4.58,6833.4,1
EMP0040,Team D,Sales,SDR,EMP0006,HQ,2025-11-01,160.0,167.9,9.5,0.3,41,150,97.4,1,False,2022-09-05,,2.78,5100.2,1
EMP0111,Team I,Engineering,Developer,EMP0293,HQ,2025-12-01,160.0,163.5,3.5,0.9,13,0,90.7,2,False,2023-08-02,,4.38,9281.25,1
EMP0111,  Team I  ,Engineering,Developer,EMP0293,HQ,2026-02-01,160.0,160.1,0.1,0.1,21,0,66.2,3,False,2023-08-02,,2.37,8813.75,1
EMP0038,Team J,Engineering,DevOps Engineer,EMP0199,Branch-West,2025-10-01,160.0,153.6,0.1,0.2,13,0,59.0,2,False,2023-04-29,,4.6,8917.5,1
EMP0242,Team H,Marketing,Marketing Specialist,EMP0167,HQ,2026-02-01,160.0,153.4,1.9,1.0,13,300,80.8,0,False,2024-05-23,,4.51,5156.25,1
EMP0204,Team G,Marketing,Content Creator,EMP0035,Remote,2026-04-01,160.0,150.1,9.8,0.5,18,150,56.9,0,False,2023-12-04,,3.46,4944.0,1
EMP0138,Team F,Support,Support Lead,EMP0245,Remote,2025-12-01,160.0,161.4,1.4,1.0,91,60,52.0,1,False,2024-02-26,,4.62,5559.0,1
EMP0151,Team J,Marketing,Marketing Specialist,EMP0245,Remote,2025-11-01,160.0,163.2,8.7,5.5,15,300,83.1,1,False,2024-07-08,,4.04,5816.25,1
EMP0078,Team B,Engineering,DevOps Engineer,EMP0293,Remote,2026-06-01,160.0,164.6,4.6,5.7,16,0,90.0,0,False,2025-09-04,,4.74,9947.0,1
EMP0305,Team G,Support,Support Lead,EMP0376,Remote,2025-12-01,160.0,155.3,3.5,4.2,86,60,87.4,5,False,2022-09-18,,3.59,5458.7,1
EMP0196,Team B,Sales,Sales Manager,EMP0245,HQ,2025-10-01,160.0,161.5,1.5,5.6,13,2500,95.7,1,False,2024-03-06,,4.0,8515.0,1
EMP0153,Team J,Engineering,Developer,EMP0457,Remote,2026-08-01,160.0,160.9,0.9,0.8,18,0,86.8,2,False,2025-06-07,,4.69,8923.75,1
EMP0229,Team C,Marketing,Marketing Specialist,EMP0449,HQ,2026-05-01,160.0,150.6,6.4,6.4,15,300,52.3,1,False,2024-07-13,,,5286.6,1
EMP0371,Team H,Engineering,QA Engineer,EMP0225,Branch-East,2025-10-01,160.0,156.6,0.9,1.4,30,0,76.7,1,False,2024-02-11,,3.5,6633.9,1
EMP0119,Team I,Marketing,Content Creator,EMP0218,Remote,2026-01-01,160.0,164.9,4.9,2.9,21,150,92.8,0,False,2023-05-10,,2.77,5167.5,1
EMP0420,Team D,Operations,Ops Analyst,EMP0193,Remote,2026-05-01,160.0,161.1,1.1,3.6,60,40,43.1,0,False,2025-05-29,,4.81,5208.0,1
EMP0174,Team B,Engineering,Developer,EMP0185,Branch-West,2026-01-01,160.0,151.5,2.4,5.5,13,0,82.3,2,False,2024-12-21,,2.24,8530.5,1
EMP0200,Team F,Operations,Ops Analyst,EMP0392,HQ,2025-10-01,160.0,153.0,7.0,0.5,65,40,63.8,0,True,2023-11-30,2025-10-11,2.81,5232.0,1
EMP0047,Team C,Sales,Account Executive,EMP0450,Remote,2026-02-01,160.0,142.1,6.1,1.3,18,2000,78.0,6,False,2023-12-23,,3.63,6050.0,1
EMP0151,Team J,Marketing,Marketing Specialist,EMP0245,Remote,2025-09-01,160.0,165.7,5.7,0.8,10,300,89.3,0,False,2024-07-08,,3.71,5750.25,1
EMP0054,Team H,Marketing,Marketing Specialist,EMP0476,HQ,2026-04-01,160.0,148.5,8.4,3.3,13,300,79.8,4,True,2023-10-07,2026-05-02,1.73,5316.3,1
EMP0215,Team I,Support,Support Agent,EMP0193,Branch-East,2026-07-01,160.0,163.0,3.0,0.9,112,50,71.8,4,False,2022-11-10,,3.01,4020.0,1
EMP0013,Team H,Operations,Ops Coordinator,EMP0277,HQ,2026-01-01,160.0,153.2,5.0,0.3,76,35,76.9,0,False,2021-11-20,,3.67,4338.9,1
EMP0376,Team E,Sales,SDR,EMP0193,Branch-West,2026-06-01,160.0,167.2,8.7,1.8,35,150,78.2,4,True,2022-03-01,2026-06-17,1.27,5047.0,1
EMP0180,Team G,Engineering,QA Engineer,EMP0199,Branch-West,2025-12-01,160.0,149.7,4.9,4.2,16,0,83.4,5,False,2024-11-03,,4.23,6596.1,1
EMP0375,Team A,Engineering,Data Engineer,EMP0187,Branch-East,2025-12-01,160.0,169.6,12.3,1.0,13,0,83.6,5,False,2024-12-29,,2.82,11283.0,1
EMP0491,Team B,Sales,Sales Manager,EMP0193,,2025-12-01,160.0,156.9,0.6,3.3,8,2500,53.8,1,False,2023-07-23,,3.94,8205.6,1
EMP0257,Team A,Marketing,Marketing Specialist,EMP0476,Remote,2026-04-01,160.0,160.1,0.1,2.3,11,300,78.5,1,False,2025-05-28,,4.89,5288.25,1
EMP0492,Team B,Support,Support Lead,EMP0162,Remote,2026-05-01,160.0,160.9,0.9,0.4,87,60,73.4,0,False,2022-05-06,,3.35,5516.5,1
EMP0475,Team C,Sales,Account Executive,EMP0457,HQ,2025-10-01,160.0,167.4,7.4,0.2,17,2000,87.2,2,False,2024-06-18,,3.23,7140.0,1
EMP0432,Team A,Operations,Ops Coordinator,EMP0453,Remote,2026-07-01,160.0,149.2,5.2,0.2,67,35,69.6,2,False,2024-03-12,,3.77,4239.0,1
EMP0029,Team I,Sales,Sales Manager,EMP0047,HQ,2025-11-01,160.0,162.6,2.6,,11,2500,90.3,0,True,2024-10-22,2026-02-25,3.5,8658.0,1
EMP0454,Team G,Marketing,Marketing Specialist,EMP0162,HQ,2026-07-01,160.0,136.8,0.5,0.2,15,300,62.3,0,False,2023-08-22,,4.29,4539.15,1
EMP0378,Team D,Engineering,Developer,EMP0177,Remote,2026-05-01,160.0,160.7,0.7,1.3,20,0,81.4,3,False,2023-07-16,,2.49,8896.25,1
EMP0201,Team A,Support,Support Agent,EMP0303,Branch-East,2025-09-01,160.0,160.5,0.5,3.7,93,50,79.0,1,False,2024-07-09,,2.99,3870.0,1
EMP0487,team h,Engineering,QA Engineer,EMP0355,Remote,2025-09-01,160.0,160.5,1.1,0.3,29,0,90.2,1,True,2022-10-01,2026-07-11,,6810.3,1
EMP0453,Team H,Sales,SDR,EMP0193,Remote,2026-03-01,160.0,160.5,3.2,2.8,40,150,95.0,0,False,2024-07-05,,4.62,4628.4,1
EMP0400,Team A,Operations,Ops Coordinator,EMP0434,HQ,2026-02-01,160.0,149.0,0.9,0.1,80,35,85.5,5,False,2022-01-07,,3.2,4059.45,1
EMP0470,Team F,Marketing,Marketing Specialist,EMP0450,Branch-West,2025-10-01,160.0,161.2,13.6,0.1,15,300,,0,False,2022-02-18,,4.42,5992.8,1
EMP0351,Team F,Sales,Sales Manager,,Branch-West,2026-08-01,160.0,166.3,7.7,2.7,9,2500,80.6,1,False,2022-07-22,,3.88,9248.2,1
EMP0189,Team I,Sales,SDR,EMP0218,HQ,2026-05-01,160.0,158.3,6.3,2.7,49,150,84.0,0,False,2021-12-23,,3.59,4697.0,1
EMP0272,Team J,Operations,Ops Analyst,EMP0167,HQ,2026-06-01,160.0,161.0,1.0,0.4,61,40,86.4,2,False,2025-10-20,,2.25,5200.0,1
EMP0490,Team I,Marketing,Marketing Specialist,EMP0199,Remote,2026-03-01,160.0,153.3,7.6,0.4,16,300,51.0,0,False,2024-07-08,,,5435.1,1
EMP0474,Team F,marketing,Marketing Specialist,EMP0035,HQ,2026-01-01,160.0,149.8,1.0,0.8,10,300,89.4,0,False,2024-08-21,,4.62,4992.9,1
EMP0402,Team H,Marketing,Marketing Specialist,EMP0085,Branch-West,2026-08-01,160.0,156.0,6.9,1.8,14,300,72.8,6,False,2022-02-23,,3.38,5489.55,1
EMP0359,Team B,Marketing,Marketing Specialist,EMP0210,HQ,2026-05-01,160.0,143.5,24.5,1.1,13,300,86.5,1,False,2023-12-04,,3.6,5948.25,1
EMP0042,Team D,Sales,Account Executive,EMP0187,Remote,2026-05-01,160.0,159.3,4.7,0.0,16,2000,88.2,2,False,2025-05-18,,4.23,6654.0,1
EMP0215,Team I,Support,Support Agent,EMP0193,Branch-East,2025-09-01,160.0,157.2,4.1,0.6,119,50,82.2,6,False,2022-11-10,,3.57,3920.4,1
EMP0043,Team A,Engineering,QA Engineer,EMP0434,Remote,2026-03-01,160.0,158.0,7.6,1.5,27,0,99.1,3,False,2025-12-09,,3.97,7114.8,1
EMP0011,Team B,Engineering,Developer,EMP0217,Remote,2025-11-01,160.0,162.1,5.4,0.8,16,0,86.2,1,False,2025-08-31,,4.11,9361.0,1
EMP0375,Team A,Engineering,Data Engineer,EMP0187,Branch-East,2026-03-01,160.0,161.4,1.4,0.3,16,0,54.3,1,False,2024-12-29,,3.93,9810.0,1
EMP0435,Team A,Engineering,QA Engineer,EMP0277,HQ,2025-11-01,160.0,158.1,11.8,1.2,29,0,74.5,1,False,2025-06-23,,3.56,7383.6,1
EMP0137,Team C,Sales,Sales Manager,EMP0193,Branch-West,2025-12-01,160.0,167.5,10.3,0.2,7,2500,67.2,2,False,2022-03-30,,3.38,9513.4,1
EMP0119,Team I,Marketing,Content Creator,EMP0218,Remote,2026-01-01,160.0,164.9,4.9,2.9,21,150,92.8,0,False,2023-05-10,,2.77,5167.5,1
EMP0179,Team B,Marketing,Marketing Specialist,EMP0449,Branch-West,2026-07-01,160.0,150.7,3.9,0.6,14,300,87.4,1,False,2023-03-01,,4.43,5166.15,1
EMP0266,Team I,Operations,Ops Coordinator,EMP0033,HQ,2025-12-01,160.0,158.3,3.1,5.5,49,35,81.1,0,False,2024-05-19,,3.37,4399.65,1
EMP0263,Team D,Engineering,Developer,EMP0450,Remote,2026-02-01,160.0,147.4,0.6,2.9,14,0,84.0,2,False,2022-07-26,,,8156.5,1
EMP0497,Team A,Sales,Account Executive,EMP0351,Remote,2026-07-01,160.0,163.8,3.8,2.2,14,2000,66.1,0,False,2025-09-17,,2.89,6780.0,1
EMP0223,Team B,Engineering,QA Engineer,EMP0071,HQ,2026-03-01,160.0,143.4,2.6,0.2,23,0,71.5,0,False,2022-12-17,,,6186.6,1
EMP0409,Team D,Marketing,Marketing Specialist,EMP0320,Branch-East,2025-12-01,160.0,149.7,0.6,1.5,10,300,75.1,3,False,2023-07-23,,4.32,4969.8,1
EMP0451,Team A,Operations,Ops Analyst,EMP0100,Remote,2026-01-01,160.0,162.6,2.6,0.6,87,40,76.9,0,False,2023-05-13,,3.0,5328.0,1
EMP0237,Team J,Engineering,DevOps Engineer,EMP0077,HQ,2026-07-01,160.0,140.5,10.5,0.1,9,0,64.7,1,False,2021-10-17,,3.8,9062.5,1
EMP0135,Team C,Marketing,Content Creator,EMP0471,HQ,2025-10-01,160.0,163.6,16.9,3.2,20,150,77.6,0,False,2021-10-07,,3.24,5668.5,1
EMP0198,Team C,Marketing,Content Creator,EMP0162,Remote,2025-10-01,160.0,150.2,0.5,0.3,20,150,64.8,1,False,2024-12-29,,3.84,4528.5,1
EMP0063,Team F,Operations,Ops Analyst,EMP0470,Remote,2026-06-01,160.0,153.7,12.7,,50,40,72.1,0,False,2026-02-18,,2.51,5528.0,1
EMP0444,Team G,Sales,Sales Manager,EMP0199,HQ,2026-01-01,160.0,163.6,3.6,6.4,10,2500,72.2,2,False,2023-01-09,,3.04,8788.0,1
EMP0239,Team C,Support,Support Agent,EMP0296,Remote,2026-07-01,160.0,161.7,1.7,0.4,93,50,63.1,0,False,2023-05-19,,4.25,3942.0,1
EMP0465,Team A,Marketing,Content Creator,EMP0376,Remote,2026-06-01,160.0,167.5,14.2,1.3,15,150,91.1,3,False,2025-04-17,,4.03,5664.0,1
EMP0270,TEAM H,Engineering,DevOps Engineer,EMP0392,Remote,2026-05-01,160.0,160.0,2.9,1.4,17,0,74.7,3,False,2022-08-13,,3.19,9532.3,1
EMP0139,Team H,Sales,Sales Manager,EMP0033,HQ,2026-03-01,160.0,165.1,9.5,3.1,11,2500,59.3,2,False,2025-03-14,,3.5,9326.2,1
EMP0365,Team I,Marketing,Content Creator,EMP0301,HQ,2025-09-01,160.0,162.4,6.7,1.5,18,150,48.8,2,False,2024-09-30,,3.36,5173.5,1
EMP0059,Team D,Engineering,Developer,EMP0482,Branch-East,2026-08-01,160.0,140.3,1.9,0.2,22,0,64.6,0,False,2025-12-18,,,7873.25,1
EMP0069,Team F,Engineering,QA Engineer,EMP0218,Branch-East,2026-04-01,160.0,161.0,1.0,0.2,24,0,45.1,2,False,2024-09-25,,2.76,6825.0,1
EMP0161,Team E,Sales,Account Executive,EMP0277,Branch-West,2026-04-01,160.0,158.6,4.7,0.4,13,2000,,0,False,2021-09-11,,2.65,6626.0,1
EMP0182,Team H,Engineering,Developer,EMP0217,Branch-East,2026-04-01,160.0,160.3,0.3,4.4,20,0,88.7,1,False,2025-08-26,,3.24,8841.25,1
EMP0053,Team B,Marketing,Marketing Specialist,EMP0100,,2026-08-01,160.0,151.6,10.8,4.9,14,300,98.3,1,False,2022-09-20,,4.03,5537.4,1
EMP0370,Team E,Engineering,DevOps Engineer,EMP0259,HQ,2026-06-01,160.0,162.9,2.9,0.3,14,0,,0,False,2025-12-26,,,9700.5,1
EMP0482,Team H,Support,Support Lead,EMP0450,Remote,2026-03-01,160.0,157.0,3.6,1.8,116,60,91.7,0,False,2024-06-22,,3.15,5521.6,1
EMP0143,Team G,Sales,SDR,EMP0047,HQ,2025-09-01,160.0,158.2,1.2,1.1,41,150,54.7,0,False,2022-05-23,,3.94,4480.0,1
EMP0122,Team H,Marketing,Content Creator,EMP0471,Branch-West,2025-10-01,160.0,163.2,4.3,,22,150,92.9,7,False,2022-09-10,,3.12,5089.5,1
EMP0221,Team D,Support,Support Agent,EMP0420,HQ,2026-08-01,160.0,163.6,3.6,0.5,125,50,98.5,3,False,2022-04-21,,3.46,4056.0,1
EMP0042,Team D,Sales,Account Executive,EMP0187,Remote,2025-09-01,160.0,156.2,6.7,7.2,14,2000,58.0,1,False,2025-05-18,,3.92,6650.0,1
EMP0120,Team C,Sales,SDR,EMP0303,Branch-East,2026-02-01,160.0,152.9,4.0,1.9,41,150,81.3,2,False,2025-11-04,,2.73,4449.2,1
EMP0125,Team G,Engineering,QA Engineer,EMP0033,,2026-06-01,160.0,142.9,0.8,4.0,33,0,72.1,2,False,2022-05-04,,5.0,6052.2,1
EMP0261,Team B,Support,Support Lead,EMP0480,HQ,2026-01-01,160.0,155.1,0.2,0.8,96,60,73.6,1,False,2023-09-20,,3.34,5283.6,1
EMP0323,Team C,Support,Support Agent,EMP0071,Remote,2025-12-01,160.0,163.5,6.6,2.3,134,50,65.1,0,False,2023-12-31,,3.8,4161.6,1
EMP0483,Team J,Sales,Account Executive,EMP0392,HQ,2026-03-01,160.0,160.8,0.8,0.9,16,2000,57.5,0,True,2024-12-03,2026-07-15,4.03,6480.0,1
EMP0044,Team E,Marketing,Marketing Specialist,EMP0035,Remote,2026-01-01,160.0,160.9,0.9,2.6,14,300,77.5,6,False,2023-11-14,,3.11,5354.25,1
EMP0445,Team G,Operations,Ops Analyst,EMP0309,Remote,2025-12-01,160.0,165.8,24.0,0.6,47,40,74.9,2,False,2025-03-25,,4.2,6457.6,1
EMP0488,Team I,Engineering,QA Engineer,EMP0480,HQ,2025-09-01,160.0,146.4,0.6,3.0,22,0,77.2,0,False,2023-12-14,,2.95,6186.6,1
EMP0029,Team I,Sales,Sales Manager,EMP0047,HQ,2026-02-01,160.0,148.9,3.3,0.2,12,2500,79.1,2,True,2024-10-22,2026-02-25,2.29,8000.2,1
EMP0367,Team I,Marketing,Content Creator,EMP0061,Remote,2025-12-01,160.0,165.2,5.2,0.4,22,150,98.6,0,False,2021-09-10,,,5190.0,1
EMP0081,Team H,Marketing,Content Creator,EMP0333,Remote,2026-07-01,160.0,165.0,5.0,,21,150,86.1,0,False,2023-12-26,,4.08,5175.0,1
EMP0025,Team B,Sales,SDR,EMP0077,Remote,2025-10-01,160.0,162.0,2.0,2.5,49,150,91.3,1,False,2021-10-07,,3.75,4620.0,1
EMP0285,Team C,Sales,Account Executive,EMP0035,HQ,2025-11-01,160.0,167.1,7.1,3.8,17,2000,42.6,3,False,2024-09-15,,3.71,7110.0,1
EMP0437,Team B,ENGINEERING,DevOps Engineer,EMP0035,Remote,2025-12-01,160.0,161.2,3.0,0.2,13,0,92.9,2,False,2024-12-13,,3.35,9610.6,1
EMP0035,Team H,Marketing,Content Creator,EMP0351,Remote,2026-08-01,160.0,161.1,1.1,0.6,22,150,73.9,0,False,2022-07-26,,2.43,4882.5,1
EMP0133,Team E,Engineering,Developer,EMP0147,HQ,2025-12-01,160.0,154.3,4.1,0.3,17,0,80.6,4,False,2025-01-07,,3.0,8824.75,1
EMP0035,Team H,Marketing,Content Creator,EMP0351,Remote,2026-04-01,160.0,159.4,4.2,0.2,18,150,88.0,0,False,2022-07-26,,3.67,4971.0,1
EMP0166,team i,OPERATIONS,Ops Coordinator,EMP0035,Branch-West,2025-10-01,160.0,163.6,3.6,1.6,74,35,81.3,0,False,2024-10-04,,3.55,4563.0,1
EMP0237,Team J,Engineering,DevOps Engineer,EMP0077,HQ,2026-05-01,160.0,159.6,4.7,0.1,15,0,84.2,4,False,2021-10-17,,3.83,9665.7,1
EMP0106,Team J,Engineering,Data Engineer,EMP0309,HQ,2025-12-01,160.0,165.1,5.1,1.6,10,0,79.6,0,False,2025-03-01,,3.77,10365.0,1
EMP0009,Team C,Support,Support Lead,EMP0061,Branch-West,2026-02-01,160.0,160.7,0.7,0.3,72,60,84.5,1,False,2025-06-23,,3.15,5499.5,1
EMP0323,  Team C  ,Support,Support Agent,EMP0071,Remote,2026-07-01,160.0,143.4,11.0,1.2,120,50,81.6,5,False,2023-12-31,,3.32,3837.6,1
EMP0055,Team G,Sales,Sales Manager,EMP0392,Branch-East,2026-03-01,160.0,148.6,2.9,1.0,11,2500,61.3,0,False,2025-10-15,,4.14,7953.4,1
EMP0463,Team F,Operations,Ops Analyst,EMP0453,HQ,2025-10-01,160.0,155.3,13.6,0.7,65,40,88.2,5,False,2025-07-16,,3.44,5622.4,1
EMP0379,Team D,Operations,Ops Analyst,EMP0471,Remote,2025-11-01,160.0,161.4,1.4,3.4,67,40,94.9,0,False,2025-03-21,,2.96,5232.0,1
EMP0448,Team G,Operations,Ops Analyst,EMP0167,HQ,2026-02-01,160.0,169.1,13.8,0.1,64,40,94.3,2,False,2024-02-09,,3.37,6073.6,1
EMP0003,Team A,Operations,Ops Analyst,EMP0225,Remote,2026-02-01,160.0,160.8,0.8,0.4,64,40,71.3,0,False,2023-03-15,,,5184.0,1
EMP0190,Team D,Engineering,QA Engineer,EMP0259,Remote,2025-10-01,160.0,156.6,6.0,3.0,26,0,80.8,1,False,2022-09-18,,4.08,6955.2,1
EMP0412,Team G,Marketing,Content Creator,EMP0303,Branch-East,2026-03-01,160.0,148.0,3.3,1.5,22,150,,0,True,2025-02-28,2026-06-23,3.03,4588.5,1
EMP0442,Team A,Marketing,Marketing Specialist,EMP0280,Branch-East,2025-11-01,160.0,165.2,5.2,4.2,11,300,56.0,2,False,2022-02-19,,3.81,5709.0,1
EMP0402,Team H,Marketing,Marketing Specialist,EMP0085,Branch-West,2026-06-01,160.0,163.3,11.8,1.3,14,300,86.8,0,False,2022-02-23,,3.5,5973.0,1
EMP0498,Team J,Engineering,Developer,EMP0449,Branch-West,2025-11-01,160.0,161.1,1.1,0.3,13,0,78.5,4,False,2024-06-20,,3.55,8951.25,1
EMP0121,Team C,Operations,Ops Coordinator,EMP0047,Remote,2026-04-01,160.0,135.3,12.9,1.8,46,35,50.4,8,False,2026-02-03,,3.0,4175.55,1
EMP0481,Team D,Support,Support Lead,EMP0476,HQ,2026-01-01,160.0,167.8,9.0,0.4,144,60,33.5,0,False,2022-01-26,,3.14,6164.2,1
EMP0320,Team C,Engineering,Data Engineer,EMP0193,Remote,2026-06-01,160.0,160.5,0.5,3.2,23,0,77.2,0,False,2025-04-08,,3.24,9675.0,1
EMP0383,Team I,Support,Support Agent,EMP0457,Remote,2025-10-01,160.0,160.7,1.4,2.2,102,50,92.6,4,False,2021-09-07,,3.69,3907.2,1
EMP0191,Team E,Engineering,QA Engineer,EMP0147,Remote,2025-12-01,160.0,160.9,11.1,0.8,23,0,90.2,0,False,2023-11-14,,2.55,7457.1,1
EMP0177,Team A,Support,Support Agent,EMP0351,HQ,2026-06-01,160.0,143.6,1.9,1.3,117,50,91.5,1,False,2023-11-30,,2.83,3514.8,1
EMP0152,Team F,Engineering,QA Engineer,EMP0100,HQ,2025-09-01,160.0,170.8,10.8,1.5,24,0,73.2,11,False,2024-12-13,,4.09,7854.0,1
EMP0336,Team I,Engineering,Data Engineer,EMP0376,HQ,2025-12-01,160.0,162.5,2.5,2.8,17,0,68.7,0,True,2023-09-19,2026-04-13,3.32,9975.0,1
EMP0118,Team F,Engineering,QA Engineer,EMP0392,,2025-10-01,160.0,147.0,1.3,1.4,29,0,95.6,3,False,2023-06-17,,2.77,6255.9,1
EMP0025,Team B,Sales,SDR,EMP0077,Remote,2025-12-01,160.0,151.8,1.2,0.2,22,150,79.1,3,False,2021-10-07,,3.91,4300.8,1
EMP0293,Team J,Operations,Ops Analyst,EMP0193,Remote,2025-09-01,160.0,147.1,0.1,0.2,57,40,85.4,1,False,2025-03-19,,3.52,4712.0,1
EMP0082,Team A,Support,Support Lead,EMP0251,Remote,2026-02-01,160.0,159.6,2.4,1.3,81,60,68.2,0,False,2022-02-09,,2.94,5548.8,1
EMP0466,Team F,Sales,SDR,EMP0422,Remote,2025-09-01,160.0,167.3,9.5,0.1,41,150,87.0,0,False,2025-03-16,,4.75,5083.4,1
EMP0438,Team C,Operations,Ops Analyst,EMP0147,HQ,2025-12-01,160.0,160.3,0.3,7.2,18,40,93.7,2,False,2022-07-07,,3.86,5144.0,1
EMP0328,Team F,Support,Support Lead,EMP0167,Branch-East,2026-02-01,160.0,162.1,2.1,0.6,104,60,79.1,0,False,2024-09-18,,3.63,5618.5,1
EMP0420,Team D,Operations,Ops Analyst,EMP0193,Remote,2026-01-01,160.0,155.2,6.8,1.2,52,40,85.4,1,False,2025-05-29,,3.71,5292.8,1
EMP0371,Team H,Engineering,QA Engineer,EMP0225,Branch-East,2026-03-01,160.0,152.8,12.9,2.3,24,0,84.2,1,False,2024-02-11,,3.78,7230.3,1
EMP0092,team j,Support,Support Lead,EMP0333,Remote,2026-08-01,160.0,164.0,4.0,0.7,98,60,91.5,0,False,2023-04-05,,3.71,5780.0,1
EMP0130,Team G,Sales,SDR,EMP0351,HQ,2026-04-01,160.0,158.7,3.4,7.2,41,150,58.7,1,False,2025-04-15,,4.5,4586.4,1
EMP0471,Team D,ENGINEERING,QA Engineer,EMP0147,Branch-East,2025-11-01,160.0,145.7,2.3,1.7,32,0,68.5,5,False,2024-07-01,,,6264.3,1
EMP0032,Team A,Engineering,QA Engineer,EMP0351,Branch-West,2026-01-01,160.0,153.5,2.0,0.1,17,0,63.5,1,False,2024-01-28,,4.05,6573.0,1
EMP0437,Team B,Engineering,DevOps Engineer,EMP0035,,2025-10-01,160.0,162.2,2.2,0.7,12,0,86.9,1,False,2024-12-13,,3.98,9599.0,1
EMP0249,Team I,Marketing,Content Creator,EMP0035,Remote,2026-04-01,160.0,150.3,2.8,1.0,21,150,50.0,0,False,2023-06-24,,3.46,4635.0,1
EMP0390,Team D,Operations,Ops Coordinator,EMP0355,Branch-West,2026-08-01,160.0,146.1,1.6,2.7,62,35,52.5,2,False,2023-02-12,,3.76,4009.5,1
EMP0428,Team I,Marketing,Content Creator,EMP0102,HQ,2026-02-01,160.0,162.7,2.7,4.7,23,150,80.0,2,False,2024-10-09,,4.2,5002.5,1
EMP0406,Team G,Marketing,Content Creator,EMP0438,HQ,2026-01-01,160.0,151.8,3.0,0.7,17,150,77.1,5,False,2022-05-03,,4.61,4689.0,1
EMP0323,Team C,Support,Support Agent,EMP0071,Remote,2026-08-01,160.0,136.2,2.9,,114,50,37.3,0,False,2023-12-31,,2.27,3373.2,1
EMP0007,Team E,Engineering,Data Engineer,EMP0355,Branch-West,2026-04-01,160.0,161.0,1.0,7.1,17,0,46.4,1,False,2022-05-29,,4.11,9750.0,1
EMP0487,Team H,Engineering,QA Engineer,EMP0355,Remote,2025-10-01,160.0,164.0,17.4,3.4,24,0,88.5,0,True,2022-10-01,2026-07-11,4.11,7984.2,1
EMP0293,Team J,Operations,Ops Analyst,EMP0193,Remote,2026-07-01,160.0,151.6,6.8,0.3,71,40,79.5,4,False,2025-03-19,,,5177.6,1
EMP0494,Team C,Engineering,Data Engineer,EMP0210,HQ,2025-10-01,160.0,159.3,0.4,2.6,18,0,77.9,2,False,2024-08-06,,3.24,9594.0,1
EMP0276,Team F,Sales,SDR,EMP0077,Remote,2025-09-01,160.0,154.4,4.4,1.4,32,150,26.5,0,False,2022-12-15,,3.27,4508.0,1
EMP0101,Team A,Engineering,QA Engineer,EMP0457,Branch-East,2026-07-01,160.0,163.0,9.3,0.3,28,0,80.8,0,False,2021-09-29,,3.61,7431.9,1
EMP0323,Team C,Support,Support Agent,EMP0071,Remote,2025-09-01,160.0,158.1,12.0,0.9,95,50,98.2,0,False,2023-12-31,,4.07,4226.4,1
EMP0085,Team C,Sales,SDR,EMP0147,Remote,2026-06-01,160.0,144.6,4.7,3.4,32,150,60.0,0,False,2022-10-24,,3.75,4246.2,1
EMP0293,Team J,Operations,Ops Analyst,EMP0193,Remote,2026-05-01,160.0,142.4,33.1,3.0,62,40,69.7,4,False,2025-03-19,,4.32,6145.6,1
EMP0059,Team D,Engineering,Developer,EMP0482,Branch-East,2026-01-01,160.0,172.7,31.9,1.1,15,0,59.5,1,False,2025-12-18,,3.6,12130.25,1
EMP0128,Team C,Marketing,Marketing Specialist,EMP0077,HQ,2026-02-01,160.0,173.3,13.3,0.9,13,300,82.0,6,False,2022-10-12,,2.97,6377.25,1
EMP0051,Team G,Marketing,Marketing Specialist,EMP0392,Remote,2026-02-01,160.0,164.9,4.9,0.4,13,300,69.2,1,False,2024-07-19,,3.84,5684.25,1
EMP0375,Team A,Engineering,Data Engineer,EMP0187,Branch-East,2026-06-01,160.0,142.8,1.1,0.7,15,0,,0,False,2024-12-29,,4.11,8667.0,1
EMP0047,  Team C  ,Sales,Account Executive,EMP0450,Remote,2026-08-01,160.0,167.5,7.8,0.6,15,2000,84.7,4,False,2023-12-23,,3.88,7168.0,1
EMP0370,Team E,Engineering,DevOps Engineer,EMP0259,HQ,2026-08-01,160.0,158.0,0.3,1.6,11,0,84.5,2,False,2025-12-26,,4.51,9190.1,1
EMP0154,Team C,Sales,SDR,EMP0344,HQ,2026-05-01,160.0,156.9,2.1,6.0,27,150,42.7,0,False,2025-09-02,,4.03,4481.4,1
EMP0222,Team I,Sales,SDR,EMP0218,,2026-08-01,160.0,161.2,1.2,0.6,44,150,,1,False,2023-02-12,,4.0,4564.0,1
EMP0057,Team H,Engineering,Data Engineer,EMP0245,,2025-10-01,160.0,172.0,33.7,0.0,18,0,62.1,3,False,2025-05-07,,4.13,13353.0,1
EMP0039,Team J,Support,Support Agent,EMP0300,Remote,2026-03-01,160.0,139.1,0.7,5.0,92,50,84.9,0,False,2025-06-06,,3.34,3363.6,1
EMP0176,Team F,engineering,DevOps Engineer,EMP0193,HQ,2026-05-01,160.0,176.0,16.0,1.6,14,0,91.8,0,False,2025-12-28,,3.74,11600.0,1
EMP0155,Team E,Marketing,Marketing Specialist,EMP0251,Remote,2026-05-01,160.0,160.2,5.8,1.8,15,300,95.5,0,False,2022-03-02,,3.18,5573.7,1
EMP0349,Team G,Sales,Account Executive,EMP0047,Branch-West,2026-05-01,160.0,165.2,5.2,1.5,17,2000,80.7,0,False,2021-12-13,,2.77,6920.0,1
EMP0217,Team I,Sales,Account Executive,EMP0480,Branch-West,2026-07-01,160.0,167.7,8.8,1.4,15,2000,62.8,0,False,2025-12-23,,4.07,7236.0,1
EMP0180,Team G,Engineering,QA Engineer,EMP0199,Branch-West,2026-07-01,160.0,155.0,0.9,4.2,26,0,90.9,2,False,2024-11-03,,3.65,6566.7,1
EMP0076,Team H,Support,Support Lead,EMP0309,Remote,2026-04-01,160.0,152.3,4.0,0.3,122,60,94.8,3,False,2024-05-03,,2.64,5382.2,1
EMP0022,Team E,Engineering,QA Engineer,EMP0245,Remote,2026-01-01,160.0,150.4,13.8,0.2,31,0,83.5,0,False,2023-06-03,,4.22,7186.2,1
EMP0254,Team C,Sales,SDR,EMP0392,Remote,2026-04-01,160.0,134.5,7.8,0.7,22,150,39.6,13,False,2024-03-23,,4.15,4093.6,1
EMP0192,Team G,Marketing,Marketing Specialist,EMP0457,HQ,2026-08-01,160.0,142.0,0.9,1.9,10,300,76.1,0,False,2024-01-17,,4.19,4730.55,1
EMP0350,Team B,Support,Support Lead,EMP0167,HQ,2026-06-01,160.0,166.5,10.9,2.5,74,60,70.0,2,False,2024-03-17,,4.39,6216.9,1
EMP0058,Team D,Engineering,Developer,EMP0482,Branch-East,2026-03-01,160.0,151.0,0.5,0.5,18,0,63.9,1,False,2021-12-24,,3.69,8346.25,1
EMP0218,Team D,Operations,Ops Coordinator,EMP0147,HQ,2025-12-01,160.0,160.7,0.7,0.4,55,35,50.6,6,False,2022-05-08,,4.08,4367.25,1
EMP0083,Team D,Sales,Account Executive,EMP0320,HQ,2025-09-01,160.0,160.9,0.9,0.9,23,2000,87.4,1,False,2025-05-17,,3.04,6490.0,1
EMP0260,Team C,Engineering,QA Engineer,EMP0187,HQ,2026-04-01,160.0,161.4,21.3,0.9,12,0,50.4,11,False,2025-12-23,,4.0,8120.7,1
EMP0232,Team H,Sales,Sales Manager,EMP0318,HQ,2026-03-01,160.0,161.4,1.4,0.6,11,2500,,4,False,2023-10-14,,3.99,8502.0,1
EMP0404,Team I,Operations,Ops Analyst,EMP0167,HQ,2026-07-01,160.0,138.3,0.8,2.4,71,40,88.3,0,False,2022-03-08,,3.66,4464.0,1
EMP0018,Team H,Sales,Sales Manager,EMP0280,Branch-East,2025-12-01,160.0,144.0,12.7,4.4,8,2500,55.3,0,False,2022-01-08,,2.0,8478.6,1
EMP0385,Team B,Operations,Ops Analyst,EMP0217,HQ,2026-06-01,160.0,135.4,4.5,0.1,55,40,60.7,1,False,2022-05-10,,3.82,4548.8,1
EMP0128,Team C,Marketing,Marketing Specialist,EMP0077,HQ,2025-10-01,160.0,169.8,20.1,0.2,13,300,79.3,1,False,2022-10-12,,3.34,6598.35,1
EMP0074,TEAM H,  Operations  ,Ops Coordinator,EMP0450,HQ,2025-11-01,160.0,159.1,0.6,3.0,71,35,53.0,0,False,2023-04-13,,3.05,4320.0,1
EMP0231,Team H,Operations,Ops Coordinator,EMP0251,Branch-East,2025-09-01,160.0,161.2,7.7,0.1,90,35,81.1,6,False,2023-05-27,,3.32,4664.25,1
EMP0174,Team B,Engineering,Developer,EMP0185,Branch-West,2025-11-01,160.0,165.6,6.3,0.0,16,0,47.7,3,False,2024-12-21,,3.7,9627.75,1
EMP0289,Team B,Engineering,DevOps Engineer,EMP0480,Remote,2026-04-01,160.0,151.5,0.7,0.1,14,0,,0,False,2023-10-15,,4.35,8847.9,1
EMP0268,Team G,Support,Support Lead,EMP0147,HQ,2026-08-01,160.0,160.4,0.4,0.0,111,60,69.9,13,False,2022-06-15,,2.75,5474.0,1
EMP0175,Team D,Support,Support Lead,EMP0344,HQ,2026-01-01,160.0,160.5,0.5,0.8,93,60,79.7,2,False,2022-10-14,,3.98,5482.5,1
EMP0059,Team D,Engineering,Developer,EMP0482,Branch-East,2026-04-01,160.0,163.0,3.0,0.3,13,0,85.6,0,False,2025-12-18,,,9212.5,1
EMP0155,Team E,  Marketing  ,Marketing Specialist,EMP0251,Remote,2026-06-01,160.0,166.8,7.1,1.0,13,300,78.5,0,False,2022-03-02,,3.61,5855.85,1
EMP0235,Team B,Engineering,DevOps Engineer,EMP0450,Remote,2026-02-01,160.0,147.6,17.3,1.2,11,0,61.7,0,False,2023-10-25,,4.32,10065.9,1
EMP0286,Team J,Engineering,QA Engineer,EMP0162,Remote,2026-04-01,160.0,150.4,8.6,0.1,17,0,68.8,0,False,2021-12-01,,3.32,6858.6,1
EMP0389,Team A,Operations,Ops Analyst,EMP0006,HQ,2025-10-01,160.0,149.9,8.9,2.1,69,40,56.0,0,False,2025-05-01,,3.33,5224.0,1
EMP0236,Team J,Support,Support Agent,EMP0225,,2026-06-01,160.0,155.2,8.3,4.3,119,50,52.0,5,False,2021-11-04,,4.71,4023.6,1
EMP0082,Team A,Support,Support Lead,EMP0251,Remote,2025-12-01,160.0,160.1,0.1,0.4,70,60,81.9,1,False,2022-02-09,,3.58,5448.5,1
EMP0300,Team J,Engineering,QA Engineer,EMP0480,HQ,2025-09-01,160.0,157.1,0.3,4.8,24,0,82.9,3,False,2024-10-03,,4.04,6617.1,1
EMP0373,Team B,Engineering,QA Engineer,EMP0006,HQ,2025-12-01,160.0,165.2,5.2,0.3,17,0,41.9,2,False,2021-12-23,,4.27,7266.0,1
EMP0381,Team B,Engineering,Developer,EMP0259,Remote,2026-03-01,160.0,160.4,0.4,3.0,21,0,80.4,5,False,2025-04-07,,2.46,8855.0,1
EMP0425,Team F,Engineering,Developer,EMP0303,Remote,2025-09-01,160.0,161.8,1.8,0.2,19,0,89.4,15,False,2021-10-03,,3.52,9047.5,1
EMP0374,Team H,Support,Support Agent,EMP0344,,2026-04-01,160.0,150.4,3.6,1.0,132,50,67.9,2,False,2022-05-23,,3.04,3739.2,1
EMP0480,Team J,Sales,SDR,,Branch-East,2026-07-01,160.0,173.6,17.0,1.6,37,150,68.5,3,False,2023-06-10,,3.72,5574.8,1
EMP0022,Team E,Engineering,QA Engineer,EMP0245,Remote,2025-10-01,160.0,163.0,4.0,0.6,26,0,60.1,0,False,2023-06-03,,3.26,7098.0,1
EMP0211,Team H,Sales,SDR,EMP0217,HQ,2026-08-01,160.0,172.1,14.7,6.0,47,150,79.6,3,False,2023-02-27,,3.79,5436.2,1
EMP0270,Team H,Engineering,DevOps Engineer,EMP0392,Remote,2026-07-01,160.0,161.9,1.9,1.6,10,0,94.7,3,False,2022-08-13,,4.29,9555.5,1
EMP0206,Team C,Engineering,DevOps Engineer,EMP0476,HQ,2026-08-01,160.0,146.0,2.4,0.2,19,0,34.8,3,False,2025-06-19,,4.2,8676.8,1
EMP0005,Team C,Engineering,Developer,EMP0355,Remote,2025-10-01,160.0,147.4,1.2,0.2,21,0,54.2,2,False,2022-05-08,,3.37,8206.0,1
EMP0021,Team H,Support,Support Agent,EMP0035,Branch-East,2026-01-01,160.0,150.4,3.0,0.0,122,50,80.8,0,False,2023-09-07,,3.03,3717.6,1
EMP0115,Team A,Support,Support Agent,EMP0085,Remote,2026-06-01,160.0,160.5,0.5,0.9,108,50,88.1,0,False,2023-09-29,,2.81,3870.0,1
EMP0036,Team H,Operations,Ops Analyst,EMP0296,Branch-East,2026-01-01,160.0,160.8,0.8,1.7,67,40,87.8,1,False,2023-07-24,,3.8,5184.0,1
EMP0128,Team C,Marketing,Marketing Specialist,EMP0077,HQ,2025-12-01,160.0,159.9,35.8,1.9,12,300,87.7,0,False,2022-10-12,,3.7,7048.8,1
EMP0142,Team E,Engineering,Developer,EMP0457,,2025-12-01,160.0,164.8,4.8,0.2,12,0,76.2,4,False,2025-03-29,,3.9,9460.0,1
EMP0086,Team H,Sales,Sales Manager,EMP0217,Branch-East,2026-08-01,160.0,164.1,4.1,3.2,8,2500,64.9,2,False,2023-08-16,,3.4,8853.0,1
EMP0124,Team D,Engineering,QA Engineer,EMP0085,Remote,2026-04-01,160.0,159.5,0.1,1.6,25,0,84.0,5,False,2022-06-11,,3.28,6705.3,1
EMP0037,Team I,Sales,Account Executive,EMP0277,Remote,2026-03-01,160.0,152.2,24.6,1.2,10,2000,71.3,0,False,2022-07-03,,3.77,7564.0,1
EMP0472,Team A,Marketing,Marketing Specialist,EMP0471,,2026-08-01,160.0,158.9,17.7,3.9,12,300,48.1,0,False,2023-02-14,,3.27,6119.85,1
EMP0384,Team G,Marketing,Marketing Specialist,EMP0480,HQ,2026-06-01,160.0,166.4,6.6,,13,300,37.9,0,False,2025-06-13,,5.0,5817.9,1
EMP0169,Team J,Engineering,Data Engineer,EMP0301,Branch-East,2026-02-01,160.0,174.4,22.9,0.0,17,0,89.9,1,False,2023-06-29,,2.5,12525.0,1
EMP0013,Team H,Operations,Ops Coordinator,EMP0277,HQ,2026-05-01,160.0,159.0,0.5,1.1,94,35,94.1,0,False,2021-11-20,,3.31,4313.25,1
EMP0498,Team J,Engineering,Developer,EMP0449,Branch-West,2026-04-01,160.0,144.0,20.8,0.2,21,0,61.3,2,False,2024-06-20,,,9636.0,1
EMP0005,Team C,Engineering,Developer,EMP0355,Remote,2026-03-01,160.0,161.5,1.5,2.3,20,0,55.0,0,False,2022-05-08,,3.18,9006.25,1
EMP0384,Team G,Marketing,Marketing Specialist,EMP0480,HQ,2025-09-01,160.0,161.2,1.2,0.5,11,300,55.9,0,False,2025-06-13,,3.68,5379.0,1
EMP0352,Team H,Operations,Ops Analyst,EMP0100,Branch-West,2026-04-01,160.0,172.4,47.7,0.8,64,40,76.7,0,False,2024-01-17,,2.34,7806.4,1
EMP0208,Team H,Support,Support Lead,EMP0376,HQ,2026-02-01,160.0,161.1,8.0,1.1,95,60,97.6,0,False,2022-11-05,,4.04,5885.4,1
EMP0178,Team D,Sales,Account Executive,EMP0480,Remote,2026-03-01,160.0,155.8,3.5,1.4,9,2000,85.3,0,False,2024-12-18,,3.09,6442.0,1
EMP0429,Team I,Sales,Sales Manager,EMP0344,Branch-East,2025-11-01,160.0,148.9,27.9,0.5,9,2500,88.9,1,False,2022-08-12,,2.83,9919.0,1
EMP0109,Team G,Engineering,DevOps Engineer,EMP0450,HQ,2026-05-01,160.0,165.2,10.2,0.0,11,0,66.6,4,False,2023-03-05,,3.81,10469.0,1
EMP0334,Team G,Engineering,DevOps Engineer,EMP0450,Branch-East,2025-12-01,160.0,160.1,1.7,0.5,13,0,83.9,0,False,2023-08-04,,3.46,9433.7,1
EMP0006,Team E,Engineering,Developer,EMP0351,HQ,2026-07-01,160.0,164.8,4.8,0.4,17,0,65.9,1,False,2023-08-19,,3.55,9460.0,1
EMP0458,Team H,Sales,SDR,EMP0177,Remote,2026-08-01,160.0,174.2,14.2,1.5,33,150,63.6,1,False,2024-02-18,,3.61,5474.0,1
EMP0122,Team H,Marketing,Content Creator,EMP0471,Branch-West,2026-03-01,160.0,148.0,5.2,2.8,21,150,74.5,0,False,2022-09-10,,3.88,4674.0,1
EMP0009,Team C,Support,Support Lead,EMP0061,Branch-West,2026-07-01,160.0,154.9,5.5,5.0,62,60,91.8,5,False,2025-06-23,,3.53,5547.1,1
EMP0048,Team J,Sales,Account Executive,EMP0217,Remote,2026-04-01,160.0,163.1,6.9,0.4,18,2000,73.4,2,False,2023-11-16,,4.59,6938.0,1
EMP0205,Team E,Support,Support Lead,EMP0449,Remote,2026-08-01,160.0,162.2,2.2,1.3,78,60,62.2,0,False,2024-03-02,,3.43,5627.0,1
EMP0297,Team F,Operations,Ops Coordinator,EMP0185,HQ,2026-04-01,160.0,163.4,3.4,0.0,76,35,83.4,0,False,2022-01-30,,3.88,4549.5,1
EMP0089,Team J,Marketing,Content Creator,EMP0301,Remote,2025-11-01,160.0,150.3,0.4,2.8,16,150,59.2,2,True,2024-05-05,2025-12-02,4.43,4527.0,1
EMP0348,Team D,Engineering,Data Engineer,EMP0085,Branch-East,2026-02-01,160.0,163.7,3.7,2.5,19,0,65.0,1,False,2025-05-03,,4.16,10155.0,1
EMP0212,Team H,Support,Support Lead,EMP0006,Remote,2025-10-01,160.0,159.9,14.9,0.8,142,60,53.3,0,False,2024-11-10,,2.43,6196.5,1
EMP0141,Team B,Marketing,Marketing Specialist,EMP0318,Remote,2026-05-01,160.0,160.9,12.0,1.3,14,300,89.5,2,False,2025-10-26,,4.19,5903.7,1
EMP0227,Team A,Marketing,Content Creator,EMP0351,Remote,2026-06-01,160.0,160.7,0.7,2.5,21,150,45.7,0,False,2022-02-05,,2.83,4852.5,1
EMP0245,Team H,Engineering,QA Engineer,EMP0351,HQ,2026-03-01,160.0,146.2,0.5,1.0,21,0,75.5,3,False,2024-08-16,,3.67,6171.9,1
EMP0033,Team I,Engineering,Developer,EMP0351,HQ,2025-09-01,160.0,171.0,28.1,1.1,16,0,98.8,1,False,2024-01-01,,2.81,11723.25,1
EMP0183,Team B,Marketing,Content Creator,EMP0438,HQ,2026-03-01,160.0,162.2,2.2,2.1,18,150,86.5,3,False,2024-02-19,,4.22,4965.0,1
EMP0500,Team B,Marketing,Content Creator,EMP0243,Branch-East,2025-11-01,160.0,161.8,3.8,1.0,19,150,89.9,0,False,2023-12-17,,4.72,5025.0,1
EMP0061,Team J,Sales,Account Executive,EMP0193,Branch-East,2025-09-01,160.0,184.7,26.9,2.3,13,2000,72.3,1,False,2021-08-20,,3.19,9002.0,1
EMP0180,Team G,Engineering,QA Engineer,EMP0199,Branch-West,2025-11-01,160.0,159.8,5.5,2.3,25,0,86.9,0,False,2024-11-03,,2.69,7058.1,1
EMP0263,team d,Engineering,Developer,EMP0450,,2026-05-01,160.0,161.1,1.1,7.2,17,0,57.3,0,False,2022-07-26,,2.4,8951.25,1
EMP0411,Team G,Sales,Account Executive,EMP0100,Remote,2026-01-01,160.0,160.2,5.8,2.6,14,2000,92.8,0,False,2025-11-25,,3.82,6756.0,1
EMP0249,Team I,Marketing,Content Creator,EMP0035,Remote,2025-12-01,160.0,162.2,2.2,1.3,19,150,90.1,0,False,2023-06-24,,3.2,4965.0,1
EMP0326,Team I,Operations,Ops Analyst,EMP0047,Branch-East,2026-04-01,160.0,167.2,7.2,0.5,69,40,44.1,1,False,2023-07-15,,3.99,5696.0,1
EMP0473,Team H,Engineering,Developer,EMP0071,HQ,2026-03-01,160.0,170.8,10.8,0.3,15,0,94.4,2,False,2025-08-28,,3.76,10285.0,1
EMP0030,Team J,Engineering,Data Engineer,EMP0420,Remote,2025-09-01,160.0,163.0,3.0,2.0,12,0,61.2,1,False,2023-02-25,,3.21,10050.0,1
EMP0454,Team G,Marketing,Marketing Specialist,EMP0162,HQ,2026-02-01,160.0,145.0,8.9,1.2,16,300,88.0,0,False,2023-08-22,,2.98,5225.55,1
EMP0172,Team G,Engineering,Developer,EMP0071,Branch-West,2026-08-01,160.0,141.8,4.1,0.0,17,0,88.4,0,False,2024-03-09,,3.82,8137.25,1
EMP0054,Team H,marketing,Marketing Specialist,EMP0476,HQ,2025-11-01,160.0,165.8,5.8,0.1,11,300,99.5,5,True,2023-10-07,2026-05-02,3.26,5758.5,1
EMP0281,Team D,Marketing,Marketing Specialist,EMP0376,HQ,2025-09-01,160.0,164.3,34.7,0.7,11,300,95.7,1,False,2024-05-11,,4.26,7139.55,1
EMP0072,Team G,Engineering,Developer,EMP0218,HQ,2026-05-01,160.0,164.1,12.4,0.6,15,0,79.8,0,True,2025-02-03,2026-05-29,3.67,10048.5,1
EMP0444,Team G,Sales,Sales Manager,EMP0199,HQ,2025-10-01,160.0,162.0,2.6,0.1,11,2500,92.7,6,False,2023-01-09,,2.58,8626.8,1
EMP0178,Team D,Sales,Account Executive,EMP0480,Remote,2025-11-01,160.0,155.3,1.7,0.9,19,2000,77.3,1,False,2024-12-18,,3.22,6314.0,1
EMP0414,Team A,Sales,SDR,EMP0225,Remote,2026-06-01,160.0,162.2,2.2,2.9,58,150,56.7,2,False,2024-03-18,,3.18,4634.0,1
EMP0162,Team I,Support,Support Agent,EMP0450,Remote,2026-04-01,160.0,160.2,0.2,1.8,116,50,56.9,0,False,2022-08-14,,3.78,3852.0,1
EMP0237,Team J,Engineering,DevOps Engineer,EMP0077,HQ,2025-11-01,160.0,158.1,7.7,3.6,17,0,59.9,0,False,2021-10-17,,4.36,9839.7,1
EMP0227,Team A,Marketing,Content Creator,EMP0351,Remote,2026-02-01,160.0,167.8,15.0,0.2,18,150,98.4,2,False,2022-02-05,,,5709.0,1
EMP0043,Team A,Engineering,QA Engineer,EMP0434,Remote,2026-02-01,160.0,175.4,15.4,0.0,29,0,71.2,2,False,2025-12-09,,3.27,8337.0,1
EMP0461,Team C,Engineering,DevOps Engineer,EMP0453,HQ,2026-02-01,160.0,166.4,6.4,0.5,15,0,68.6,2,False,2023-10-09,,3.53,10208.0,1
EMP0201,Team A,  Support  ,Support Agent,EMP0303,Branch-East,2026-06-01,160.0,149.8,11.5,3.6,122,50,71.8,3,False,2024-07-09,,3.75,4009.2,1
EMP0144,Team D,Sales,Account Executive,EMP0471,HQ,2025-10-01,160.0,165.3,5.3,0.0,14,2000,79.2,0,False,2025-08-20,,3.38,6930.0,1
EMP0282,Team D,Sales,Sales Manager,EMP0199,HQ,2026-05-01,160.0,156.5,2.2,0.6,7,2500,87.8,1,False,2022-10-28,,3.57,8309.6,1
EMP0067,Team F,Engineering,Developer,EMP0355,Remote,2026-04-01,160.0,153.7,4.7,0.1,23,0,74.9,3,False,2022-11-18,,4.32,8841.25,1
EMP0495,Team E,Sales,Sales Manager,EMP0476,Remote,2026-04-01,160.0,161.5,1.5,1.2,10,2500,86.0,1,False,2025-09-22,,2.77,8515.0,1
EMP0340,Team E,engineering,Data Engineer,EMP0100,,2025-10-01,160.0,160.5,0.5,0.9,17,0,82.2,1,False,2021-11-09,,4.23,9675.0,1
EMP0231,Team H,Operations,Ops Coordinator,EMP0251,Branch-East,2025-10-01,160.0,161.0,15.9,3.6,76,35,65.0,0,False,2023-05-27,,4.01,4990.95,1
EMP0448,Team G,Operations,Ops Analyst,EMP0167,HQ,2026-04-01,160.0,161.0,1.0,1.2,47,40,84.1,0,False,2024-02-09,,3.61,5200.0,1
EMP0067,Team F,Engineering,Developer,EMP0355,Remote,2025-11-01,160.0,154.2,3.9,1.4,22,0,78.8,1,False,2022-11-18,,3.63,8802.75,1
EMP0264,Team A,Sales,Account Executive,EMP0187,Remote,2025-11-01,160.0,157.5,2.0,,18,2000,96.7,0,False,2024-03-18,,2.93,6420.0,1
EMP0092,Team J,Support,Support Lead,EMP0333,Remote,2026-04-01,160.0,152.8,13.4,0.1,91,60,58.3,1,False,2023-04-05,,4.14,5878.6,1
EMP0459,Team C,Engineering,Data Engineer,EMP0376,Remote,2026-03-01,160.0,142.3,0.9,0.5,16,0,60.0,1,False,2025-01-27,,3.33,8619.0,1
EMP0498,Team J,Engineering,Developer,EMP0449,Branch-West,2025-10-01,160.0,148.6,11.3,1.2,23,0,74.5,1,False,2024-06-20,,4.54,9105.25,1
EMP0406,Team G,Marketing,Content Creator,EMP0438,HQ,2026-04-01,160.0,154.4,1.7,1.8,23,150,93.8,3,False,2022-05-03,,3.79,4708.5,1
EMP0358,Team F,Sales,SDR,EMP0077,Remote,2025-09-01,160.0,171.4,18.3,1.5,50,150,98.3,3,False,2022-11-05,,3.67,5567.8,1
EMP0247,Team J,Sales,Sales Manager,EMP0476,Remote,2026-04-01,160.0,167.2,7.2,0.0,12,2500,64.7,0,False,2025-10-10,,3.08,9256.0,1
EMP0188,Team E,Sales,Account Executive,EMP0420,Branch-East,2026-01-01,160.0,161.9,3.9,10.0,15,2000,81.9,2,False,2025-09-26,,2.67,6710.0,1
EMP0334,Team G,Engineering,DevOps Engineer,EMP0450,Branch-East,2026-02-01,160.0,145.4,0.5,0.5,14,0,71.7,0,False,2023-08-04,,3.48,8476.7,1
EMP0114,Team A,Operations,Ops Coordinator,EMP0309,Remote,2026-01-01,160.0,162.4,2.4,1.9,68,35,91.9,1,False,2025-11-30,,2.58,4482.0,1
EMP0348,Team D,Engineering,Data Engineer,EMP0085,Branch-East,2026-08-01,160.0,161.5,2.5,2.1,16,0,64.8,2,False,2025-05-03,,3.09,9915.0,1
EMP0230,TEAM G,Support,Support Lead,EMP0280,HQ,2026-07-01,160.0,149.6,12.8,4.2,91,60,67.2,0,False,2024-09-03,,2.83,5739.2,1
EMP0307,Team B,Sales,Sales Manager,EMP0320,Remote,2025-10-01,160.0,156.2,8.0,2.4,10,2500,65.9,0,False,2022-12-08,,3.45,8746.4,1
EMP0114,Team A,Operations,Ops Coordinator,EMP0309,Remote,2026-07-01,160.0,159.0,1.5,0.3,64,35,47.6,0,False,2025-11-30,,3.87,4353.75,1
EMP0196,Team B,Sales,Sales Manager,EMP0245,HQ,2025-11-01,160.0,164.7,4.7,0.9,14,2500,95.0,2,False,2024-03-06,,3.91,8931.0,1
EMP0075,Team H,Support,Support Agent,EMP0420,Remote,2025-11-01,160.0,145.5,1.4,1.1,134,50,87.5,1,False,2021-11-30,,4.02,3542.4,1
EMP0156,Team J,Engineering,DevOps Engineer,EMP0293,Remote,2026-07-01,160.0,158.4,15.4,1.3,14,0,77.2,3,False,2024-11-11,,2.73,10527.0,1
EMP0356,Team B,Support,Support Lead,EMP0457,Remote,2026-08-01,160.0,168.5,19.9,1.2,95,60,85.8,6,False,2026-01-04,,3.57,6743.9,1
EMP0282,Team D,Sales,Sales Manager,EMP0199,HQ,2025-09-01,160.0,167.1,8.7,0.8,13,2500,84.3,0,False,2022-10-28,,4.38,9367.8,1
EMP0239,Team C,support,Support Agent,EMP0296,Remote,2025-12-01,160.0,153.9,1.6,3.3,97,50,90.9,2,False,2023-05-19,,4.67,3751.2,1
EMP0222,Team I,Sales,SDR,EMP0218,Branch-East,2026-01-01,160.0,162.6,6.7,0.7,37,150,83.7,0,False,2023-02-12,,3.31,4834.2,1
EMP0007,Team E,Engineering,Data Engineer,EMP0355,Branch-West,2026-06-01,160.0,152.2,2.4,0.9,19,0,80.4,4,False,2022-05-29,,,9348.0,1
EMP0312,Team B,Engineering,DevOps Engineer,EMP0320,Branch-West,2026-02-01,160.0,149.7,4.4,,11,0,89.9,0,False,2023-02-28,,3.55,9065.4,1
EMP0266,Team I,Operations,Ops Coordinator,EMP0033,HQ,2025-11-01,160.0,163.1,3.1,1.1,95,35,79.4,0,False,2024-05-19,,3.68,4529.25,1
EMP0445,Team G,Operations,Ops Analyst,EMP0309,Remote,2026-05-01,160.0,165.9,9.0,0.9,76,40,87.2,9,False,2025-03-25,,3.69,5740.8,1
EMP0083,Team D,Sales,Account Executive,EMP0320,HQ,2025-10-01,160.0,161.3,1.3,8.8,12,2000,72.9,5,False,2025-05-17,,4.57,6530.0,1
EMP0336,Team I,Engineering,Data Engineer,EMP0376,HQ,2025-09-01,160.0,156.1,1.4,1.3,13,0,69.3,0,True,2023-09-19,2026-04-13,3.5,9492.0,1
EMP0210,Team A,Engineering,Developer,EMP0193,Remote,2026-03-01,160.0,145.2,12.0,0.1,15,0,70.4,8,False,2021-11-02,,3.65,8976.0,1
EMP0327,Team H,Sales,SDR,EMP0077,,2026-07-01,160.0,162.8,2.8,1.8,40,150,69.7,0,False,2025-01-22,,3.55,4676.0,1
EMP0432,Team A,Operations,Ops Coordinator,EMP0453,Remote,2026-02-01,160.0,163.4,9.9,0.6,85,35,98.7,7,False,2024-03-12,,,4812.75,1
EMP0257,Team A,Marketing,Marketing Specialist,EMP0476,Remote,2026-04-01,160.0,160.1,0.1,2.3,11,300,78.5,1,False,2025-05-28,,4.89,5288.25,1
EMP0167,team e,Sales,Account Executive,EMP0450,Remote,2026-02-01,160.0,153.9,0.6,3.6,14,2000,60.7,0,False,2026-02-10,,3.93,6192.0,1
EMP0255,Team F,Engineering,DevOps Engineer,EMP0243,HQ,2026-03-01,160.0,157.8,4.1,0.5,18,0,83.5,0,False,2024-02-04,,3.58,9509.1,1
EMP0323,Team C,Support,Support Agent,EMP0071,Remote,2025-10-01,160.0,147.5,8.3,3.0,133,50,64.2,1,False,2023-12-31,,3.77,3838.8,1
EMP0493,Team J,Engineering,Developer,EMP0033,Branch-West,2025-11-01,160.0,166.1,18.5,7.0,18,0,85.0,8,False,2024-12-30,,4.54,10661.75,1
EMP0311,team f,Sales,Sales Manager,EMP0199,Remote,2026-04-01,160.0,170.4,10.4,1.5,11,2500,94.8,0,False,2024-06-28,,2.59,9672.0,1
EMP0159,Team E,Engineering,DevOps Engineer,EMP0185,Remote,2025-10-01,160.0,164.6,4.6,0.7,11,0,72.7,0,False,2024-07-19,,3.3,9947.0,1
EMP0123,Team C,Sales,SDR,EMP0344,Branch-West,2026-08-01,160.0,160.0,1.7,0.5,35,150,75.6,4,False,2025-05-24,,3.79,4551.4,1
EMP0388,Team J,Engineering,DevOps Engineer,EMP0392,Branch-East,2025-11-01,160.0,161.8,1.8,3.8,10,0,64.3,0,False,2025-10-09,,2.87,9541.0,1
EMP0414,Team A,Sales,SDR,EMP0225,Remote,2025-10-01,160.0,135.6,0.8,1.8,45,150,53.7,2,False,2024-03-18,,3.94,3830.4,1
EMP0104,Team J,  Sales  ,Account Executive,EMP0453,Remote,2026-04-01,160.0,152.6,10.8,1.5,15,2000,49.6,1,False,2022-03-09,,3.44,6752.0,1
EMP0143,Team G,Sales,SDR,EMP0047,HQ,2026-04-01,160.0,158.8,0.4,0.1,43,150,93.5,0,False,2022-05-23,,3.54,4463.2,1
EMP0239,Team C,Support,Support Agent,EMP0296,Remote,2026-02-01,160.0,164.4,4.4,0.6,138,50,38.4,4,False,2023-05-19,,3.52,4104.0,1
EMP0369,Team F,Engineering,Developer,EMP0100,Remote,2026-06-01,160.0,160.4,0.4,2.3,15,0,73.5,0,False,2023-07-03,,4.22,8855.0,1
EMP0074,Team H,Operations,Ops Coordinator,EMP0450,HQ,2026-08-01,160.0,160.8,0.8,4.5,67,35,95.4,0,False,2023-04-13,,2.91,4374.0,1
EMP0480,Team J,Sales,SDR,,Branch-East,2025-12-01,160.0,160.0,0.0,0.4,40,150,44.5,4,False,2023-06-10,,3.08,4480.0,1
EMP0086,Team H,Sales,Sales Manager,EMP0217,Branch-East,2025-12-01,160.0,156.9,7.0,0.5,8,2500,69.9,3,False,2023-08-16,,3.27,8704.8,1
EMP0330,Team E,Engineering,DevOps Engineer,EMP0351,Branch-East,2025-12-01,160.0,164.4,4.4,2.8,16,0,82.5,2,False,2025-07-30,,3.62,9918.0,1
EMP0245,Team H,Engineering,QA Engineer,EMP0351,HQ,2026-01-01,160.0,155.0,2.8,0.7,31,0,82.5,5,False,2024-08-16,,4.21,6686.4,1
EMP0432,Team A,Operations,Ops Coordinator,EMP0453,Remote,2026-04-01,160.0,162.4,2.4,1.2,59,35,79.3,3,False,2024-03-12,,3.63,4482.0,1
EMP0341,Team C,Sales,Account Executive,EMP0061,Branch-East,2026-05-01,160.0,151.5,13.3,1.0,17,2000,94.5,0,False,2023-04-15,,3.81,6858.0,1
EMP0104,Team J,Sales,Account Executive,EMP0453,Remote,2026-07-01,160.0,154.0,5.5,0.3,12,2000,68.5,1,False,2022-03-09,,3.15,6490.0,1
EMP0164,Team E,Sales,Sales Manager,EMP0422,Remote,2026-07-01,160.0,150.1,4.2,0.3,10,2500,63.6,1,False,2023-03-02,,3.18,8132.8,1
EMP0089,Team J,Marketing,Content Creator,EMP0301,Remote,2025-09-01,160.0,156.0,0.1,3.8,19,150,78.5,5,True,2024-05-05,2025-12-02,3.73,4684.5,1
EMP0253,Team G,Operations,Ops Coordinator,EMP0450,HQ,2025-09-01,160.0,170.7,21.6,0.3,80,35,82.9,1,False,2022-07-28,,3.59,5483.7,1
EMP0218,Team D,Operations,Ops Coordinator,EMP0147,HQ,2026-03-01,160.0,155.7,5.7,1.9,73,35,97.1,5,False,2022-05-08,,2.87,4434.75,1
EMP0189,Team I,Sales,SDR,EMP0218,HQ,2026-02-01,160.0,145.2,28.7,1.9,34,150,72.3,1,False,2021-12-23,,4.16,5271.0,1
EMP0114,Team A,Operations,Ops Coordinator,EMP0309,Remote,2025-12-01,160.0,149.1,21.0,0.3,69,35,81.7,0,False,2025-11-30,,3.13,4876.2,1
EMP0372,Team H,Engineering,Data Engineer,EMP0301,HQ,2026-05-01,160.0,154.1,2.5,1.8,17,0,75.1,0,False,2022-07-05,,1.65,9471.0,1
EMP0361,Team C,Sales,Account Executive,EMP0210,HQ,2026-02-01,160.0,160.0,8.4,4.4,18,2000,95.1,0,True,2024-03-19,2026-06-26,3.85,6904.0,1
EMP0023,Team E,Engineering,QA Engineer,EMP0147,Remote,2026-02-01,160.0,160.2,0.2,0.5,22,0,58.8,0,False,2023-07-21,,3.43,6741.0,1
EMP0113,Team F,Marketing,Content Creator,EMP0476,Remote,2026-08-01,160.0,150.7,0.0,0.7,20,150,83.2,3,False,2025-12-11,,3.84,4521.0,1
EMP0463,Team F,Operations,Ops Analyst,EMP0453,HQ,2026-03-01,160.0,165.1,5.1,0.0,45,40,47.1,2,False,2025-07-16,,4.34,5528.0,1
EMP0433,Team E,Support,Support Agent,EMP0100,Branch-West,2025-10-01,160.0,152.2,11.8,1.3,151,50,51.3,3,False,2022-08-29,,3.79,4077.6,1
EMP0064,Team J,Sales,Account Executive,EMP0077,Branch-East,2026-03-01,160.0,160.8,0.8,0.2,16,2000,80.4,1,False,2021-09-07,,4.91,6480.0,1
EMP0166,Team I,Operations,Ops Coordinator,EMP0035,Branch-West,2026-06-01,160.0,146.4,23.2,1.5,86,35,70.7,0,False,2024-10-04,,4.18,4892.4,1
EMP0042,Team D,Sales,Account Executive,EMP0187,Remote,2025-10-01,160.0,155.5,1.0,0.8,8,2000,73.8,0,False,2025-05-18,,3.72,6280.0,1
EMP0142,Team E,Engineering,Developer,EMP0457,Branch-West,2026-07-01,160.0,161.2,1.2,1.4,14,0,94.3,1,False,2025-03-29,,3.0,8965.0,1
EMP0369,Team F,Engineering,Developer,EMP0100,Remote,2025-12-01,160.0,167.5,7.5,1.9,16,0,95.3,2,False,2023-07-03,,3.3,9831.25,1
EMP0123,Team C,Sales,SDR,EMP0344,Branch-West,2025-09-01,160.0,154.6,4.6,0.5,45,150,65.2,4,False,2025-05-24,,2.93,4522.0,1
EMP0402,Team H,Marketing,Marketing Specialist,EMP0085,Branch-West,2026-05-01,160.0,161.0,1.0,6.1,14,300,78.1,1,False,2022-02-23,,,5362.5,1
EMP0405,Team B,Sales,SDR,EMP0309,Remote,2026-05-01,160.0,161.0,1.4,,45,150,89.9,3,False,2024-10-13,,3.82,4566.8,1
EMP0085,Team C,Sales,SDR,EMP0147,Remote,2026-01-01,160.0,146.6,15.6,1.8,27,150,73.2,3,False,2022-10-24,,4.47,4760.0,1
EMP0002,Team D,Marketing,Marketing Specialist,EMP0344,Remote,2026-03-01,160.0,164.5,4.5,0.9,15,300,72.8,8,False,2022-03-21,,3.92,5651.25,1
EMP0438,Team C,Operations,Ops Analyst,EMP0147,HQ,2026-03-01,160.0,162.4,2.4,1.7,48,40,99.1,1,False,2022-07-07,,4.47,5312.0,1
EMP0393,Team J,Sales,Account Executive,EMP0476,HQ,2025-09-01,160.0,164.4,4.4,2.1,17,2000,72.7,1,False,2024-08-12,,4.51,6840.0,1
EMP0192,Team G,  Marketing  ,Marketing Specialist,EMP0457,HQ,2026-03-01,160.0,160.0,4.1,1.2,11,300,63.8,3,False,2024-01-17,,4.17,5482.95,1
EMP0269,Team D,Sales,SDR,EMP0100,HQ,2026-03-01,160.0,162.4,5.2,1.3,48,150,,0,False,2022-01-05,,2.39,4765.6,1
EMP0060,Team J,Sales,Sales Manager,EMP0296,,2026-06-01,160.0,148.8,5.1,0.8,10,2500,72.5,3,False,2025-12-17,,3.4,8135.4,1
EMP0299,Team A,Support,Support Lead,EMP0035,HQ,2026-05-01,160.0,160.3,0.3,0.8,70,60,50.4,5,False,2024-09-07,,3.25,5465.5,1
EMP0455,Team B,Engineering,DevOps Engineer,EMP0251,Remote,2025-11-01,160.0,160.8,2.6,4.0,15,0,57.1,0,False,2025-01-25,,3.2,9552.6,1
EMP0148,Team E,Sales,Account Executive,EMP0376,HQ,2026-03-01,160.0,166.1,6.1,0.5,16,2000,96.0,5,False,2025-08-11,,3.39,7010.0,1
EMP0238,Team E,Engineering,QA Engineer,EMP0277,Branch-East,2026-01-01,160.0,163.0,3.0,0.0,35,0,88.4,5,False,2022-10-24,,3.48,7035.0,1
EMP0148,Team E,Sales,Account Executive,EMP0376,HQ,2026-06-01,160.0,156.4,12.0,1.3,17,2000,88.7,3,False,2025-08-11,,3.99,6976.0,1
EMP0444,Team G,Sales,Sales Manager,EMP0199,HQ,2026-08-01,160.0,154.3,2.7,2.3,11,2500,61.0,1,False,2023-01-09,,3.93,8234.2,1
EMP0037,Team I,Sales,Account Executive,EMP0277,Remote,2026-07-01,160.0,158.9,0.4,7.4,15,2000,80.3,1,False,2022-07-03,,3.2,6380.0,1
EMP0347,Team B,Support,Support Agent,EMP0453,HQ,2026-07-01,160.0,146.8,0.4,0.3,107,50,72.4,4,False,2023-01-12,,3.92,3537.6,1
EMP0375,Team A,Engineering,Data Engineer,EMP0187,Branch-East,2025-10-01,160.0,162.2,20.3,2.3,18,0,98.8,7,False,2024-12-29,,3.74,11559.0,1
EMP0345,Team H,Sales,Sales Manager,EMP0301,Remote,2025-12-01,160.0,152.4,4.4,5.3,10,2500,81.6,1,False,2022-01-29,,,8268.0,1
EMP0060,Team J,Sales,Sales Manager,EMP0296,Remote,2026-08-01,160.0,160.8,15.5,0.7,10,2500,91.0,3,False,2025-12-17,,4.12,9570.6,1
EMP0069,Team F,Engineering,QA Engineer,EMP0218,Branch-East,2026-03-01,160.0,153.1,3.9,0.6,23,0,60.7,7,False,2024-09-25,,2.43,6675.9,1
EMP0023,Team E,Engineering,QA Engineer,EMP0147,,2026-07-01,160.0,162.0,10.5,0.7,24,0,87.8,1,False,2023-07-21,,2.44,7465.5,1
EMP0352,Team H,Operations,Ops Analyst,EMP0100,Branch-West,2026-03-01,160.0,174.4,14.4,0.5,53,40,60.7,1,False,2024-01-17,,3.3,6272.0,1
EMP0253,Team G,Operations,Ops Coordinator,EMP0450,HQ,2026-05-01,160.0,153.9,3.0,1.5,64,35,77.0,2,False,2022-07-28,,4.02,4276.8,1
EMP0212,Team H,Support,Support Lead,EMP0006,Remote,2025-11-01,160.0,152.6,1.1,0.7,110,60,70.7,5,False,2024-11-10,,3.95,5244.5,1
EMP0461,Team C,Engineering,DevOps Engineer,EMP0453,HQ,2026-06-01,160.0,163.1,3.1,0.2,15,0,57.7,0,False,2023-10-09,,2.84,9729.5,1
EMP0008,Team B,Marketing,Marketing Specialist,EMP0457,Remote,2025-11-01,160.0,152.8,0.3,4.0,12,300,91.9,0,False,2025-09-18,,3.62,5057.25,1
EMP0332,Team G,Operations,Ops Analyst,EMP0476,,2026-07-01,160.0,161.2,10.8,0.8,59,40,45.8,1,False,2022-09-30,,4.23,5676.8,1
EMP0263,Team D,Engineering,Developer,EMP0450,Remote,2025-11-01,160.0,170.4,14.1,0.1,18,0,77.7,0,False,2022-07-26,,3.28,10535.25,1
EMP0358,Team F,Sales,SDR,EMP0077,Remote,2026-06-01,160.0,163.5,3.5,0.5,29,150,54.0,1,False,2022-11-05,,2.3,4725.0,1
EMP0322,Team E,Support,Support Lead,EMP0100,Branch-West,2026-04-01,160.0,136.0,5.3,0.4,114,60,88.4,0,False,2023-11-17,,2.65,4894.3,1
EMP0364,Team H,Sales,Account Executive,EMP0243,HQ,2025-09-01,160.0,152.1,0.9,3.4,21,2000,91.5,1,False,2023-08-09,,3.38,6138.0,1
EMP0220,Team I,Operations,Ops Analyst,EMP0210,HQ,2026-02-01,160.0,156.9,4.2,0.4,63,40,72.1,3,False,2024-02-16,,,5222.4,1
EMP0080,Team E,Engineering,Developer,EMP0422,Remote,2026-06-01,160.0,156.2,1.7,0.0,22,0,75.9,1,False,2024-11-08,,4.7,8731.25,1
EMP0320,Team C,ENGINEERING,Data Engineer,EMP0193,Remote,2026-08-01,160.0,150.8,8.3,1.8,14,0,76.1,1,False,2025-04-08,,2.91,9795.0,1
EMP0346,Team H,Support,Support Lead,EMP0434,Remote,2026-06-01,160.0,165.3,5.3,2.1,114,60,78.8,2,False,2024-07-26,,4.16,5890.5,1
EMP0369,Team F,Engineering,Developer,EMP0100,Remote,2026-08-01,160.0,157.4,20.9,2.1,13,0,97.2,3,False,2023-07-03,,3.38,10381.25,1
EMP0432,Team A,Operations,Ops Coordinator,EMP0453,Remote,2026-01-01,160.0,147.3,16.3,0.1,65,35,78.2,2,False,2024-03-12,,3.5,4637.25,1
EMP0191,Team E,Engineering,QA Engineer,EMP0147,Remote,2025-10-01,160.0,152.5,1.2,1.0,24,0,59.3,1,False,2023-11-14,,3.28,6480.6,1
EMP0144,Team D,Sales,Account Executive,EMP0471,HQ,2026-05-01,160.0,142.1,0.0,2.3,13,2000,87.3,1,False,2025-08-20,,3.67,5684.0,1
EMP0010,Team I,Support,Support Lead,EMP0259,Branch-West,2025-09-01,160.0,147.5,4.8,1.1,94,60,69.1,2,False,2022-08-16,,3.84,5259.8,1
EMP0193,Team E,Marketing,Content Creator,,HQ,2026-01-01,160.0,162.7,2.7,1.1,19,150,42.3,0,False,2023-03-18,,5.0,5002.5,1
EMP0156,Team J,Engineering,DevOps Engineer,EMP0293,Remote,2025-10-01,160.0,157.4,1.8,3.1,17,0,75.8,0,False,2024-11-11,,3.86,9285.8,1
EMP0148,Team E,Sales,Account Executive,EMP0376,HQ,2026-08-01,160.0,149.3,6.7,1.3,12,2000,96.9,0,False,2025-08-11,,3.72,6374.0,1
EMP0063,Team F,Operations,Ops Analyst,EMP0470,Remote,2026-03-01,160.0,167.8,20.9,0.3,61,40,74.6,1,False,2026-02-18,,4.28,6372.8,1
EMP0162,Team I,Support,Support Agent,EMP0450,Remote,2025-10-01,160.0,157.3,0.5,0.5,133,50,56.7,2,False,2022-08-14,,4.31,3793.2,1
EMP0375,Team A,engineering,Data Engineer,EMP0187,Branch-East,2026-05-01,160.0,158.7,9.9,1.7,17,0,93.6,3,False,2024-12-29,,1.51,10413.0,1
EMP0057,Team H,Engineering,Data Engineer,EMP0245,Remote,2026-03-01,160.0,149.7,3.4,0.7,22,0,83.9,4,False,2025-05-07,,4.15,9288.0,1
EMP0457,Team G,Engineering,Data Engineer,EMP0147,Remote,2026-04-01,160.0,149.4,16.7,2.4,19,0,59.2,0,False,2022-07-06,,3.39,10467.0,1
EMP0326,Team I,  Operations  ,Ops Analyst,EMP0047,Branch-East,2026-02-01,160.0,166.2,6.2,0.1,59,40,69.1,3,False,2023-07-15,,2.76,5616.0,1
EMP0170,Team B,sales,Sales Manager,EMP0210,,2025-09-01,160.0,163.1,11.8,1.6,11,2500,87.0,0,False,2025-03-25,,2.61,9401.6,1
EMP0005,Team C,Engineering,Developer,EMP0355,Remote,2026-07-01,160.0,155.8,1.6,2.2,19,0,67.6,5,False,2022-05-08,,3.53,8701.0,1
EMP0084,  Team A  ,Engineering,Developer,EMP0006,Branch-West,2026-02-01,160.0,160.3,3.3,1.2,17,0,62.3,2,False,2024-05-20,,3.18,9088.75,1
EMP0154,Team C,Sales,SDR,EMP0344,HQ,2025-11-01,160.0,160.1,0.1,1.2,53,150,62.0,0,False,2025-09-02,,3.35,4487.0,1
EMP0376,Team E,Sales,SDR,EMP0193,,2026-01-01,160.0,161.8,1.8,0.5,33,150,61.3,2,True,2022-03-01,2026-06-17,2.39,4606.0,1
EMP0271,Team I,Operations,Ops Analyst,EMP0102,HQ,2026-03-01,160.0,164.7,29.7,0.0,76,40,85.0,7,False,2023-12-03,,3.47,6696.0,1
EMP0054,Team H,Marketing,Marketing Specialist,EMP0476,HQ,2025-12-01,160.0,152.7,0.2,1.3,8,300,80.8,0,True,2023-10-07,2026-05-02,,5049.0,1
EMP0405,Team B,Sales,SDR,EMP0309,Remote,2026-02-01,160.0,155.4,16.7,2.3,28,150,73.3,2,False,2024-10-13,,3.82,5052.6,1
EMP0436,Team C,SUPPORT,Support Agent,EMP0420,Remote,2026-02-01,160.0,145.5,3.2,0.3,112,50,64.9,6,False,2025-06-01,,,3607.2,1
EMP0477,Team F,Engineering,DevOps Engineer,EMP0102,Remote,2025-09-01,160.0,148.0,1.5,4.3,15,0,68.4,1,False,2025-09-07,,3.14,8714.5,1
EMP0045,Team H,Engineering,DevOps Engineer,EMP0225,Remote,2025-09-01,160.0,161.0,4.0,6.4,14,0,90.6,3,False,2023-02-23,,2.29,9686.0,1
EMP0153,Team J,Engineering,Developer,EMP0457,Remote,2026-06-01,160.0,152.7,1.6,,10,0,71.0,0,False,2025-06-07,,4.5,8530.5,1
EMP0020,Team B,Engineering,DevOps Engineer,EMP0344,HQ,2025-10-01,160.0,170.1,10.1,1.2,15,0,61.2,1,False,2025-08-14,,3.57,10744.5,1
EMP0407,Team I,Sales,Account Executive,EMP0187,Remote,2025-12-01,160.0,164.7,4.7,1.8,13,2000,65.5,1,False,2023-02-17,,3.03,6870.0,1
EMP0108,Team J,Operations,Ops Analyst,EMP0061,Branch-East,2026-07-01,160.0,151.7,6.2,0.1,48,40,67.1,0,False,2022-03-17,,3.59,5152.0,1
EMP0094,Team E,Sales,Sales Manager,EMP0480,Branch-East,2025-09-01,160.0,147.8,5.4,0.4,11,2500,74.2,1,False,2022-10-05,,5.0,8106.8,1
EMP0457,Team G,Engineering,Data Engineer,EMP0147,Remote,2026-08-01,160.0,165.8,6.3,1.1,15,0,84.0,0,False,2022-07-06,,4.19,10515.0,1
EMP0311,Team F,Sales,Sales Manager,EMP0199,Remote,2025-09-01,160.0,161.6,7.1,1.8,11,2500,85.0,4,False,2024-06-28,,3.55,8957.0,1
EMP0144,Team D,Sales,Account Executive,EMP0471,HQ,2026-04-01,160.0,163.1,3.1,1.6,17,2000,63.9,0,False,2025-08-20,,4.18,6710.0,1
EMP0480,Team J,Sales,SDR,,,2025-10-01,160.0,151.9,17.7,2.7,45,150,87.9,1,False,2023-06-10,,4.28,4996.6,1
EMP0264,Team A,Sales,Account Executive,EMP0187,Remote,2026-06-01,160.0,158.9,1.8,0.5,19,2000,65.6,5,False,2024-03-18,,4.31,6464.0,1
EMP0301,Team I,Engineering,DevOps Engineer,EMP0450,Remote,2026-01-01,160.0,156.4,31.1,0.4,13,0,90.2,1,False,2022-05-13,,4.28,11776.9,1
EMP0144,Team D,Sales,Account Executive,EMP0471,HQ,2025-11-01,160.0,147.1,7.6,0.6,17,2000,48.9,0,False,2025-08-20,,3.11,6340.0,1
EMP0065,Team C,Engineering,DevOps Engineer,EMP0199,HQ,2026-03-01,160.0,165.9,5.9,0.8,14,0,68.0,0,False,2025-05-06,,4.55,10135.5,1
EMP0173,Team B,Sales,SDR,EMP0392,Remote,2025-12-01,160.0,149.7,3.1,0.1,28,150,71.3,0,False,2021-08-26,,4.37,4321.8,1
EMP0452,Team C,Sales,SDR,EMP0085,Remote,2026-07-01,160.0,161.3,1.3,,44,150,84.1,4,False,2025-12-27,,2.91,4571.0,1
EMP0211,Team H,Sales,SDR,EMP0217,,2026-04-01,160.0,160.1,2.4,1.9,48,150,68.0,1,False,2023-02-27,,3.13,4583.6,1
EMP0447,Team D,  Marketing  ,Content Creator,EMP0167,Branch-East,2026-02-01,160.0,157.6,10.1,0.6,21,150,51.5,0,False,2025-09-02,,2.49,5182.5,1
EMP0012,Team H,Marketing,Marketing Specialist,EMP0100,Branch-West,2025-12-01,160.0,162.3,2.3,0.7,12,300,83.2,0,False,2022-11-03,,3.4,5469.75,1
EMP0118,Team F,Engineering,QA Engineer,EMP0392,HQ,2026-04-01,160.0,162.9,2.9,0.6,24,0,69.0,1,False,2023-06-17,,3.64,7024.5,1
EMP0130,Team G,Sales,SDR,EMP0351,HQ,2026-02-01,160.0,159.8,5.0,1.1,47,150,58.5,4,False,2025-04-15,,3.14,4684.4,1
EMP0485,Team D,Sales,SDR,EMP0471,HQ,2026-08-01,160.0,166.3,6.3,0.3,33,150,59.6,0,False,2024-05-27,,3.02,4921.0,1
EMP0495,Team E,Sales,Sales Manager,EMP0476,Remote,2025-11-01,160.0,160.6,0.6,0.7,11,2500,82.2,3,False,2025-09-22,,4.52,8398.0,1
EMP0252,Team G,SALES,Account Executive,EMP0033,HQ,2026-08-01,160.0,160.1,0.1,4.0,18,2000,92.3,0,False,2025-06-22,,2.94,6410.0,1
EMP0231,Team H,Operations,Ops Coordinator,EMP0251,Branch-East,2026-01-01,160.0,161.9,2.3,1.1,68,35,70.5,0,False,2023-05-27,,2.66,4464.45,1
EMP0013,Team H,Operations,Ops Coordinator,EMP0277,HQ,2026-03-01,160.0,164.9,4.9,4.1,46,35,77.9,5,False,2021-11-20,,3.27,4650.75,1
EMP0287,Team D,Sales,SDR,EMP0033,Branch-West,2026-08-01,160.0,162.6,28.7,0.9,41,150,68.0,0,False,2025-01-08,,3.8,5758.2,1
EMP0340,Team E,Engineering,Data Engineer,EMP0100,Remote,2026-02-01,160.0,152.9,14.6,0.0,18,0,64.2,1,False,2021-11-09,,2.81,10488.0,1
EMP0395,Team C,Sales,SDR,EMP0376,Remote,2026-04-01,160.0,143.2,1.2,,26,150,51.3,14,False,2021-09-13,,3.62,4060.0,1
EMP0249,Team I,Marketing,Content Creator,EMP0035,Remote,2026-07-01,160.0,155.9,26.2,0.2,18,150,78.5,1,False,2023-06-24,,5.0,5856.0,1
EMP0019,Team G,Sales,Account Executive,EMP0006,HQ,2025-11-01,160.0,160.9,0.9,0.0,19,2000,90.6,0,False,2025-03-26,,2.96,6490.0,1
EMP0202,Team F,Engineering,QA Engineer,EMP0434,HQ,2025-11-01,160.0,160.8,0.8,,38,0,83.2,5,False,2025-07-01,,3.94,6804.0,1
EMP0240,Team E,Engineering,DevOps Engineer,EMP0259,Branch-East,2026-08-01,160.0,146.4,0.6,2.7,12,0,72.1,2,False,2025-10-21,,2.91,8543.4,1
EMP0052,Team D,Operations,Ops Analyst,EMP0293,Remote,2025-12-01,160.0,157.8,37.8,1.6,51,40,82.3,4,False,2025-12-11,,4.36,6864.0,1
EMP0188,Team E,Sales,Account Executive,EMP0420,Branch-East,2026-02-01,160.0,155.9,4.7,,10,2000,79.2,0,False,2025-09-26,,2.79,6518.0,1
EMP0006,Team E,Engineering,Developer,EMP0351,HQ,2026-08-01,160.0,159.1,5.3,2.4,15,0,62.2,3,False,2023-08-19,,3.12,9187.75,1
EMP0326,Team I,Operations,Ops Analyst,EMP0047,Branch-East,2025-09-01,160.0,156.7,19.3,2.1,48,40,63.7,0,False,2023-07-15,,2.66,5940.8,1
EMP0441,Team E,Engineering,Developer,EMP0006,Branch-East,2026-08-01,160.0,148.6,6.9,0.3,18,0,91.3,5,False,2024-06-21,,2.64,8742.25,1
EMP0384,Team G,Marketing,Marketing Specialist,EMP0480,HQ,2026-04-01,160.0,149.9,1.9,2.1,15,300,76.6,0,False,2025-06-13,,4.97,5040.75,1
EMP0333,Team A,ENGINEERING,QA Engineer,EMP0480,Branch-West,2026-01-01,160.0,170.2,16.1,2.2,28,0,72.8,0,False,2022-09-22,,3.06,8162.7,1
EMP0309,Team H,Operations,Ops Analyst,EMP0351,Remote,2026-04-01,160.0,160.2,0.2,0.6,82,40,78.5,0,False,2024-04-22,,3.81,5136.0,1
EMP0025,Team B,Sales,SDR,EMP0077,Remote,2025-09-01,160.0,156.0,14.8,0.1,37,150,69.5,1,False,2021-10-07,,,4989.6,1
EMP0063,Team F,Operations,Ops Analyst,EMP0470,Remote,2026-07-01,160.0,147.4,3.4,0.9,65,40,86.5,0,False,2026-02-18,,3.65,4880.0,1
EMP0177,Team A,Support,Support Agent,EMP0351,HQ,2025-12-01,160.0,144.7,4.8,1.0,89,50,72.7,0,False,2023-11-30,,4.63,3645.6,1
EMP0116,Team G,Marketing,Marketing Specialist,EMP0162,Remote,2025-12-01,160.0,166.2,7.5,0.3,10,300,73.9,0,False,2024-08-31,,3.4,5855.85,1
EMP0269,Team D,Sales,SDR,EMP0100,HQ,2025-12-01,160.0,147.3,2.9,0.2,39,150,73.3,1,False,2022-01-05,,3.48,4246.2,1
EMP0266,Team I,Operations,Ops Coordinator,EMP0033,HQ,2026-03-01,160.0,164.7,6.2,1.2,77,35,91.4,2,False,2024-05-19,,3.68,4698.0,1
EMP0012,Team H,Marketing,Marketing Specialist,EMP0100,Branch-West,2026-03-01,160.0,161.7,1.7,0.1,11,300,75.3,0,False,2022-11-03,,3.47,5420.25,1
EMP0486,Team A,Marketing,Marketing Specialist,EMP0453,HQ,2025-10-01,160.0,172.2,12.2,3.2,12,300,44.0,3,False,2021-10-11,,3.14,6286.5,1
EMP0101,Team A,Engineering,QA Engineer,EMP0457,Branch-East,2025-10-01,160.0,149.9,7.4,0.3,18,0,85.0,0,False,2021-09-29,,2.96,6762.0,1
EMP0441,Team E,Engineering,Developer,EMP0006,Branch-East,2025-09-01,160.0,158.5,6.8,,15,0,91.2,7,False,2024-06-21,,3.1,9278.5,1
EMP0253,Team G,Operations,Ops Coordinator,EMP0450,HQ,2026-04-01,160.0,172.7,15.1,1.7,62,35,73.4,1,False,2022-07-28,,3.83,5274.45,1
EMP0472,Team A,Marketing,Marketing Specialist,EMP0471,Remote,2026-01-01,160.0,151.2,7.8,1.2,14,300,84.3,2,False,2023-02-14,,3.62,5375.7,1
EMP0057,Team H,Engineering,Data Engineer,EMP0245,Remote,2026-04-01,160.0,160.3,0.3,1.5,16,0,89.8,2,False,2025-05-07,,3.76,9645.0,1
EMP0327,Team H,Sales,SDR,EMP0077,Branch-East,2025-11-01,160.0,161.2,6.4,0.3,60,150,47.8,2,False,2025-01-22,,3.78,4782.4,1
EMP0452,Team C,Sales,SDR,EMP0085,,2026-03-01,160.0,150.6,1.6,0.5,30,150,68.6,0,False,2025-12-27,,3.5,4284.0,1
EMP0500,Team B,Marketing,Content Creator,EMP0243,Branch-East,2025-10-01,160.0,153.6,1.2,0.9,19,150,88.0,0,False,2023-12-17,,3.41,4662.0,1
EMP0363,Team E,Sales,Sales Manager,EMP0277,HQ,2026-08-01,160.0,161.2,6.3,1.1,10,2500,61.9,0,False,2022-06-02,,3.03,8873.8,1
EMP0122,Team H,Marketing,Content Creator,EMP0471,Branch-West,2026-04-01,160.0,160.9,0.9,1.4,18,150,40.1,1,False,2022-09-10,,4.25,4867.5,1
EMP0130,Team G,Sales,SDR,EMP0351,HQ,2026-01-01,160.0,162.9,6.0,0.2,36,150,92.0,1,False,2025-04-15,,4.73,4813.2,1
EMP0127,Team E,Operations,Ops Analyst,EMP0277,HQ,2026-03-01,160.0,165.2,7.1,0.7,58,40,68.7,1,False,2022-05-14,,3.37,5627.2,1
EMP0494,Team C,ENGINEERING,Data Engineer,EMP0210,HQ,2025-11-01,160.0,157.6,1.5,2.2,15,0,,0,False,2024-08-06,,3.82,9591.0,1
EMP0287,Team D,Sales,SDR,EMP0033,Branch-West,2026-04-01,160.0,131.6,2.0,2.2,45,150,76.1,1,False,2025-01-08,,3.2,3768.8,1
EMP0182,Team H,Engineering,Developer,EMP0217,Branch-East,2026-06-01,160.0,163.2,3.2,1.8,18,0,69.1,1,False,2025-08-26,,3.86,9240.0,1
EMP0073,Team B,Engineering,Developer,EMP0035,HQ,2026-07-01,160.0,145.3,11.5,3.9,14,0,78.9,2,False,2025-04-05,,3.89,8940.25,1
EMP0279,Team J,Support,Support Lead,EMP0320,HQ,2026-03-01,160.0,157.4,6.5,,102,60,80.5,1,False,2024-01-02,,3.55,5683.1,1
EMP0440,Team G,engineering,Developer,EMP0318,HQ,2025-12-01,160.0,154.3,2.8,0.5,8,0,59.9,0,False,2025-09-25,,3.07,8717.5,1
EMP0148,Team E,Sales,Account Executive,EMP0376,HQ,2026-05-01,160.0,172.2,20.2,0.4,14,2000,78.4,3,False,2025-08-11,,4.27,8100.0,1
EMP0445,Team G,Operations,Ops Analyst,EMP0309,Remote,2026-03-01,160.0,161.5,1.5,0.4,55,40,90.3,0,False,2025-03-25,,4.53,5240.0,1
EMP0356,Team B,Support,Support Lead,EMP0457,Remote,2026-06-01,160.0,168.6,13.5,4.4,91,60,97.0,7,False,2026-01-04,,3.95,6420.9,1
EMP0061,Team J,Sales,Account Executive,EMP0193,Branch-East,2026-02-01,160.0,167.2,11.7,3.2,16,2000,58.5,0,False,2021-08-20,,4.27,7390.0,1
EMP0427,Team G,Sales,Account Executive,EMP0482,HQ,2025-12-01,160.0,161.8,3.6,3.4,15,2000,85.3,0,False,2021-11-10,,4.4,6688.0,1
EMP0164,Team E,Sales,Sales Manager,EMP0422,Remote,2025-12-01,160.0,161.3,25.3,3.8,8,2500,79.8,1,False,2023-03-02,,3.3,10361.0,1
EMP0425,Team F,Engineering,Developer,EMP0303,Remote,2026-05-01,160.0,154.5,10.4,1.6,16,0,84.2,3,False,2021-10-03,,3.34,9355.5,1
EMP0368,Team D,Marketing,Content Creator,EMP0449,HQ,2026-08-01,160.0,160.2,0.2,7.3,22,150,71.2,5,False,2025-05-23,,4.1,4815.0,1
EMP0032,Team A,Engineering,QA Engineer,EMP0351,Branch-West,2026-05-01,160.0,157.8,4.4,1.7,31,0,86.7,4,False,2024-01-28,,3.13,6904.8,1
EMP0383,Team I,Support,Support Agent,EMP0457,Remote,2025-12-01,160.0,169.0,11.5,3.2,79,50,80.6,6,False,2021-09-07,,2.89,4470.0,1
EMP0166,Team I,Operations,Ops Coordinator,EMP0035,Branch-West,2025-11-01,160.0,154.7,17.0,1.5,69,35,54.2,0,False,2024-10-04,,3.93,4865.4,1
EMP0027,Team B,Engineering,Developer,EMP0450,Branch-West,2026-03-01,160.0,162.3,2.3,8.3,18,0,47.3,0,False,2024-01-17,,3.62,9116.25,1
EMP0395,Team C,Sales,SDR,EMP0376,Remote,2025-10-01,160.0,161.8,1.8,3.5,53,150,69.9,4,False,2021-09-13,,3.5,4606.0,1
EMP0055,Team G,  Sales  ,Sales Manager,EMP0392,Branch-East,2026-08-01,160.0,155.9,8.1,0.4,11,2500,88.4,0,False,2025-10-15,,4.12,8738.6,1
EMP0134,Team F,Sales,Sales Manager,EMP0193,Remote,2025-10-01,160.0,160.4,0.4,0.3,10,2500,73.7,9,False,2023-03-16,,,8372.0,1
EMP0371,Team H,Engineering,QA Engineer,EMP0225,Branch-East,2026-04-01,160.0,161.5,1.5,0.4,30,0,57.2,3,False,2024-02-11,,2.56,6877.5,1
EMP0495,Team E,Sales,Sales Manager,EMP0476,Remote,2026-03-01,160.0,159.9,1.6,1.0,12,2500,71.5,4,False,2025-09-22,,4.11,8439.6,1
EMP0386,Team H,Operations,Ops Coordinator,EMP0259,HQ,2026-04-01,160.0,139.3,3.8,2.6,76,35,61.4,0,False,2023-10-22,,3.52,3915.0,1
EMP0061,Team J,Sales,Account Executive,EMP0193,Branch-East,2026-06-01,160.0,162.2,2.4,1.8,16,2000,90.7,1,False,2021-08-20,,4.73,6632.0,1
EMP0362,Team D,Support,Support Agent,EMP0033,Remote,2026-03-01,160.0,165.5,15.3,0.9,113,50,82.9,0,False,2025-10-15,,4.44,4522.8,1
EMP0053,Team B,Marketing,Marketing Specialist,EMP0100,Remote,2026-05-01,160.0,154.9,1.3,4.9,8,300,85.9,1,False,2022-09-20,,3.32,5176.05,1
EMP0105,Team F,Marketing,Marketing Specialist,EMP0303,HQ,2026-01-01,160.0,161.6,11.8,0.3,11,300,57.8,2,False,2022-11-12,,3.87,5916.9,1
EMP0241,Team I,Marketing,Content Creator,EMP0251,HQ,2026-04-01,160.0,152.9,0.5,0.6,23,150,84.8,4,False,2021-12-06,,4.13,4609.5,1
EMP0467,Team A,Engineering,DevOps Engineer,EMP0303,Branch-East,2026-07-01,160.0,154.7,32.3,1.6,15,0,91.0,3,False,2023-08-15,,3.63,11782.7,1
EMP0084,Team A,Engineering,Developer,EMP0006,Branch-West,2026-03-01,160.0,158.8,18.3,0.2,13,0,81.7,5,False,2024-05-20,,3.69,10243.75,1
EMP0390,Team D,Operations,Ops Coordinator,EMP0355,Branch-West,2026-05-01,160.0,160.0,0.5,0.7,65,35,74.4,0,False,2023-02-12,,4.4,4340.25,1
EMP0489,Team C,marketing,Marketing Specialist,EMP0471,Remote,2026-02-01,160.0,156.4,5.0,0.6,14,300,88.7,3,False,2024-06-30,,3.76,5408.7,1
EMP0428,Team I,Marketing,Content Creator,EMP0102,HQ,2025-10-01,160.0,150.9,8.6,6.8,22,150,76.8,0,False,2024-10-09,,3.68,4914.0,1
EMP0328,Team F,Support,Support Lead,EMP0167,Branch-East,2026-04-01,160.0,160.4,8.6,1.7,97,60,71.5,0,False,2024-09-18,,4.13,5892.2,1
EMP0030,Team J,Engineering,Data Engineer,EMP0420,Remote,2026-06-01,160.0,164.9,4.9,2.7,14,0,63.1,0,False,2023-02-25,,4.02,10335.0,1
EMP0007,Team E,Engineering,Data Engineer,EMP0355,Branch-West,2026-03-01,160.0,166.7,6.7,1.0,15,0,94.2,0,False,2022-05-29,,3.79,10605.0,1
EMP0262,Team G,Marketing,Content Creator,EMP0309,Remote,2026-02-01,160.0,160.1,0.1,0.4,22,150,80.2,3,False,2025-10-18,,2.82,4807.5,1
EMP0448,Team G,Operations,Ops Analyst,EMP0167,HQ,2026-07-01,160.0,160.6,9.1,1.2,56,40,60.4,0,False,2024-02-09,,2.67,5576.0,1
EMP0222,Team I,Sales,SDR,EMP0218,Branch-East,2026-07-01,160.0,156.3,1.8,0.1,45,150,91.0,1,False,2023-02-12,,4.48,4452.0,1
EMP0385,Team B,Operations,Ops Analyst,EMP0217,,2026-04-01,160.0,152.3,37.1,1.4,68,40,82.7,0,False,2022-05-10,,3.83,6654.4,1
EMP0253,Team G,Operations,Ops Coordinator,EMP0450,HQ,2025-10-01,160.0,164.5,4.5,1.5,75,35,73.2,1,False,2022-07-28,,3.27,4623.75,1
EMP0380,Team G,Engineering,Developer,EMP0318,HQ,2025-10-01,160.0,162.2,2.2,1.8,17,0,83.7,2,False,2021-10-15,,4.11,9102.5,1
EMP0413,Team I,Marketing,Content Creator,EMP0301,Branch-East,2025-11-01,160.0,159.4,3.6,0.8,23,150,77.8,0,False,2023-10-30,,3.55,4944.0,1
EMP0015,Team H,Engineering,Developer,EMP0457,HQ,2026-02-01,160.0,153.8,2.6,1.1,19,0,71.0,0,False,2023-09-11,,3.52,8673.5,1
EMP0078,Team B,Engineering,DevOps Engineer,EMP0293,Remote,2025-10-01,160.0,161.3,8.4,0.4,14,0,76.0,1,False,2025-09-04,,3.76,10086.2,1
EMP0155,Team E,Marketing,Marketing Specialist,EMP0251,Remote,2026-02-01,160.0,148.5,15.1,0.9,12,300,72.5,0,False,2022-03-02,,3.7,5647.95,1
EMP0314,Team E,Marketing,Content Creator,EMP0422,Remote,2026-06-01,160.0,152.1,8.3,4.1,18,150,49.3,3,False,2025-11-14,,3.62,4936.5,1
EMP0311,Team F,Sales,Sales Manager,EMP0199,Remote,2026-01-01,160.0,152.2,9.9,,10,2500,63.5,0,False,2024-06-28,,3.07,8686.6,1
EMP0408,Team A,Engineering,Data Engineer,EMP0301,Branch-West,2026-02-01,160.0,165.8,7.0,3.0,19,0,87.0,0,False,2022-03-01,,3.22,10578.0,1
EMP0478,Team C,SALES,Account Executive,EMP0457,HQ,2025-12-01,160.0,158.1,6.1,0.7,9,2000,98.1,0,False,2025-12-26,,3.17,6690.0,1
EMP0137,Team C,Sales,Sales Manager,EMP0193,Branch-West,2025-11-01,160.0,148.6,3.1,2.8,11,2500,79.0,0,False,2022-03-30,,4.19,7969.0,1
EMP0438,Team C,Operations,Ops Analyst,EMP0147,HQ,2026-06-01,160.0,158.3,3.9,1.8,72,40,65.6,1,False,2022-07-07,,4.37,5252.8,1
EMP0038,Team J,Engineering,DevOps Engineer,EMP0199,Branch-West,2026-02-01,160.0,161.8,1.8,0.9,15,0,80.5,1,False,2023-04-29,,4.4,9541.0,1
EMP0108,Team J,Operations,Ops Analyst,EMP0061,Branch-East,2026-06-01,160.0,150.9,3.5,2.2,59,40,66.1,1,False,2022-03-17,,3.07,4996.8,1
EMP0430,Team I,Engineering,Data Engineer,EMP0318,HQ,2026-05-01,160.0,147.6,8.0,0.7,12,0,86.9,6,False,2025-11-18,,3.02,9576.0,1
EMP0087,Team E,Support,Support Lead,EMP0185,HQ,2025-11-01,160.0,158.6,0.9,0.9,67,60,51.9,0,False,2023-12-17,,3.84,5438.3,1
EMP0484,Team J,support,Support Agent,EMP0450,Remote,2025-11-01,160.0,151.9,2.7,0.2,128,50,64.4,1,False,2022-10-05,,,3742.8,1
EMP0281,Team D,Marketing,Marketing Specialist,EMP0376,HQ,2025-11-01,160.0,161.7,15.9,0.7,10,300,96.6,6,False,2024-05-11,,3.25,6123.15,1
EMP0038,Team J,Engineering,DevOps Engineer,EMP0199,Branch-West,2026-04-01,160.0,160.0,3.9,0.8,16,0,70.4,0,False,2023-04-29,,2.98,9619.3,1
EMP0123,Team C,Sales,SDR,EMP0344,Branch-West,2026-02-01,160.0,156.5,7.0,1.2,42,150,72.4,1,False,2025-05-24,,3.46,4676.0,1
EMP0443,Team F,Sales,Account Executive,EMP0480,Remote,2025-12-01,160.0,162.2,2.2,4.6,13,2000,71.7,0,False,2021-12-08,,4.23,6620.0,1
EMP0126,Team I,Sales,Sales Manager,EMP0077,Remote,2026-07-01,160.0,161.1,9.4,1.0,8,2500,86.7,1,False,2024-08-28,,4.06,9110.4,1
EMP0144,Team D,Sales,Account Executive,EMP0471,HQ,2026-06-01,160.0,162.5,2.5,1.7,11,2000,94.5,0,False,2025-08-20,,3.46,6650.0,1
EMP0451,Team A,Operations,Ops Analyst,EMP0100,Remote,2026-03-01,160.0,176.2,24.9,0.4,60,40,88.7,8,False,2023-05-13,,3.96,6833.6,1
EMP0449,Team F,Sales,Sales Manager,EMP0450,HQ,2026-08-01,160.0,158.9,13.5,0.6,15,2500,59.3,0,False,2025-01-09,,4.66,9315.8,1
EMP0174,Team B,Engineering,Developer,EMP0185,Branch-West,2026-08-01,160.0,156.8,6.2,0.5,20,0,59.5,1,False,2024-12-21,,2.49,9135.5,1
EMP0444,  Team G  ,Sales,Sales Manager,EMP0199,HQ,2025-09-01,160.0,155.4,3.0,0.7,9,2500,64.6,1,False,2023-01-09,,4.21,8314.8,1
EMP0146,Team I,Engineering,Developer,EMP0162,Branch-West,2025-12-01,160.0,163.6,3.6,2.1,9,0,93.2,0,False,2022-10-13,,4.15,9295.0,1
EMP0214,Team A,Engineering,Data Engineer,EMP0453,Remote,2025-12-01,160.0,149.7,13.1,0.6,15,0,77.4,2,False,2022-08-17,,2.68,10161.0,1
EMP0234,Team F,Sales,Sales Manager,EMP0280,Remote,2026-03-01,160.0,166.3,12.1,2.7,9,2500,91.0,1,False,2022-08-23,,4.28,9591.4,1
EMP0360,Team D,Sales,Sales Manager,EMP0177,HQ,2025-11-01,160.0,160.2,9.4,,10,2500,93.8,1,True,2024-06-21,2025-11-08,2.95,9063.6,1
EMP0081,Team H,Marketing,Content Creator,EMP0333,Remote,2026-02-01,160.0,163.0,3.2,3.1,25,150,78.1,1,False,2023-12-26,,4.15,5034.0,1
EMP0259,Team F,Sales,SDR,EMP0147,Remote,2025-09-01,160.0,154.3,15.2,0.2,26,150,88.4,1,False,2024-09-25,,3.04,4958.8,1
EMP0085,Team C,Sales,SDR,EMP0147,Remote,2026-05-01,160.0,152.8,0.8,2.3,35,150,67.1,0,False,2022-10-24,,3.75,4312.0,1
EMP0171,Team G,Support,Support Agent,EMP0303,HQ,2026-04-01,160.0,152.3,0.3,5.8,120,50,85.2,1,False,2022-11-02,,4.01,3666.0,1
EMP0098,Team J,Sales,SDR,EMP0162,Branch-West,2026-08-01,160.0,146.9,3.9,1.0,53,150,77.6,0,False,2022-07-17,,4.28,4277.0,1
EMP0018,Team H,Sales,Sales Manager,EMP0280,Branch-East,2025-10-01,160.0,162.0,9.9,1.0,9,2500,74.5,3,False,2022-01-08,,3.18,9196.2,1
EMP0362,Team D,Support,Support Agent,EMP0033,Remote,2026-05-01,160.0,156.3,20.1,3.1,94,50,85.6,3,False,2025-10-15,,4.11,4474.8,1
EMP0281,Team D,Marketing,Marketing Specialist,EMP0376,,2026-08-01,160.0,161.1,1.1,1.7,11,300,88.6,7,False,2024-05-11,,3.65,5370.75,1
EMP0202,Team F,Engineering,QA Engineer,EMP0434,HQ,2025-12-01,160.0,155.7,16.9,1.7,14,0,73.9,3,False,2025-07-01,,3.15,7604.1,1
EMP0005,Team C,Engineering,Developer,EMP0355,Remote,2026-01-01,160.0,165.3,5.3,0.7,23,0,66.2,2,False,2022-05-08,,4.44,9528.75,1
EMP0283,Team E,Sales,SDR,EMP0199,Branch-East,2025-12-01,160.0,168.3,8.3,5.0,33,150,60.8,0,True,2023-01-10,2026-05-03,2.45,5061.0,1
EMP0363,Team E,Sales,Sales Manager,EMP0277,HQ,2026-02-01,160.0,153.6,1.5,2.5,10,2500,63.7,3,False,2022-06-02,,3.31,8104.2,1
EMP0286,Team J,Engineering,QA Engineer,EMP0162,Remote,2026-06-01,160.0,164.2,4.2,1.5,34,0,83.2,1,False,2021-12-01,,3.6,7161.0,1
EMP0422,Team A,Operations,Ops Coordinator,EMP0147,Remote,2026-02-01,160.0,155.3,11.7,0.1,82,35,75.9,4,False,2024-02-15,,4.48,4666.95,1
EMP0091,Team B,Engineering,QA Engineer,EMP0035,Branch-East,2025-12-01,160.0,148.8,1.6,1.3,22,0,73.5,1,False,2022-10-13,,3.32,6350.4,1
EMP0455,Team B,  Engineering  ,DevOps Engineer,EMP0251,Remote,2025-12-01,160.0,157.4,14.2,0.7,12,0,80.1,0,False,2025-01-25,,2.32,10364.6,1
EMP0397,Team A,Operations,Ops Analyst,EMP0301,Remote,2025-09-01,160.0,163.5,3.7,0.9,69,40,79.5,4,False,2021-08-20,,3.63,5409.6,1
EMP0125,Team G,Engineering,QA Engineer,EMP0033,HQ,2026-04-01,160.0,158.6,3.5,2.0,22,0,67.0,0,False,2022-05-04,,3.39,6881.7,1
EMP0182,Team H,Engineering,Developer,EMP0217,Branch-East,2025-12-01,160.0,159.9,29.3,0.7,18,0,83.3,2,False,2025-08-26,,3.11,11211.75,1
EMP0282,Team D,Sales,Sales Manager,EMP0199,HQ,2026-04-01,160.0,164.9,8.7,,15,2500,80.3,2,False,2022-10-28,,3.51,9253.4,1
EMP0177,Team A,Support,Support Agent,EMP0351,HQ,2025-09-01,160.0,166.8,6.8,2.1,78,50,85.4,9,False,2023-11-30,,3.6,4248.0,1
EMP0395,Team C,Sales,SDR,EMP0376,Remote,2026-08-01,160.0,139.9,9.0,0.6,42,150,41.6,0,False,2021-09-13,,3.12,4295.2,1
EMP0187,Team C,OPERATIONS,Ops Analyst,EMP0351,HQ,2025-09-01,160.0,158.1,3.5,1.3,69,40,72.5,0,False,2025-09-30,,2.91,5227.2,1
EMP0275,Team E,Sales,Sales Manager,EMP0420,,2025-12-01,160.0,148.0,2.1,0.1,9,2500,70.8,5,False,2025-03-15,,3.74,7859.8,1
EMP0028,Team A,Sales,Account Executive,EMP0047,Remote,2026-06-01,160.0,162.8,2.8,1.8,15,2000,77.8,1,False,2024-12-15,,2.84,6680.0,1
EMP0161,Team E,Sales,Account Executive,EMP0277,Branch-West,2026-01-01,160.0,159.5,2.2,0.9,14,2000,79.4,0,False,2021-09-11,,3.25,6512.0,1
EMP0465,Team A,Marketing,Content Creator,EMP0376,,2025-10-01,160.0,161.3,15.5,1.1,18,150,78.7,3,False,2025-04-17,,3.83,5536.5,1
EMP0451,Team A,Operations,Ops Analyst,EMP0100,Remote,2025-10-01,160.0,150.9,14.2,3.3,46,40,85.9,0,False,2023-05-13,,2.96,5510.4,1
EMP0173,Team B,Sales,SDR,EMP0392,Remote,2026-05-01,160.0,160.9,0.9,0.4,37,150,89.2,0,False,2021-08-26,,4.0,4543.0,1
EMP0285,Team C,Sales,Account Executive,EMP0035,HQ,2026-06-01,160.0,161.7,3.4,0.9,17,2000,70.6,2,False,2024-09-15,,3.54,6672.0,1
EMP0391,Team G,Marketing,Marketing Specialist,EMP0293,Remote,2025-10-01,160.0,161.6,1.6,0.6,10,300,92.1,0,False,2023-05-28,,2.31,5412.0,1
EMP0181,Team F,Sales,SDR,EMP0309,HQ,2025-10-01,160.0,160.3,2.4,0.6,41,150,82.9,2,False,2024-12-27,,4.32,4589.2,1
EMP0460,Team F,Engineering,Data Engineer,EMP0071,HQ,2025-11-01,160.0,156.5,8.3,1.4,10,0,88.5,1,False,2022-10-30,,,10137.0,1
EMP0428,Team I,Marketing,Content Creator,EMP0102,HQ,2026-03-01,160.0,178.1,18.1,3.6,20,150,97.2,3,False,2024-10-09,,3.75,6157.5,1
EMP0304,Team F,Support,Support Lead,EMP0457,HQ,2025-11-01,160.0,166.0,13.0,1.4,86,60,94.3,1,False,2022-04-22,,,6307.0,1
EMP0153,Team J,Engineering,Developer,EMP0457,Remote,2026-05-01,160.0,157.6,9.6,2.1,18,0,84.9,2,False,2025-06-07,,3.84,9460.0,1
EMP0409,Team D,Marketing,Marketing Specialist,EMP0320,Branch-East,2026-04-01,160.0,157.0,1.5,1.9,10,300,83.9,9,False,2023-07-23,,3.82,5255.25,1
EMP0304,Team F,Support,Support Lead,EMP0457,HQ,2026-05-01,160.0,154.0,28.0,0.3,90,60,66.1,1,False,2022-04-22,,3.72,6664.0,1
EMP0277,Team A,Operations,Ops Coordinator,EMP0480,HQ,2026-07-01,160.0,157.9,1.5,1.2,65,35,85.3,1,False,2024-02-14,,4.1,4324.05,1
EMP0217,Team I,Sales,Account Executive,EMP0480,Branch-West,2026-01-01,160.0,143.3,0.8,1.7,18,2000,97.5,10,False,2025-12-23,,3.1,5780.0,1
EMP0461,Team C,Engineering,DevOps Engineer,EMP0453,HQ,2025-09-01,160.0,163.0,3.0,0.3,14,0,91.5,1,False,2023-10-09,,3.5,9715.0,1
EMP0446,Team G,Marketing,Content Creator,EMP0061,Remote,2026-04-01,160.0,160.9,0.9,2.2,22,150,75.9,5,False,2022-06-10,,3.14,4867.5,1
EMP0104,Team J,Sales,Account Executive,EMP0453,Remote,2025-09-01,160.0,159.9,16.4,0.8,10,2000,90.7,7,False,2022-03-09,,4.25,7380.0,1
EMP0462,Team D,Support,Support Agent,EMP0296,HQ,2026-08-01,160.0,141.5,4.5,0.1,111,50,69.7,0,False,2025-11-23,,2.63,3558.0,1
EMP0189,Team I,Sales,SDR,EMP0218,HQ,2026-07-01,160.0,158.3,0.8,0.6,44,150,72.3,0,False,2021-12-23,,3.61,4466.0,1
EMP0380,Team G,Engineering,Developer,EMP0318,HQ,2026-05-01,160.0,166.2,13.8,0.5,21,0,74.2,5,False,2021-10-15,,4.14,10279.5,1
EMP0246,Team B,Marketing,Marketing Specialist,EMP0355,HQ,2026-01-01,160.0,147.7,4.7,2.1,9,300,57.7,0,False,2024-11-20,,3.98,5106.75,1
EMP0010,Team I,Support,Support Lead,EMP0259,Branch-West,2025-12-01,160.0,150.7,12.7,0.4,89,60,81.3,1,False,2022-08-16,,2.92,5771.5,1
EMP0196,Team B,Sales,Sales Manager,EMP0245,HQ,2026-07-01,160.0,146.5,0.2,6.6,9,2500,91.5,1,False,2024-03-06,,4.39,7633.6,1
EMP0341,Team C,Sales,Account Executive,EMP0061,Branch-East,2025-10-01,160.0,159.1,1.6,5.0,15,2000,86.0,0,False,2023-04-15,,2.3,6460.0,1
EMP0249,Team I,Marketing,Content Creator,EMP0035,Remote,2026-08-01,160.0,169.4,29.6,2.1,30,150,67.8,0,False,2023-06-24,,,6414.0,1
EMP0210,Team A,Engineering,Developer,EMP0193,Remote,2026-06-01,160.0,141.5,5.8,,23,0,82.6,1,False,2021-11-02,,3.8,8261.0,1
EMP0036,Team H,Operations,Ops Analyst,EMP0296,Branch-East,2025-09-01,160.0,160.6,0.6,0.0,58,40,75.0,0,False,2023-07-24,,3.43,5168.0,1
EMP0452,Team C,Sales,SDR,EMP0085,,2026-01-01,160.0,150.4,0.2,1.0,37,150,84.4,0,False,2025-12-27,,3.61,4219.6,1
EMP0321,Team F,Sales,Sales Manager,EMP0193,HQ,2025-11-01,160.0,153.2,0.5,1.9,7,2500,66.9,2,False,2023-05-01,,3.3,8005.4,1
EMP0181,Team F,Sales,SDR,EMP0309,HQ,2026-02-01,160.0,165.4,23.6,1.3,45,150,70.2,1,False,2024-12-27,,3.93,5622.4,1
EMP0478,Team C,Sales,Account Executive,EMP0457,HQ,2026-08-01,160.0,158.7,7.0,2.0,17,2000,62.5,1,False,2025-12-26,,3.8,6768.0,1
EMP0073,Team B,Engineering,Developer,EMP0035,HQ,2026-05-01,160.0,160.1,0.1,3.5,12,0,80.3,2,False,2025-04-05,,3.53,8813.75,1
EMP0278,Team G,support,Support Agent,EMP0199,Remote,2026-06-01,160.0,160.1,0.1,2.9,109,50,75.6,4,False,2024-09-27,,3.52,3846.0,1
EMP0280,Team I,Operations,Ops Coordinator,EMP0193,Branch-East,2026-03-01,160.0,164.6,4.6,0.3,77,35,83.9,1,False,2022-01-05,,2.57,4630.5,1
EMP0338,Team D,Support,Support Agent,EMP0422,Remote,2025-11-01,160.0,151.8,5.5,0.3,95,50,81.0,0,False,2025-09-16,,2.89,3841.2,1
EMP0239,Team C,Support,Support Agent,EMP0296,Remote,2026-08-01,160.0,157.5,5.8,4.1,126,50,75.4,1,False,2023-05-19,,4.19,3988.8,1
EMP0031,Team F,Support,Support Agent,EMP0100,Branch-West,2026-05-01,160.0,162.9,5.5,3.3,113,50,85.1,0,False,2022-09-27,,3.76,4107.6,1
EMP0159,Team E,Engineering,DevOps Engineer,EMP0185,Remote,2026-02-01,160.0,154.9,0.5,0.4,11,0,83.6,2,False,2024-07-19,,3.64,9027.7,1
EMP0084,Team A,Engineering,Developer,EMP0006,Branch-West,2026-07-01,160.0,155.5,6.0,3.1,11,0,93.3,0,False,2024-05-20,,2.86,9047.5,1
EMP0037,Team I,Sales,Account Executive,EMP0277,Remote,2026-02-01,160.0,169.1,9.1,0.7,15,2000,67.6,4,False,2022-07-03,,3.64,7310.0,1
EMP0330,team e,Engineering,DevOps Engineer,EMP0351,Branch-East,2026-05-01,160.0,162.1,13.7,,13,0,78.6,0,False,2025-07-30,,3.28,10593.7,1
EMP0270,Team H,Engineering,DevOps Engineer,EMP0392,Remote,2025-12-01,160.0,144.2,18.7,1.9,10,0,97.0,2,False,2022-08-13,,3.62,9990.5,1
EMP0120,Team C,Sales,SDR,EMP0303,Branch-East,2026-08-01,160.0,161.3,9.2,1.0,38,150,,0,False,2025-11-04,,2.7,4902.8,1
EMP0389,Team A,Operations,Ops Analyst,EMP0006,HQ,2026-03-01,160.0,151.3,7.9,0.9,51,40,84.8,2,False,2025-05-01,,3.38,5220.8,1
EMP0499,Team C,Marketing,Marketing Specialist,EMP0177,HQ,2026-08-01,160.0,160.6,0.6,3.1,11,300,65.3,2,False,2025-03-25,,3.78,5329.5,1
EMP0096,Team C,Sales,SDR,EMP0185,Remote,2025-09-01,160.0,159.9,7.2,0.9,34,150,93.2,1,True,2024-08-31,2025-11-12,2.74,4779.6,1
EMP0118,Team F,Engineering,QA Engineer,EMP0392,HQ,2025-12-01,160.0,160.0,1.6,,22,0,73.3,3,False,2023-06-17,,3.02,6820.8,1
EMP0002,Team D,Marketing,Marketing Specialist,EMP0344,Remote,2026-05-01,160.0,164.3,4.3,0.9,13,300,39.9,0,False,2022-03-21,,2.89,5634.75,1
EMP0140,Team I,Marketing,Marketing Specialist,EMP0482,HQ,2025-12-01,160.0,144.7,0.7,2.2,7,300,81.6,1,False,2025-07-21,,3.2,4809.75,1
EMP0138,Team F,Support,Support Lead,EMP0245,Remote,2026-02-01,160.0,159.0,1.8,0.1,99,60,66.7,5,False,2024-02-26,,3.04,5497.8,1
EMP0447,Team D,Marketing,Content Creator,EMP0167,Branch-East,2026-05-01,160.0,157.4,4.2,0.1,21,150,83.0,2,False,2025-09-02,,3.49,4911.0,1
EMP0022,TEAM E,Engineering,QA Engineer,EMP0245,Remote,2025-09-01,160.0,149.7,6.7,5.8,30,0,79.9,1,False,2023-06-03,,4.25,6709.5,1
EMP0214,Team A,Engineering,Data Engineer,EMP0453,,2026-04-01,160.0,160.8,4.9,1.7,15,0,61.9,4,False,2022-08-17,,3.66,10089.0,1
EMP0044,Team E,Marketing,Marketing Specialist,EMP0035,Remote,2026-02-01,160.0,151.6,3.7,0.3,9,300,81.8,1,False,2023-11-14,,,5185.95,1
EMP0373,Team B,Engineering,QA Engineer,EMP0006,HQ,2026-02-01,160.0,150.1,0.9,1.5,23,0,76.6,1,False,2021-12-23,,2.9,6360.9,1
EMP0382,Team C,Support,Support Agent,EMP0277,HQ,2026-01-01,160.0,158.7,0.4,0.7,160,50,51.1,0,False,2024-11-18,,4.78,3823.2,1
EMP0235,Team B,Engineering,DevOps Engineer,EMP0450,Remote,2025-10-01,160.0,154.6,1.4,0.0,14,0,75.6,7,False,2023-10-25,,3.59,9088.6,1
EMP0341,Team C,Sales,Account Executive,EMP0061,Branch-East,2025-12-01,160.0,168.0,9.4,0.0,11,2000,65.2,1,False,2023-04-15,,3.92,7284.0,1
EMP0355,Team D,Engineering,Data Engineer,EMP0193,Remote,2025-12-01,160.0,149.4,6.3,2.6,13,0,81.2,0,False,2022-01-13,,3.15,9531.0,1
EMP0455,Team B,Engineering,DevOps Engineer,EMP0251,Remote,2026-03-01,160.0,163.1,3.1,0.7,15,0,91.9,0,False,2025-01-25,,3.44,9729.5,1
EMP0471,Team D,Engineering,QA Engineer,EMP0147,Branch-East,2026-03-01,160.0,161.5,8.8,1.4,29,0,,0,False,2024-07-01,,3.3,7337.4,1
EMP0406,Team G,Marketing,Content Creator,EMP0438,HQ,2025-09-01,160.0,161.1,2.3,0.7,23,150,52.3,1,False,2022-05-03,,3.73,4936.5,1
EMP0317,Team C,Sales,Sales Manager,EMP0309,Remote,2026-06-01,160.0,152.3,9.4,1.3,11,2500,90.0,3,False,2024-01-19,,3.79,8652.8,1
EMP0082,Team A,support,Support Lead,EMP0251,Remote,2025-11-01,160.0,148.7,3.2,0.4,100,60,77.0,5,False,2022-02-09,,3.09,5219.0,1
EMP0309,Team H,Operations,Ops Analyst,EMP0351,Remote,2026-05-01,160.0,156.2,3.9,0.2,65,40,,2,False,2024-04-22,,3.99,5185.6,1
EMP0396,Team J,Marketing,Content Creator,EMP0438,HQ,2025-12-01,160.0,160.9,0.9,0.5,11,150,70.4,0,False,2025-12-09,,3.84,4867.5,1
EMP0385,Team B,Operations,Ops Analyst,EMP0217,HQ,2026-02-01,160.0,156.1,16.3,2.0,59,40,85.7,0,False,2022-05-10,,3.6,5777.6,1
EMP0375,Team A,Engineering,Data Engineer,EMP0187,Branch-East,2026-04-01,160.0,159.8,7.9,0.8,16,0,63.5,2,False,2024-12-29,,4.32,10299.0,1
EMP0058,Team D,Engineering,Developer,EMP0482,Branch-East,2026-08-01,160.0,162.4,2.7,4.0,24,0,,1,False,2021-12-24,,4.39,9154.75,1
EMP0020,Team B,Engineering,DevOps Engineer,EMP0344,HQ,2026-06-01,160.0,161.2,1.2,0.5,15,0,94.8,5,False,2025-08-14,,3.54,9454.0,1
EMP0414,Team A,Sales,SDR,EMP0225,Remote,2026-07-01,160.0,165.3,5.3,3.2,47,150,,4,False,2024-03-18,,3.64,4851.0,1
EMP0353,Team A,Support,Support Lead,EMP0470,Remote,2026-07-01,160.0,163.6,3.6,4.8,67,60,69.2,2,False,2023-08-26,,3.98,5746.0,1
EMP0095,Team D,Operations,Ops Analyst,EMP0177,Branch-West,2026-04-01,160.0,154.3,5.9,1.4,79,40,89.3,0,False,2024-03-12,,2.95,5220.8,1
EMP0231,Team H,Operations,Ops Coordinator,EMP0251,Branch-East,2026-08-01,160.0,165.9,8.0,,79,35,73.8,1,False,2023-05-27,,3.61,4803.3,1
EMP0225,Team I,Engineering,Data Engineer,EMP0351,,2025-09-01,160.0,160.7,0.7,1.3,14,0,71.3,0,False,2021-12-22,,3.23,9705.0,1
EMP0489,Team C,Marketing,Marketing Specialist,EMP0471,Remote,2026-03-01,160.0,160.8,0.8,4.6,14,300,56.3,0,False,2024-06-30,,3.82,5346.0,1
EMP0166,Team I,Operations,Ops Coordinator,EMP0035,Branch-West,2026-03-01,160.0,150.2,15.2,1.3,109,35,71.7,0,False,2024-10-04,,3.56,4671.0,1
EMP0098,Team J,Sales,SDR,EMP0162,Branch-West,2026-02-01,160.0,162.2,2.2,0.5,35,150,89.4,1,False,2022-07-17,,2.97,4634.0,1
EMP0110,Team B,Engineering,DevOps Engineer,EMP0217,HQ,2025-11-01,160.0,172.5,25.5,1.4,12,0,73.2,0,False,2024-10-04,,3.39,12223.5,1
EMP0083,Team D,Sales,Account Executive,EMP0320,HQ,2025-09-01,160.0,160.9,0.9,0.9,23,2000,87.4,1,False,2025-05-17,,3.04,6490.0,1
EMP0136,Team F,Sales,SDR,EMP0318,HQ,2025-11-01,160.0,160.3,0.3,1.6,49,150,71.7,1,False,2024-10-13,,3.32,4501.0,1
EMP0383,Team I,Support,Support Agent,EMP0457,Remote,2026-07-01,160.0,145.6,0.1,1.4,85,50,74.3,3,False,2021-09-07,,3.96,3498.0,1
EMP0406,  Team G  ,Marketing,Content Creator,EMP0438,HQ,2026-03-01,160.0,155.9,7.4,1.7,21,150,60.6,0,False,2022-05-03,,3.0,5010.0,1
EMP0052,Team D,Operations,Ops Analyst,EMP0293,Remote,2026-06-01,160.0,151.9,11.3,7.2,59,40,,3,False,2025-12-11,,3.54,5403.2,1
EMP0124,Team D,Engineering,QA Engineer,EMP0085,Remote,2026-08-01,160.0,159.7,6.3,0.3,25,0,60.8,0,False,2022-06-11,,3.74,7104.3,1
EMP0246,Team B,Marketing,Marketing Specialist,EMP0355,HQ,2026-07-01,160.0,155.0,3.1,2.5,12,300,88.0,0,False,2024-11-20,,3.48,5268.45,1
EMP0402,Team H,Marketing,Marketing Specialist,EMP0085,Branch-West,2025-11-01,160.0,154.2,4.4,0.4,10,300,85.8,0,False,2022-02-23,,4.14,5306.4,1
EMP0068,Team J,Operations,Ops Analyst,EMP0434,Remote,2026-04-01,160.0,162.1,2.1,2.2,58,40,82.1,2,False,2024-04-02,,3.84,5288.0,1
EMP0207,Team F,Engineering,DevOps Engineer,EMP0167,Remote,2026-07-01,160.0,156.2,16.1,6.2,17,0,85.2,2,False,2025-05-18,,4.1,10460.3,1
EMP0334,Team G,Engineering,DevOps Engineer,EMP0450,Branch-East,2026-01-01,160.0,171.5,11.5,2.0,18,0,67.0,5,False,2023-08-04,,3.51,10947.5,1
EMP0497,Team A,Sales,Account Executive,EMP0351,Remote,2025-12-01,160.0,164.2,4.2,4.1,11,2000,83.3,0,False,2025-09-17,,4.74,6820.0,1
EMP0105,Team F,Marketing,Marketing Specialist,EMP0303,HQ,2025-09-01,160.0,148.8,4.4,2.4,10,300,84.9,0,False,2022-11-12,,3.46,5128.2,1
EMP0162,Team I,Support,Support Agent,EMP0450,Remote,2026-05-01,160.0,156.4,1.0,0.1,137,50,80.4,2,False,2022-08-14,,3.25,3789.6,1
EMP0382,Team C,Support,Support Agent,EMP0277,HQ,2026-04-01,160.0,147.5,3.2,0.2,73,50,54.0,9,False,2024-11-18,,3.81,3655.2,1
EMP0242,Team H,Marketing,Marketing Specialist,EMP0167,HQ,2026-01-01,160.0,164.5,26.4,0.1,14,300,94.6,0,False,2024-05-23,,3.55,6735.3,1
EMP0440,Team G,Engineering,Developer,EMP0318,HQ,2025-10-01,160.0,155.7,10.1,,18,0,69.0,0,False,2025-09-25,,3.54,9396.75,1
EMP0479,Team C,Marketing,Content Creator,EMP0450,HQ,2026-01-01,160.0,150.4,0.1,1.7,19,150,91.1,2,False,2025-12-24,,2.51,4516.5,1
EMP0412,Team G,Marketing,Content Creator,EMP0303,Branch-East,2026-06-01,160.0,160.9,2.1,0.2,21,150,97.2,2,True,2025-02-28,2026-06-23,2.19,4921.5,1
EMP0481,Team D,Support,Support Lead,EMP0476,HQ,2026-02-01,160.0,144.6,25.2,2.5,68,60,78.6,0,False,2022-01-26,,2.93,6201.6,1
EMP0078,Team B,Engineering,DevOps Engineer,EMP0293,Remote,2026-01-01,160.0,150.1,5.1,0.6,17,0,60.9,4,False,2025-09-04,,2.73,9149.5,1
EMP0197,Team E,Support,Support Agent,EMP0449,,2026-05-01,160.0,161.3,1.3,2.8,120,50,81.0,1,False,2025-08-22,,4.16,3918.0,1
EMP0283,Team E,Sales,SDR,EMP0199,Branch-East,2026-04-01,160.0,151.7,0.5,3.1,50,150,64.3,2,True,2023-01-10,2026-05-03,2.46,4268.6,1
EMP0275,Team E,Sales,Sales Manager,EMP0420,Remote,2026-06-01,160.0,164.1,4.1,1.5,12,2500,77.8,5,False,2025-03-15,,3.47,8853.0,1
EMP0119,Team I,Marketing,Content Creator,EMP0218,Remote,2026-07-01,160.0,160.2,3.1,2.8,14,150,88.8,2,False,2023-05-10,,3.11,4945.5,1
EMP0103,Team I,Sales,Sales Manager,EMP0035,Remote,2026-01-01,160.0,160.3,0.3,1.6,8,2500,79.9,0,False,2021-12-02,,3.13,8359.0,1
EMP0425,Team F,Engineering,Developer,EMP0303,Remote,2026-08-01,160.0,160.5,5.2,2.1,19,0,94.5,0,False,2021-10-03,,3.95,9256.5,1
EMP0021,TEAM H,Support,Support Agent,EMP0035,Branch-East,2026-05-01,160.0,150.3,3.0,0.4,85,50,52.4,0,False,2023-09-07,,4.17,3715.2,1
EMP0414,Team A,Sales,SDR,EMP0225,Remote,2026-08-01,160.0,164.8,4.8,0.2,39,150,,0,False,2024-03-18,,3.06,4816.0,1
EMP0184,Team E,Marketing,Marketing Specialist,EMP0100,HQ,2026-08-01,160.0,148.8,4.9,0.3,11,300,61.4,1,False,2025-08-01,,2.81,5152.95,1
EMP0071,Team E,Operations,Ops Analyst,EMP0193,HQ,2025-09-01,160.0,159.6,6.2,0.2,63,40,62.8,0,False,2022-11-07,,3.06,5404.8,1
EMP0118,Team F,Engineering,QA Engineer,EMP0392,HQ,2026-05-01,160.0,160.6,15.7,0.2,24,0,,11,False,2023-06-17,,3.39,7734.3,1
EMP0149,Team J,Engineering,QA Engineer,EMP0071,HQ,2025-10-01,160.0,160.5,0.5,0.5,20,0,91.6,1,False,2022-08-29,,2.73,6772.5,1
EMP0442,Team A,Marketing,Marketing Specialist,EMP0280,Branch-East,2026-05-01,160.0,157.8,1.4,1.9,14,300,84.7,3,False,2022-02-19,,3.74,5276.7,1
EMP0153,Team J,Engineering,Developer,EMP0457,Remote,2025-10-01,160.0,143.3,22.5,0.3,14,0,89.4,2,False,2025-06-07,,3.68,9737.75,1
EMP0292,Team A,Engineering,QA Engineer,EMP0225,Remote,2026-04-01,160.0,166.5,6.5,0.1,24,0,85.3,0,False,2023-01-21,,3.51,7402.5,1
EMP0020,Team B,Engineering,DevOps Engineer,EMP0344,HQ,2025-11-01,160.0,161.2,2.5,3.5,13,0,67.7,0,False,2025-08-14,,,9567.1,1
EMP0418,Team J,Sales,Account Executive,EMP0392,Branch-West,2025-11-01,160.0,149.6,4.9,1.7,18,2000,81.1,0,False,2025-06-01,,3.79,6278.0,1
EMP0162,Team I,Support,Support Agent,EMP0450,Remote,2026-01-01,160.0,146.3,1.8,3.6,115,50,91.6,0,False,2022-08-14,,3.2,3576.0,1
EMP0159,Team E,Engineering,DevOps Engineer,EMP0185,Remote,2026-03-01,160.0,164.3,5.4,1.5,9,0,77.7,0,False,2024-07-19,,4.24,9999.2,1
EMP0090,Team A,Sales,SDR,EMP0280,Branch-East,2026-03-01,160.0,166.2,6.2,,27,150,77.8,1,False,2023-05-20,,3.67,4914.0,1
EMP0407,Team I,Sales,Account Executive,EMP0187,Remote,2026-06-01,160.0,153.0,0.3,3.1,16,2000,79.4,0,False,2023-02-17,,4.46,6138.0,1
EMP0256,Team F,Sales,Account Executive,EMP0300,Remote,2026-04-01,160.0,167.2,14.8,0.8,18,2000,74.2,4,True,2025-12-14,2026-04-05,2.08,7576.0,1
EMP0057,Team H,Engineering,Data Engineer,EMP0245,Remote,2026-05-01,160.0,154.4,5.4,0.5,16,0,57.9,2,False,2025-05-07,,3.15,9750.0,1
EMP0171,Team G,Support,Support Agent,EMP0303,HQ,2026-05-01,160.0,157.2,5.2,0.9,136,50,96.5,3,False,2022-11-02,,,3960.0,1
EMP0426,Team B,Sales,SDR,EMP0476,,2026-02-01,160.0,152.3,4.8,1.0,39,150,89.2,0,False,2026-01-02,,4.3,4466.0,1
EMP0014,Team C,Engineering,DevOps Engineer,EMP0185,Branch-West,2026-02-01,160.0,151.0,0.1,0.7,14,0,85.5,0,False,2026-02-19,,4.48,8766.7,1
EMP0382,Team C,SUPPORT,Support Agent,EMP0277,HQ,2026-03-01,160.0,156.1,3.6,2.9,130,50,82.0,1,False,2024-11-18,,3.74,3876.0,1
EMP0351,Team F,Sales,Sales Manager,,Branch-West,2026-04-01,160.0,173.7,13.7,,11,2500,91.7,0,False,2022-07-22,,4.08,10101.0,1
EMP0325,Team B,Marketing,Content Creator,EMP0376,Remote,2025-11-01,160.0,158.1,0.3,1.3,24,150,91.0,1,False,2024-06-07,,3.39,4756.5,1
EMP0047,Team C,Sales,Account Executive,EMP0450,Remote,2025-11-01,160.0,167.4,20.8,0.4,14,2000,78.7,6,False,2023-12-23,,3.51,7944.0,1
EMP0499,Team C,Marketing,Marketing Specialist,EMP0177,HQ,2026-07-01,160.0,163.5,10.0,0.0,13,300,65.1,0,False,2025-03-25,,2.48,5890.5,1
EMP0060,Team J,Sales,Sales Manager,EMP0296,Remote,2026-04-01,160.0,166.6,11.2,2.0,13,2500,84.6,2,False,2025-12-17,,4.17,9536.8,1
EMP0400,Team A,Operations,Ops Coordinator,EMP0434,HQ,2025-12-01,160.0,160.7,0.7,6.1,60,35,63.2,2,False,2022-01-07,,3.36,4367.25,1
EMP0045,Team H,Engineering,DevOps Engineer,EMP0225,Remote,2026-04-01,160.0,160.3,6.7,1.0,11,0,66.7,1,False,2023-02-23,,3.56,9880.3,1
EMP0158,Team J,Operations,Ops Analyst,EMP0006,Branch-West,2025-10-01,160.0,168.2,10.2,4.4,64,40,68.2,1,False,2023-12-14,,4.18,5872.0,1
EMP0463,Team F,Operations,Ops Analyst,EMP0453,HQ,2026-01-01,160.0,159.2,3.4,0.0,58,40,69.4,5,False,2025-07-16,,3.2,5257.6,1
EMP0210,Team A,Engineering,Developer,EMP0193,Remote,2026-07-01,160.0,157.1,1.4,1.3,18,0,86.5,0,False,2021-11-02,,4.48,8756.0,1
EMP0176,Team F,Engineering,DevOps Engineer,EMP0193,HQ,2026-07-01,160.0,157.7,4.8,0.0,14,0,74.5,7,False,2025-12-28,,3.91,9564.2,1
EMP0170,Team B,Sales,Sales Manager,EMP0210,Remote,2026-01-01,160.0,168.6,13.2,0.3,10,2500,61.3,4,False,2025-03-25,,2.13,9796.8,1
EMP0266,Team I,Operations,Ops Coordinator,EMP0033,HQ,2025-10-01,160.0,139.2,10.9,,62,35,62.8,0,False,2024-05-19,,3.71,4199.85,1
EMP0209,Team D,Engineering,Developer,EMP0422,HQ,2026-06-01,160.0,159.7,2.7,0.6,24,0,91.6,2,False,2026-01-08,,2.87,9006.25,1
EMP0411,Team G,Sales,Account Executive,EMP0100,Remote,2026-06-01,160.0,165.3,9.4,0.4,13,2000,66.2,0,False,2025-11-25,,3.29,7176.0,1
EMP0301,Team I,Engineering,DevOps Engineer,EMP0450,Remote,2026-04-01,160.0,172.1,17.3,3.8,13,0,61.4,0,False,2022-05-13,,4.34,11486.9,1
EMP0477,Team F,Engineering,DevOps Engineer,EMP0102,Remote,2026-02-01,160.0,161.0,10.1,1.9,15,0,82.3,1,False,2025-09-07,,3.66,10216.7,1
EMP0444,Team G,Sales,Sales Manager,EMP0199,HQ,2026-05-01,160.0,154.9,18.6,0.5,9,2500,83.6,3,False,2023-01-09,,2.74,9505.6,1
EMP0474,Team F,  Marketing  ,Marketing Specialist,EMP0035,HQ,2025-11-01,160.0,160.0,0.0,4.9,14,300,88.5,0,False,2024-08-21,,3.59,5280.0,1
EMP0101,Team A,engineering,QA Engineer,EMP0457,Branch-East,2026-04-01,160.0,148.6,4.3,0.8,25,0,76.0,0,False,2021-09-29,,3.99,6512.1,1
EMP0150,Team D,Engineering,QA Engineer,EMP0243,Remote,2026-06-01,160.0,163.6,3.6,,31,0,67.0,5,False,2021-10-31,,3.01,7098.0,1
EMP0400,Team A,Operations,Ops Coordinator,EMP0434,HQ,2026-06-01,160.0,172.8,21.9,0.7,64,35,93.0,1,False,2022-01-07,,3.52,5552.55,1
EMP0019,Team G,Sales,Account Executive,EMP0006,HQ,2026-07-01,160.0,158.3,40.8,0.2,10,2000,81.4,9,False,2025-03-26,,3.87,8780.0,1
EMP0387,Team G,Engineering,QA Engineer,EMP0167,HQ,2026-01-01,160.0,162.9,2.9,3.1,20,0,95.3,0,False,2021-12-10,,3.28,7024.5,1
EMP0425,Team F,Engineering,Developer,EMP0303,Remote,2025-10-01,160.0,158.1,0.6,2.2,20,0,73.3,4,False,2021-10-03,,3.12,8745.0,1
EMP0316,Team J,Support,Support Lead,EMP0100,HQ,2026-04-01,160.0,161.8,1.8,,118,60,80.7,6,False,2025-11-19,,3.4,5593.0,1
EMP0430,Team I,Engineering,Data Engineer,EMP0318,HQ,2026-01-01,160.0,161.4,1.4,0.0,16,0,92.5,0,False,2025-11-18,,3.93,9810.0,1
EMP0449,Team F,Sales,Sales Manager,EMP0450,HQ,2026-04-01,160.0,163.8,9.6,0.0,10,2500,76.4,0,False,2025-01-09,,4.24,9266.4,1
EMP0464,Team J,Sales,Account Executive,EMP0277,HQ,2025-12-01,160.0,162.6,2.6,2.6,12,2000,67.7,2,False,2024-07-31,,3.19,6660.0,1
EMP0264,Team A,Sales,Account Executive,EMP0187,Remote,2026-01-01,160.0,170.7,10.7,1.3,17,2000,92.6,3,False,2024-03-18,,3.15,7470.0,1
EMP0203,Team B,Engineering,DevOps Engineer,EMP0280,Remote,2026-07-01,160.0,157.6,0.8,4.2,13,0,59.9,0,False,2025-08-16,,3.88,9210.4,1
EMP0176,Team F,Engineering,DevOps Engineer,EMP0193,HQ,2026-02-01,160.0,160.2,0.8,1.6,13,0,57.7,3,False,2025-12-28,,3.68,9361.2,1
EMP0359,Team B,Marketing,Marketing Specialist,EMP0210,HQ,2025-11-01,160.0,163.1,3.1,3.1,15,300,95.6,0,False,2023-12-04,,3.16,5535.75,1
EMP0426,Team B,Sales,SDR,EMP0476,HQ,2026-06-01,160.0,158.4,10.4,0.5,61,150,79.8,1,False,2026-01-02,,3.96,4872.0,1
EMP0143,Team G,Sales,SDR,EMP0047,HQ,2025-12-01,160.0,157.2,13.4,4.0,36,150,65.8,0,False,2022-05-23,,3.12,4964.4,1
EMP0459,Team C,Engineering,Data Engineer,EMP0376,Remote,2026-02-01,160.0,161.3,21.4,1.9,13,0,84.1,0,False,2025-01-27,,2.48,11604.0,1
EMP0307,Team B,Sales,Sales Manager,EMP0320,Remote,2025-09-01,160.0,146.1,11.9,1.0,10,2500,80.8,0,False,2022-12-08,,4.1,8525.4,1
EMP0281,Team D,Marketing,Marketing Specialist,EMP0376,HQ,2026-02-01,160.0,152.3,2.9,1.3,11,300,83.2,2,False,2024-05-11,,3.58,5169.45,1
EMP0281,Team D,Marketing,Marketing Specialist,EMP0376,HQ,2025-12-01,160.0,163.8,15.9,2.1,9,300,80.2,0,False,2024-05-11,,3.2,6192.45,1
EMP0259,Team F,SALES,SDR,EMP0147,Remote,2026-06-01,160.0,143.4,15.8,0.4,45,150,63.6,3,False,2024-09-25,,3.89,4678.8,1
EMP0497,Team A,Sales,Account Executive,EMP0351,Remote,2026-05-01,160.0,158.3,1.2,3.4,17,2000,49.5,4,False,2025-09-17,,3.75,6404.0,1
EMP0019,Team G,Sales,Account Executive,EMP0006,HQ,2026-06-01,160.0,158.9,11.5,4.0,15,2000,57.6,1,False,2025-03-26,,2.74,7046.0,1
EMP0409,Team D,MARKETING,Marketing Specialist,EMP0320,,2026-01-01,160.0,164.1,4.1,0.1,13,300,82.1,0,False,2023-07-23,,4.83,5618.25,1
EMP0193,Team E,Marketing,Content Creator,,HQ,2026-05-01,160.0,155.6,6.3,0.5,19,150,81.2,1,False,2023-03-18,,3.57,4951.5,1
EMP0450,Team I,Engineering,DevOps Engineer,,Remote,2026-03-01,160.0,153.2,11.7,1.3,8,0,72.0,1,False,2024-04-19,,3.55,9903.5,1
EMP0279,Team J,Support,Support Lead,EMP0320,HQ,2026-01-01,160.0,162.6,2.6,2.2,78,60,86.4,3,False,2024-01-02,,4.15,5661.0,1
EMP0127,Team E,Operations,Ops Analyst,EMP0277,HQ,2026-02-01,160.0,160.7,0.7,2.3,50,40,90.4,0,False,2022-05-14,,3.37,5176.0,1
EMP0295,Team F,Engineering,Developer,EMP0035,Remote,2026-08-01,160.0,161.2,1.2,3.8,21,0,,0,False,2023-06-07,,3.36,8965.0,1
EMP0173,Team B,Sales,SDR,EMP0392,Remote,2026-07-01,160.0,148.9,4.0,3.3,38,150,78.8,5,False,2021-08-26,,4.72,4337.2,1
EMP0187,Team C,Operations,Ops Analyst,EMP0351,HQ,2025-10-01,160.0,161.1,1.1,0.7,59,40,62.1,2,False,2025-09-30,,3.48,5208.0,1
EMP0377,Team B,Operations,Ops Coordinator,EMP0243,Branch-East,2026-04-01,160.0,159.9,3.2,2.7,64,35,85.2,8,False,2025-12-07,,3.16,4446.9,1
EMP0158,Team J,Operations,Ops Analyst,EMP0006,Branch-West,2026-03-01,160.0,162.8,2.8,1.1,50,40,69.8,0,False,2023-12-14,,4.1,5344.0,1
EMP0352,Team H,Operations,Ops Analyst,EMP0100,Branch-West,2026-01-01,160.0,155.4,5.5,2.2,63,40,67.4,0,False,2024-01-17,,4.8,5236.8,1
EMP0410,Team H,Engineering,Developer,EMP0061,HQ,2026-07-01,160.0,170.6,15.2,0.1,16,0,58.4,0,False,2024-09-20,,3.16,10637.0,1
EMP0172,Team G,Engineering,Developer,EMP0071,,2026-06-01,160.0,167.4,7.4,1.0,17,0,91.8,0,False,2024-03-09,,4.23,9817.5,1
EMP0017,Team D,Sales,SDR,EMP0102,HQ,2025-11-01,160.0,151.4,4.5,0.5,33,150,92.2,0,False,2025-08-06,,4.24,4428.2,1
EMP0211,Team H,Sales,SDR,EMP0217,HQ,2026-07-01,160.0,157.2,19.8,0.7,31,150,37.1,2,False,2023-02-27,,3.57,5233.2,1
EMP0133,Team E,Engineering,Developer,EMP0147,HQ,2026-03-01,160.0,156.6,28.3,1.8,14,0,44.6,0,False,2025-01-07,,4.32,10947.75,1
EMP0103,  Team I  ,Sales,Sales Manager,EMP0035,Remote,2026-08-01,160.0,153.9,7.5,2.4,9,2500,83.3,1,False,2021-12-02,,3.48,8587.8,1
EMP0186,Team H,Support,Support Agent,EMP0177,HQ,2026-04-01,160.0,146.5,4.1,0.2,153,50,63.4,0,False,2024-05-22,,4.19,3663.6,1
EMP0231,Team H,Operations,Ops Coordinator,EMP0251,Branch-East,2026-05-01,160.0,165.0,5.0,5.3,62,35,85.3,4,False,2023-05-27,,5.0,4657.5,1
EMP0373,Team B,Engineering,QA Engineer,EMP0006,HQ,2026-06-01,160.0,174.5,24.3,0.0,20,0,85.5,0,False,2021-12-23,,3.11,8859.9,1
EMP0191,Team E,Engineering,QA Engineer,EMP0147,Remote,2026-03-01,160.0,153.5,6.7,1.2,23,0,72.5,0,False,2023-11-14,,4.35,6869.1,1
EMP0264,Team A,Sales,Account Executive,EMP0187,Remote,2026-07-01,160.0,164.3,4.3,0.4,13,2000,55.8,3,False,2024-03-18,,3.03,6830.0,1
EMP0435,Team A,Engineering,QA Engineer,EMP0277,HQ,2025-12-01,160.0,154.2,8.9,1.1,15,0,89.9,2,False,2025-06-23,,3.06,7037.1,1
EMP0392,Team I,Sales,Account Executive,EMP0351,Branch-West,2026-06-01,160.0,155.8,22.4,4.2,13,2000,43.6,5,False,2023-03-21,,2.87,7576.0,1
EMP0015,Team H,Engineering,Developer,EMP0457,HQ,2026-04-01,160.0,153.9,1.8,0.6,20,0,86.9,2,False,2023-09-11,,4.31,8613.0,1
EMP0262,Team G,Marketing,Content Creator,EMP0309,Remote,2025-12-01,160.0,162.7,7.7,0.7,17,150,55.4,6,False,2025-10-18,,3.18,5227.5,1
EMP0474,Team F,Marketing,Marketing Specialist,EMP0035,HQ,2026-06-01,160.0,148.2,12.1,0.2,14,300,77.4,2,False,2024-08-21,,3.84,5489.55,1
EMP0467,Team A,Engineering,DevOps Engineer,EMP0303,Branch-East,2026-02-01,160.0,165.2,5.2,5.0,17,0,90.2,0,False,2023-08-15,,3.89,10034.0,1
EMP0339,Team H,Sales,Account Executive,EMP0035,HQ,2026-05-01,160.0,161.1,1.1,2.4,13,2000,65.8,0,False,2024-04-19,,3.18,6510.0,1
EMP0424,Team G,Sales,Account Executive,EMP0471,Remote,2026-02-01,160.0,154.5,14.2,2.1,16,2000,89.2,2,False,2025-03-25,,3.92,7032.0,1
EMP0464,Team J,Sales,Account Executive,EMP0277,HQ,2026-06-01,160.0,165.5,8.8,5.4,14,2000,81.3,4,False,2024-07-31,,3.56,7148.0,1
EMP0294,Team C,Sales,Account Executive,EMP0318,Remote,2026-03-01,160.0,169.0,26.9,1.4,12,2000,66.8,0,False,2023-01-18,,2.78,8374.0,1
EMP0472,Team A,Marketing,Marketing Specialist,EMP0471,Remote,2026-04-01,160.0,152.1,15.8,0.7,10,300,95.9,1,False,2023-02-14,,,5801.4,1
EMP0489,Team C,Marketing,Marketing Specialist,EMP0471,Remote,2025-10-01,160.0,160.6,0.6,1.9,12,300,85.0,0,False,2024-06-30,,4.07,5329.5,1
EMP0144,Team D,Sales,Account Executive,EMP0471,,2025-12-01,160.0,153.1,11.7,8.7,10,2000,83.0,3,False,2025-08-20,,4.41,6826.0,1
EMP0186,Team H,Support,Support Agent,EMP0177,HQ,2026-03-01,160.0,150.5,2.2,2.1,141,50,82.6,1,False,2024-05-22,,3.43,3691.2,1
EMP0003,Team A,Operations,Ops Analyst,EMP0225,Remote,2026-07-01,160.0,149.5,28.8,0.3,60,40,,2,False,2023-03-15,,3.12,6166.4,1
EMP0095,Team D,Operations,Ops Analyst,EMP0177,Branch-West,2025-09-01,160.0,156.0,2.2,1.3,58,40,45.5,0,False,2024-03-12,,3.72,5097.6,1
EMP0129,Team J,Engineering,DevOps Engineer,EMP0033,Remote,2026-01-01,160.0,162.8,2.8,1.6,12,0,86.0,0,False,2022-04-11,,4.16,9686.0,1
EMP0204,Team G,Marketing,Content Creator,EMP0035,Remote,2026-07-01,160.0,173.1,13.1,2.4,21,150,43.6,0,False,2023-12-04,,3.51,5782.5,1
EMP0390,Team D,Operations,Ops Coordinator,EMP0355,Branch-West,2026-01-01,160.0,159.0,7.6,0.2,57,35,73.8,2,False,2023-02-12,,4.45,4600.8,1
EMP0031,Team F,Support,Support Agent,EMP0100,Branch-West,2026-06-01,160.0,150.4,3.1,1.3,118,50,82.7,5,False,2022-09-27,,4.17,3721.2,1
EMP0479,Team C,Marketing,Content Creator,EMP0450,HQ,2026-03-01,160.0,165.7,5.7,6.2,18,150,65.1,1,False,2025-12-24,,3.15,5227.5,1
EMP0482,Team H,Support,Support Lead,EMP0450,Remote,2025-10-01,160.0,160.3,0.3,3.4,116,60,81.0,2,False,2024-06-22,,2.4,5465.5,1
EMP0443,Team F,Sales,Account Executive,EMP0480,Remote,2026-03-01,160.0,161.2,1.2,8.8,19,2000,65.1,2,False,2021-12-08,,2.72,6520.0,1
EMP0217,Team I,Sales,Account Executive,EMP0480,Branch-West,2026-06-01,160.0,153.0,6.1,0.3,14,2000,74.7,0,False,2025-12-23,,3.95,6486.0,1
EMP0050,Team J,Engineering,Developer,EMP0471,Branch-East,2026-03-01,160.0,162.1,4.9,0.2,17,0,72.8,0,False,2022-02-18,,4.15,9319.75,1
EMP0020,Team B,Engineering,DevOps Engineer,EMP0344,HQ,2026-08-01,160.0,156.8,5.3,0.6,7,0,70.7,0,False,2025-08-14,,4.65,9555.5,1
EMP0276,Team F,Sales,SDR,EMP0077,Remote,2025-10-01,160.0,162.1,8.3,0.2,40,150,63.1,3,False,2022-12-15,,4.83,4887.4,1
EMP0348,Team D,Engineering,Data Engineer,EMP0085,Branch-East,2026-01-01,160.0,163.1,3.1,0.4,20,0,58.9,0,False,2025-05-03,,3.01,10065.0,1
EMP0396,Team J,Marketing,Content Creator,EMP0438,HQ,2026-01-01,160.0,166.8,9.9,0.5,25,150,94.2,7,False,2025-12-09,,2.86,5449.5,1
EMP0031,Team F,Support,Support Agent,EMP0100,Branch-West,2026-02-01,160.0,161.9,1.9,0.1,113,50,76.4,0,False,2022-09-27,,3.59,3954.0,1
EMP0392,Team I,Sales,Account Executive,EMP0351,Branch-West,2026-07-01,160.0,150.2,5.2,0.1,14,2000,98.2,0,False,2023-03-21,,3.27,6320.0,1
EMP0353,Team A,Support,Support Lead,EMP0470,Remote,2026-04-01,160.0,139.8,0.2,1.1,74,60,79.4,1,False,2023-08-26,,3.38,4763.4,1
EMP0107,Team F,Sales,Sales Manager,EMP0420,Remote,2026-03-01,160.0,162.4,2.4,0.4,13,2500,78.1,2,False,2024-02-15,,3.58,8632.0,1
EMP0085,Team C,Sales,SDR,EMP0147,Remote,2026-07-01,160.0,159.1,0.1,7.6,30,150,87.0,5,False,2022-10-24,,3.25,4459.0,1
EMP0279,Team J,Support,Support Lead,EMP0320,HQ,2026-06-01,160.0,160.5,3.0,1.6,92,60,68.4,1,False,2024-01-02,,3.71,5610.0,1
EMP0232,Team H,Sales,Sales Manager,EMP0318,HQ,2025-12-01,160.0,155.8,42.6,0.4,11,2500,78.0,3,False,2023-10-14,,4.97,11424.4,1
EMP0021,Team H,Support,Support Agent,EMP0035,Branch-East,2026-02-01,160.0,160.6,0.6,7.1,86,50,78.8,3,False,2023-09-07,,4.08,3876.0,1
EMP0112,Team A,Engineering,Developer,EMP0471,HQ,2025-09-01,160.0,155.3,3.3,0.8,20,0,70.2,1,False,2025-06-20,,2.84,8813.75,1
EMP0384,Team G,Marketing,Marketing Specialist,EMP0480,HQ,2026-05-01,160.0,149.7,7.6,0.6,10,300,,0,False,2025-06-13,,4.21,5316.3,1
EMP0069,Team F,Engineering,QA Engineer,EMP0218,Branch-East,2026-06-01,160.0,157.3,23.2,1.8,24,0,75.9,0,False,2024-09-25,,3.32,8068.2,1
EMP0057,Team H,Engineering,Data Engineer,EMP0245,Remote,2026-02-01,160.0,156.1,1.3,1.8,14,0,79.4,2,False,2025-05-07,,2.8,9483.0,1
EMP0206,Team C,Engineering,DevOps Engineer,EMP0476,HQ,2025-11-01,160.0,166.7,6.7,3.0,9,0,95.6,0,False,2025-06-19,,3.82,10251.5,1
EMP0371,Team H,Engineering,QA Engineer,EMP0225,Branch-East,2025-10-01,160.0,156.6,0.9,1.4,30,0,76.7,1,False,2024-02-11,,3.5,6633.9,1
EMP0069,Team F,Engineering,QA Engineer,EMP0218,Branch-East,2026-08-01,160.0,165.4,5.4,0.4,28,0,88.3,0,False,2024-09-25,,4.01,7287.0,1
EMP0018,Team H,Sales,Sales Manager,EMP0280,Branch-East,2026-05-01,160.0,155.0,6.9,0.2,9,2500,74.4,0,False,2022-01-08,,,8598.2,1
EMP0368,  Team D  ,Marketing,Content Creator,EMP0449,HQ,2026-05-01,160.0,160.9,0.9,0.8,26,150,28.2,0,False,2025-05-23,,4.82,4867.5,1
EMP0492,Team B,Support,Support Lead,EMP0162,Remote,2026-01-01,160.0,164.8,5.4,5.7,95,60,56.7,0,False,2022-05-06,,2.94,5878.6,1
EMP0327,Team H,Sales,SDR,EMP0077,Branch-East,2025-12-01,160.0,161.4,1.4,1.7,25,150,76.4,0,False,2025-01-22,,3.26,4578.0,1
EMP0434,Team I,Engineering,Developer,EMP0480,Branch-East,2026-06-01,160.0,162.3,23.5,0.1,17,0,,0,False,2022-01-28,,4.15,10865.25,1
EMP0028,Team A,Sales,Account Executive,EMP0047,Remote,2025-10-01,160.0,151.3,8.0,3.0,21,2000,60.5,4,False,2024-12-15,,3.27,6532.0,1
EMP0118,Team F,Engineering,QA Engineer,EMP0392,HQ,2026-03-01,160.0,160.2,2.4,2.2,21,0,89.5,0,False,2023-06-17,,3.95,6879.6,1
EMP0194,Team A,Support,Support Lead,EMP0320,HQ,2026-02-01,160.0,150.4,11.1,0.7,102,60,66.3,4,False,2022-07-10,,3.52,5679.7,1
EMP0043,Team A,  Engineering  ,QA Engineer,EMP0434,Remote,2026-08-01,160.0,161.1,1.1,0.9,29,0,71.9,1,False,2025-12-09,,2.95,6835.5,1
EMP0029,Team I,Sales,Sales Manager,EMP0047,HQ,2026-01-01,160.0,165.7,6.5,0.2,12,2500,60.6,9,True,2024-10-22,2026-02-25,2.54,9123.4,1
EMP0104,Team J,Sales,Account Executive,EMP0453,Remote,2025-11-01,160.0,176.0,24.8,0.2,15,2000,64.3,3,False,2022-03-09,,4.7,8528.0,1
EMP0054,Team H,Marketing,Marketing Specialist,EMP0476,HQ,2026-01-01,160.0,159.6,17.9,0.6,13,300,40.9,1,True,2023-10-07,2026-05-02,3.4,6152.85,1
EMP0418,Team J,Sales,Account Executive,EMP0392,Branch-West,2026-01-01,160.0,163.9,3.9,1.5,16,2000,72.9,0,False,2025-06-01,,2.62,6790.0,1
EMP0019,Team G,Sales,Account Executive,EMP0006,HQ,2026-03-01,160.0,148.9,2.6,0.1,14,2000,79.5,0,False,2025-03-26,,3.43,6112.0,1
EMP0224,team f,Sales,SDR,EMP0243,HQ,2025-09-01,160.0,163.8,3.8,0.5,34,150,45.1,5,True,2021-12-19,2026-02-17,3.82,4746.0,1
EMP0405,Team B,Sales,SDR,EMP0309,Remote,2025-10-01,160.0,159.6,1.7,5.3,32,150,85.9,4,False,2024-10-13,,3.08,4540.2,1
EMP0164,Team E,Sales,Sales Manager,EMP0422,Remote,2026-05-01,160.0,173.0,28.8,0.1,13,2500,89.7,2,False,2023-03-02,,4.18,11242.4,1
EMP0027,Team B,Engineering,Developer,EMP0450,Branch-West,2025-11-01,160.0,163.6,3.6,3.7,20,0,57.9,3,False,2024-01-17,,3.29,9295.0,1
EMP0173,Team B,Sales,SDR,EMP0392,Remote,2026-07-01,160.0,148.9,4.0,3.3,38,150,78.8,5,False,2021-08-26,,4.72,4337.2,1
EMP0471,Team D,Engineering,QA Engineer,EMP0147,Branch-East,2026-06-01,160.0,166.6,6.6,1.6,30,0,,5,False,2024-07-01,,4.11,7413.0,1
EMP0453,Team H,Sales,SDR,EMP0193,Remote,2026-05-01,160.0,149.2,1.4,0.7,41,150,69.3,1,False,2024-07-05,,3.94,4236.4,1
EMP0382,Team C,Support,Support Agent,EMP0277,HQ,2026-05-01,160.0,149.4,2.3,7.6,101,50,79.4,0,False,2024-11-18,,3.43,3668.4,1
EMP0011,Team B,Engineering,Developer,EMP0217,Remote,2026-01-01,160.0,161.1,1.1,0.1,21,0,65.7,0,False,2025-08-31,,4.46,8951.25,1
EMP0429,Team I,Sales,Sales Manager,EMP0344,Branch-East,2026-05-01,160.0,160.9,0.9,1.6,11,2500,53.2,0,False,2022-08-12,,3.72,8437.0,1
EMP0022,Team E,Engineering,QA Engineer,EMP0245,Remote,2025-12-01,160.0,162.3,2.3,3.1,17,0,73.4,0,False,2023-06-03,,3.46,6961.5,1
EMP0173,Team B,Sales,SDR,EMP0392,Remote,2026-04-01,160.0,157.0,6.1,1.6,50,150,73.4,3,False,2021-08-26,,3.65,4652.2,1
EMP0064,Team J,Sales,Account Executive,EMP0077,Branch-East,2025-09-01,160.0,158.0,24.1,1.0,16,2000,84.7,9,False,2021-09-07,,3.4,7766.0,1
EMP0346,Team H,Support,Support Lead,EMP0434,Remote,2026-05-01,160.0,151.2,21.5,4.1,121,60,89.2,0,False,2024-07-26,,5.0,6237.3,1
EMP0348,Team D,Engineering,Data Engineer,EMP0085,Branch-East,2025-11-01,160.0,166.1,6.1,,12,0,36.4,0,False,2025-05-03,,3.61,10515.0,1
EMP0261,Team B,Support,Support Lead,EMP0480,HQ,2026-03-01,160.0,162.7,2.7,0.5,64,60,85.0,3,False,2023-09-20,,3.46,5669.5,1
EMP0081,Team H,Marketing,Content Creator,EMP0333,Remote,2025-09-01,160.0,170.5,16.2,0.1,19,150,59.1,0,False,2023-12-26,,4.31,5844.0,1
EMP0232,Team H,Sales,Sales Manager,EMP0318,HQ,2026-07-01,160.0,154.5,14.8,3.0,11,2500,78.6,0,False,2023-10-14,,4.26,9188.4,1
EMP0047,Team C,Sales,Account Executive,EMP0450,Remote,2025-09-01,160.0,160.2,0.2,2.2,17,2000,86.7,3,False,2023-12-23,,2.57,6420.0,1
EMP0447,Team D,Marketing,Content Creator,EMP0167,Branch-East,2026-01-01,160.0,166.4,6.4,1.5,20,150,73.1,2,False,2025-09-02,,3.55,5280.0,1
EMP0056,Team B,Marketing,Content Creator,EMP0301,Remote,2025-11-01,160.0,150.7,1.2,0.3,17,150,37.1,1,False,2024-02-12,,3.74,4575.0,1
EMP0423,Team D,Engineering,QA Engineer,EMP0277,HQ,2026-06-01,160.0,164.6,4.6,1.2,30,0,72.8,9,False,2022-02-23,,2.64,7203.0,1
EMP0370,Team E,Engineering,DevOps Engineer,EMP0259,HQ,2026-05-01,160.0,161.5,1.5,1.3,16,0,75.9,0,False,2025-12-26,,4.5,9497.5,1
EMP0020,Team B,Engineering,DevOps Engineer,EMP0344,HQ,2026-01-01,160.0,160.6,6.6,0.5,17,0,75.7,0,False,2025-08-14,,3.62,9889.0,1
EMP0267,Team F,Support,Support Agent,EMP0185,Remote,2026-05-01,160.0,158.8,1.2,5.2,119,50,87.7,7,False,2025-11-23,,4.47,3854.4,1
EMP0175,Team D,Support,Support Lead,EMP0344,HQ,2025-12-01,160.0,163.7,12.3,0.2,45,60,89.7,0,False,2022-10-14,,,6193.1,1
EMP0041,Team D,Engineering,DevOps Engineer,EMP0162,Branch-East,2025-09-01,160.0,174.8,14.8,2.2,13,0,48.3,0,False,2022-04-09,,3.04,11426.0,1
EMP0317,Team C,Sales,Sales Manager,EMP0309,Remote,2026-07-01,160.0,164.0,4.0,0.9,11,2500,32.8,4,False,2024-01-19,,,8840.0,1
EMP0219,Team A,Support,Support Agent,EMP0480,Branch-East,2026-08-01,160.0,164.8,5.8,2.5,102,50,62.0,4,False,2021-12-22,,4.36,4164.0,1
EMP0483,Team J,Sales,Account Executive,EMP0392,HQ,2026-01-01,160.0,160.6,0.6,2.7,15,2000,84.7,0,True,2024-12-03,2026-07-15,3.39,6460.0,1
EMP0209,Team D,Engineering,Developer,EMP0422,HQ,2026-04-01,160.0,160.4,0.4,0.0,18,0,76.1,1,False,2026-01-08,,3.15,8855.0,1
EMP0193,Team E,Marketing,Content Creator,,HQ,2025-12-01,160.0,152.7,20.6,2.5,16,150,74.2,3,False,2023-03-18,,3.52,5508.0,1
EMP0453,Team H,Sales,SDR,EMP0193,Remote,2025-11-01,160.0,160.6,0.6,1.3,29,150,68.9,0,False,2024-07-05,,3.69,4522.0,1
EMP0066,Team D,Sales,Account Executive,EMP0167,HQ,2025-10-01,160.0,152.9,2.0,1.2,16,2000,83.6,1,True,2023-03-26,2026-01-05,4.07,6236.0,1
EMP0072,Team G,Engineering,Developer,EMP0218,HQ,2026-02-01,160.0,160.2,0.2,3.0,17,0,,1,True,2025-02-03,2026-05-29,3.55,8827.5,1
EMP0251,Team A,Engineering,DevOps Engineer,EMP0147,HQ,2026-08-01,160.0,158.1,3.6,0.9,16,0,85.4,3,False,2023-11-18,,3.97,9483.0,1
EMP0448,Team G,Operations,Ops Analyst,EMP0167,,2026-05-01,160.0,160.8,0.8,4.2,62,40,94.3,4,False,2024-02-09,,3.45,5184.0,1
EMP0497,Team A,Sales,Account Executive,EMP0351,Remote,2026-08-01,160.0,154.2,9.2,2.0,18,2000,68.2,3,False,2025-09-17,,3.81,6720.0,1
EMP0192,Team G,Marketing,Marketing Specialist,EMP0457,HQ,2025-12-01,160.0,142.0,9.0,5.0,10,300,65.5,3,False,2024-01-17,,3.61,5131.5,1
EMP0185,Team B,Engineering,QA Engineer,EMP0450,HQ,2026-08-01,160.0,148.8,19.8,2.4,25,0,77.0,2,False,2025-08-09,,3.65,7497.0,1
EMP0032,Team A,Engineering,QA Engineer,EMP0351,Branch-West,2025-11-01,160.0,163.7,3.7,3.4,23,0,54.9,0,False,2024-01-28,,3.94,7108.5,1
EMP0365,Team I,Marketing,Content Creator,EMP0301,HQ,2025-12-01,160.0,149.0,27.4,0.5,21,150,76.7,4,False,2024-09-30,,3.38,5703.0,1
EMP0454,Team G,Marketing,Marketing Specialist,EMP0162,HQ,2026-01-01,160.0,160.2,0.2,2.3,13,300,,1,False,2023-08-22,,,5296.5,1
EMP0011,Team B,engineering,Developer,EMP0217,Remote,2026-03-01,160.0,162.7,4.0,2.1,18,0,78.6,2,False,2025-08-31,,2.75,9278.5,1
EMP0098,team j,Sales,SDR,EMP0162,Branch-West,2025-09-01,160.0,154.8,2.3,1.2,36,150,79.6,0,False,2022-07-17,,3.67,4431.0,1
EMP0300,Team J,Engineering,QA Engineer,EMP0480,HQ,2025-12-01,160.0,160.1,0.1,1.3,19,0,74.8,2,False,2024-10-03,,4.48,6730.5,1
EMP0388,Team J,Engineering,DevOps Engineer,EMP0392,Branch-East,2026-05-01,160.0,162.0,2.0,3.4,16,0,61.9,0,False,2025-10-09,,3.18,9570.0,1
EMP0486,Team A,Marketing,Marketing Specialist,EMP0453,HQ,2026-05-01,160.0,150.6,1.1,0.3,16,300,81.4,0,False,2021-10-11,,3.91,5024.25,1
EMP0344,Team A,Sales,SDR,EMP0450,Remote,2026-06-01,160.0,163.4,11.7,0.7,62,150,62.9,4,False,2022-08-19,,4.57,5066.6,1
EMP0482,Team H,Support,Support Lead,EMP0450,Remote,2025-11-01,160.0,161.2,1.2,2.0,85,60,52.8,2,False,2024-06-22,,2.45,5542.0,1
EMP0173,Team B,Sales,SDR,EMP0392,Remote,2026-02-01,160.0,152.1,11.8,0.4,60,150,72.7,0,False,2021-08-26,,3.73,4754.4,1
EMP0412,Team G,Marketing,Content Creator,EMP0303,Branch-East,2025-12-01,160.0,160.4,0.4,0.2,18,150,90.5,0,True,2025-02-28,2026-06-23,4.85,4830.0,1
EMP0282,Team D,Sales,Sales Manager,EMP0199,HQ,2026-06-01,160.0,139.3,15.0,2.5,10,2500,87.6,0,False,2022-10-28,,3.12,8413.6,1
EMP0433,Team E,Support,Support Agent,EMP0100,Branch-West,2025-12-01,160.0,162.0,11.8,6.4,94,50,64.8,1,False,2022-08-29,,3.36,4312.8,1
EMP0459,Team C,Engineering,Data Engineer,EMP0376,Remote,2026-06-01,160.0,148.1,0.2,2.3,18,0,59.5,1,False,2025-01-27,,3.38,8904.0,1
EMP0287,Team D,Sales,SDR,EMP0033,Branch-West,2026-06-01,160.0,161.5,15.6,1.6,36,150,42.1,0,False,2025-01-08,,4.32,5177.2,1
EMP0391,Team G,Marketing,Marketing Specialist,EMP0293,Remote,2026-07-01,160.0,146.8,0.6,3.0,10,300,,0,False,2023-05-28,,3.13,4874.1,1
EMP0135,Team C,Marketing,Content Creator,EMP0471,HQ,2025-12-01,160.0,152.5,6.6,1.3,19,150,87.0,1,False,2021-10-07,,4.17,4872.0,1
EMP0033,Team I,Engineering,Developer,EMP0351,HQ,2026-01-01,160.0,157.5,2.8,0.8,21,0,76.1,4,False,2024-01-01,,4.3,8893.5,1
EMP0061,Team J,Sales,Account Executive,EMP0193,Branch-East,2026-05-01,160.0,161.6,14.9,0.3,14,2000,87.8,0,False,2021-08-20,,3.2,7358.0,1
EMP0469,Team J,Engineering,Data Engineer,EMP0185,Remote,2025-10-01,160.0,133.7,2.5,1.3,19,0,77.7,0,False,2022-07-22,,3.88,8247.0,1
EMP0315,Team A,Operations,Ops Analyst,EMP0210,Remote,2026-02-01,160.0,170.1,10.1,1.3,69,40,97.2,0,False,2026-01-11,,4.18,5928.0,1
EMP0266,Team I,Operations,Ops Coordinator,EMP0033,HQ,2026-04-01,160.0,165.6,5.6,3.8,62,35,92.7,7,False,2024-05-19,,3.53,4698.0,1
EMP0223,Team B,Engineering,QA Engineer,EMP0071,HQ,2026-05-01,160.0,160.4,0.4,0.2,22,0,80.7,0,False,2022-12-17,,3.74,6762.0,1
EMP0479,Team C,Marketing,Content Creator,EMP0450,HQ,2025-12-01,160.0,165.4,19.0,0.3,13,150,74.9,0,False,2025-12-24,,4.84,5817.0,1
EMP0411,Team G,Sales,Account Executive,EMP0100,Remote,2025-12-01,160.0,167.9,7.9,0.2,7,2000,57.7,1,False,2025-11-25,,3.75,7190.0,1
EMP0354,Team C,Engineering,QA Engineer,EMP0422,Branch-East,2026-08-01,160.0,160.7,0.7,0.1,34,0,85.3,0,False,2023-12-07,,2.86,6793.5,1
EMP0345,Team H,Sales,Sales Manager,EMP0301,Remote,2025-09-01,160.0,148.7,3.0,1.7,7,2500,61.0,0,False,2022-01-29,,3.3,7966.4,1
EMP0421,Team C,Operations,Ops Coordinator,EMP0303,Branch-East,2026-01-01,160.0,155.2,0.1,2.5,43,35,58.3,1,False,2026-01-13,,3.45,4194.45,1
EMP0472,Team A,Marketing,Marketing Specialist,EMP0471,,2025-10-01,160.0,161.0,1.0,0.6,11,300,83.9,2,False,2023-02-14,,4.34,5362.5,1
EMP0270,Team H,Engineering,DevOps Engineer,EMP0392,,2026-02-01,160.0,150.1,25.8,1.1,13,0,69.4,6,False,2022-08-13,,3.17,10950.4,1
EMP0080,Team E,Engineering,Developer,EMP0422,Remote,2026-08-01,160.0,156.8,12.5,1.5,20,0,82.8,0,False,2024-11-08,,2.91,9655.25,1
EMP0233,Team D,Sales,Sales Manager,EMP0218,Branch-West,2026-03-01,160.0,164.6,4.6,1.2,14,2500,55.9,3,True,2022-03-08,2026-03-31,2.43,8918.0,1
EMP0203,Team B,engineering,DevOps Engineer,EMP0280,Remote,2026-04-01,160.0,156.0,23.2,4.5,17,0,65.0,2,False,2025-08-16,,3.62,11066.4,1
EMP0207,team f,Engineering,DevOps Engineer,EMP0167,Remote,2026-02-01,160.0,162.2,3.4,1.8,14,0,67.1,1,False,2025-05-18,,5.0,9703.4,1
EMP0088,team e,Support,Support Agent,EMP0199,Branch-East,2026-01-01,160.0,166.0,6.0,1.0,129,50,94.2,0,False,2025-04-28,,5.0,4200.0,1
EMP0178,Team D,Sales,Account Executive,EMP0480,,2026-04-01,160.0,160.9,1.8,0.0,14,2000,75.7,0,False,2024-12-18,,4.05,6544.0,1
EMP0140,Team I,Marketing,Marketing Specialist,EMP0482,HQ,2026-07-01,160.0,162.4,2.4,1.9,14,300,82.3,4,False,2025-07-21,,4.88,5478.0,1
EMP0318,Team G,Engineering,QA Engineer,EMP0450,Remote,2026-08-01,160.0,161.1,1.1,0.0,33,0,54.1,1,False,2022-01-13,,3.55,6835.5,1
EMP0008,Team B,Marketing,Marketing Specialist,EMP0457,Remote,2025-09-01,160.0,150.5,8.0,0.2,15,300,88.7,0,False,2025-09-18,,4.01,5362.5,1
EMP0184,Team E,Marketing,Marketing Specialist,EMP0100,HQ,2025-09-01,160.0,158.9,11.6,2.8,12,300,85.9,2,False,2025-08-01,,4.15,5817.9,1
EMP0435,Team A,Engineering,QA Engineer,EMP0277,HQ,2026-05-01,160.0,162.2,10.3,1.2,23,0,81.6,0,False,2025-06-23,,3.39,7461.3,1
EMP0142,Team E,Engineering,Developer,EMP0457,Branch-West,2025-11-01,160.0,154.2,4.3,0.5,15,0,88.3,0,False,2025-03-29,,3.74,8835.75,1
EMP0311,Team F,Sales,Sales Manager,EMP0199,Remote,2026-05-01,160.0,156.0,0.0,0.2,11,2500,74.8,1,False,2024-06-28,,3.32,8112.0,1
EMP0191,Team E,Engineering,QA Engineer,EMP0147,Remote,2026-05-01,160.0,168.7,12.4,0.6,24,0,93.7,0,False,2023-11-14,,3.45,7866.6,1
EMP0464,Team J,Sales,Account Executive,EMP0277,,2026-04-01,160.0,168.6,11.0,4.0,15,2000,86.0,3,False,2024-07-31,,3.26,7404.0,1
EMP0394,Team F,Operations,Ops Coordinator,EMP0259,Remote,2025-11-01,160.0,152.6,6.5,0.0,80,35,78.7,0,False,2025-03-27,,2.56,4383.45,1
EMP0231,Team H,Operations,Ops Coordinator,EMP0251,Branch-East,2026-03-01,160.0,165.4,5.4,,81,35,83.8,0,False,2023-05-27,,2.62,4684.5,1
EMP0297,Team F,Operations,Ops Coordinator,EMP0185,HQ,2025-11-01,160.0,152.6,1.0,4.5,70,35,87.2,3,False,2022-01-30,,2.66,4160.7,1
EMP0354,Team C,Engineering,QA Engineer,EMP0422,Branch-East,2025-11-01,160.0,163.4,6.2,0.1,33,0,93.6,1,False,2023-12-07,,4.02,7253.4,1
EMP0050,Team J,Engineering,Developer,EMP0471,Branch-East,2026-02-01,160.0,154.4,8.1,0.1,20,0,,0,False,2022-02-18,,3.44,9160.25,1
EMP0422,Team A,Operations,Ops Coordinator,EMP0147,,2025-09-01,160.0,157.5,2.3,5.7,54,35,74.6,0,False,2024-02-15,,2.35,4345.65,1
EMP0226,Team G,engineering,DevOps Engineer,EMP0392,HQ,2026-01-01,160.0,165.8,19.2,0.5,15,0,34.7,0,False,2025-12-09,,4.46,11286.8,1
EMP0416,Team D,Sales,Account Executive,EMP0450,Branch-East,2026-07-01,160.0,160.3,0.3,0.4,15,2000,,0,False,2025-02-23,,4.01,6430.0,1
EMP0117,Team C,Operations,Ops Analyst,EMP0033,HQ,2026-06-01,160.0,143.1,5.5,0.3,81,40,80.5,0,False,2022-11-16,,3.26,4843.2,1
EMP0367,Team I,Marketing,Content Creator,EMP0061,Remote,2025-10-01,160.0,160.3,20.2,1.5,20,150,87.1,2,False,2021-09-10,,4.08,5718.0,1
EMP0457,Team G,Engineering,Data Engineer,EMP0147,Remote,2026-02-01,160.0,160.6,0.6,1.4,14,0,73.7,0,False,2022-07-06,,3.52,9690.0,1
EMP0345,Team H,Sales,Sales Manager,EMP0301,Remote,2026-08-01,160.0,161.4,1.4,1.0,10,2500,83.1,0,False,2022-01-29,,3.54,8502.0,1
EMP0337,Team I,Operations,Ops Coordinator,EMP0243,Remote,2026-07-01,160.0,161.8,11.4,1.4,68,35,83.6,0,False,2022-12-31,,3.97,4830.3,1
EMP0441,Team E,Engineering,Developer,EMP0006,Branch-East,2026-03-01,160.0,163.7,5.3,2.5,18,0,93.6,3,False,2024-06-21,,3.74,9440.75,1
EMP0062,Team D,Engineering,QA Engineer,EMP0187,Branch-West,2026-07-01,160.0,161.0,1.0,2.3,21,0,92.0,3,False,2024-11-23,,2.95,6825.0,1
EMP0267,  Team F  ,Support,Support Agent,EMP0185,Remote,2025-11-01,160.0,164.5,6.6,0.1,78,50,88.2,0,False,2025-11-23,,3.63,4185.6,1
EMP0467,Team A,Engineering,DevOps Engineer,EMP0303,Branch-East,2026-06-01,160.0,152.7,2.3,0.4,14,0,46.3,0,False,2023-08-15,,3.6,9056.7,1
EMP0247,Team J,Sales,Sales Manager,EMP0476,Remote,2026-07-01,160.0,169.8,12.9,,8,2500,79.9,0,False,2025-10-10,,3.81,9835.8,1
EMP0334,Team G,Engineering,DevOps Engineer,EMP0450,Branch-East,2026-08-01,160.0,166.6,6.6,1.1,8,0,71.9,0,False,2023-08-04,,4.11,10237.0,1
EMP0426,Team B,SALES,SDR,EMP0476,HQ,2026-05-01,160.0,162.3,2.3,0.7,55,150,68.8,0,False,2026-01-02,,4.41,4641.0,1
EMP0353,Team A,Support,Support Lead,EMP0470,,2026-01-01,160.0,151.5,18.2,2.8,91,60,59.1,4,False,2023-08-26,,,6079.2,1
EMP0088,Team E,Support,Support Agent,EMP0199,Branch-East,2025-11-01,160.0,154.9,5.2,0.6,101,50,72.6,4,False,2025-04-28,,3.07,3904.8,1
EMP0445,Team G,Operations,Ops Analyst,EMP0309,Remote,2026-02-01,160.0,162.2,2.8,0.5,74,40,90.4,7,False,2025-03-25,,3.71,5324.8,1
EMP0105,Team F,Marketing,Marketing Specialist,EMP0303,HQ,2026-05-01,160.0,154.0,1.8,0.3,12,300,65.4,1,False,2022-11-12,,2.82,5171.1,1
EMP0403,Team J,Sales,Sales Manager,EMP0225,HQ,2026-04-01,160.0,168.5,8.5,0.0,11,2500,79.3,1,False,2024-10-14,,3.5,9425.0,1
EMP0036,Team H,Operations,Ops Analyst,EMP0296,Branch-East,2026-03-01,160.0,160.1,11.8,4.0,56,40,82.8,2,False,2023-07-24,,4.01,5689.6,1
EMP0117,Team C,OPERATIONS,Ops Analyst,EMP0033,HQ,2026-04-01,160.0,165.1,5.1,1.2,28,40,56.0,13,False,2022-11-16,,3.64,5528.0,1
EMP0284,Team I,Engineering,Developer,EMP0167,HQ,2026-06-01,160.0,151.7,15.5,1.6,20,0,81.5,4,False,2022-05-19,,4.07,9622.25,1
EMP0443,Team F,Sales,Account Executive,EMP0480,Remote,2025-10-01,160.0,163.1,3.9,0.9,15,2000,54.8,0,False,2021-12-08,,4.5,6758.0,1
EMP0228,Team C,Sales,SDR,EMP0476,Remote,2026-03-01,160.0,159.2,1.0,0.3,47,150,87.4,0,False,2021-12-21,,3.12,4499.6,1
EMP0378,Team D,Engineering,Developer,EMP0177,Remote,2026-02-01,160.0,158.8,25.5,,21,0,76.1,2,False,2023-07-16,,4.44,10837.75,1
EMP0185,Team B,Engineering,QA Engineer,EMP0450,HQ,2025-12-01,160.0,170.1,10.1,0.0,16,0,58.6,2,False,2025-08-09,,2.99,7780.5,1
EMP0142,Team E,Engineering,Developer,EMP0457,Branch-West,2026-08-01,160.0,152.5,1.5,0.6,16,0,89.8,1,False,2025-03-29,,3.37,8511.25,1
EMP0367,Team I,Marketing,Content Creator,EMP0061,Remote,2026-01-01,160.0,164.3,4.3,2.2,20,150,79.6,0,False,2021-09-10,,3.36,5122.5,1
EMP0376,Team E,Sales,SDR,EMP0193,Branch-West,2026-03-01,160.0,160.3,1.9,2.4,44,150,51.0,5,True,2022-03-01,2026-06-17,4.15,4568.2,1
EMP0133,Team E,Engineering,Developer,EMP0147,HQ,2026-01-01,160.0,157.6,8.0,10.4,21,0,50.1,0,False,2025-01-07,,3.22,9328.0,1
EMP0474,Team F,Marketing,Marketing Specialist,EMP0035,,2026-05-01,160.0,163.9,3.9,7.3,11,300,59.2,3,False,2024-08-21,,2.07,5601.75,1
EMP0034,Team J,  Marketing  ,Content Creator,EMP0434,Branch-West,2025-11-01,160.0,160.5,0.5,2.3,22,150,76.2,0,False,2023-04-13,,4.56,4837.5,1
EMP0151,Team J,Marketing,Marketing Specialist,EMP0245,Remote,2025-10-01,160.0,149.2,36.8,3.1,11,300,70.7,8,False,2024-07-08,,3.71,6745.2,1
EMP0285,Team C,Sales,Account Executive,EMP0035,HQ,2026-08-01,160.0,151.1,8.3,1.8,14,2000,66.6,4,False,2024-09-15,,3.68,6542.0,1
EMP0257,Team A,Marketing,Marketing Specialist,EMP0476,Remote,2025-11-01,160.0,139.2,3.6,2.1,10,300,85.1,1,False,2025-05-28,,2.75,4771.8,1
EMP0127,Team E,Operations,Ops Analyst,EMP0277,HQ,2025-10-01,160.0,167.6,7.6,2.2,64,40,55.4,0,False,2022-05-14,,3.12,5728.0,1
EMP0483,Team J,Sales,Account Executive,EMP0392,HQ,2025-09-01,160.0,163.0,3.0,0.2,18,2000,73.6,1,True,2024-12-03,2026-07-15,4.31,6700.0,1
EMP0171,Team G,Support,Support Agent,EMP0303,,2026-07-01,160.0,140.7,0.9,0.4,137,50,84.4,2,False,2022-11-02,,4.46,3409.2,1
EMP0112,Team A,Engineering,Developer,EMP0471,HQ,2026-06-01,160.0,160.8,21.0,1.6,14,0,82.8,0,False,2025-06-20,,2.64,10576.5,1
EMP0218,Team D,Operations,Ops Coordinator,EMP0147,HQ,2025-11-01,160.0,164.0,6.4,0.8,81,35,63.9,1,False,2022-05-08,,4.14,4687.2,1
EMP0368,Team D,Marketing,Content Creator,EMP0449,HQ,2025-12-01,160.0,164.9,4.9,2.8,18,150,57.9,0,False,2025-05-23,,2.93,5167.5,1
EMP0260,Team C,Engineering,QA Engineer,EMP0187,HQ,2026-02-01,160.0,159.7,0.0,0.3,27,0,73.6,2,False,2025-12-23,,4.14,6707.4,1
EMP0475,Team C,Sales,Account Executive,EMP0457,HQ,2025-09-01,160.0,163.1,3.1,3.0,13,2000,62.1,3,False,2024-06-18,,3.74,6710.0,1
EMP0339,Team H,Sales,Account Executive,EMP0035,HQ,2025-11-01,160.0,155.4,3.6,0.1,17,2000,80.2,0,False,2024-04-19,,3.84,6432.0,1
EMP0338,Team D,Support,Support Agent,EMP0422,,2026-07-01,160.0,160.2,2.6,0.2,119,50,79.5,1,False,2025-09-16,,2.45,3938.4,1
EMP0045,Team H,  Engineering  ,DevOps Engineer,EMP0225,Remote,2025-11-01,160.0,161.9,1.9,,16,0,88.4,0,False,2023-02-23,,3.76,9555.5,1
EMP0482,Team H,Support,Support Lead,EMP0450,Remote,2025-11-01,160.0,161.2,1.2,2.0,85,60,52.8,2,False,2024-06-22,,2.45,5542.0,1
EMP0045,Team H,Engineering,DevOps Engineer,EMP0225,Remote,2026-07-01,160.0,143.6,11.1,2.7,13,0,53.1,2,False,2023-02-23,,,9294.5,1
EMP0485,Team D,Sales,SDR,EMP0471,HQ,2025-11-01,160.0,163.3,3.3,3.4,48,150,82.2,2,False,2024-05-27,,3.93,4711.0,1
EMP0481,Team D,Support,Support Lead,EMP0476,HQ,2026-08-01,160.0,167.1,10.8,0.6,117,60,64.0,0,False,2022-01-26,,4.31,6232.2,1
EMP0305,Team G,Support,Support Lead,EMP0376,Remote,2026-02-01,160.0,162.5,2.5,4.4,123,60,70.8,2,False,2022-09-18,,4.79,5652.5,1
EMP0002,Team D,Marketing,Marketing Specialist,EMP0344,Remote,2025-12-01,160.0,164.4,4.4,1.7,5,300,47.0,0,False,2022-03-21,,3.31,5643.0,1
EMP0270,Team H,Engineering,DevOps Engineer,EMP0392,Remote,2026-08-01,160.0,157.5,0.8,2.5,12,0,51.6,2,False,2022-08-13,,3.69,9204.6,1
EMP0095,Team D,Operations,Ops Analyst,EMP0177,Branch-West,2026-05-01,160.0,157.9,12.6,2.6,44,40,84.7,4,False,2024-03-12,,3.18,5657.6,1
EMP0024,team g,Sales,SDR,EMP0434,Remote,2026-05-01,160.0,162.9,2.9,3.7,49,150,86.9,0,False,2024-05-13,,3.11,4683.0,1
EMP0334,Team G,Engineering,DevOps Engineer,EMP0450,Branch-East,2025-11-01,160.0,153.2,9.9,0.4,14,0,79.5,0,False,2023-08-04,,2.69,9746.9,1
EMP0036,Team H,Operations,Ops Analyst,EMP0296,Branch-East,2026-07-01,160.0,148.9,0.4,1.2,47,40,97.3,3,False,2023-07-24,,4.21,4784.0,1
EMP0475,Team C,Sales,Account Executive,EMP0457,HQ,2026-06-01,160.0,159.7,0.3,0.3,15,2000,90.5,7,False,2024-06-18,,3.73,6406.0,1
EMP0162,Team I,Support,Support Agent,EMP0450,Remote,2025-10-01,160.0,157.3,0.5,0.5,133,50,56.7,2,False,2022-08-14,,4.31,3793.2,1
EMP0379,team d,Operations,Ops Analyst,EMP0471,Remote,2026-02-01,160.0,157.6,1.4,2.6,71,40,72.4,0,False,2025-03-21,,,5110.4,1
EMP0237,Team J,Engineering,DevOps Engineer,EMP0077,HQ,2026-02-01,160.0,155.2,0.9,0.1,13,0,52.0,4,False,2021-10-17,,,9079.9,1
EMP0197,Team E,Support,Support Agent,EMP0449,HQ,2025-12-01,160.0,158.2,1.1,0.8,69,50,77.5,0,False,2025-08-22,,3.63,3836.4,1
EMP0463,Team F,Operations,Ops Analyst,EMP0453,HQ,2025-12-01,160.0,160.8,0.8,0.3,44,40,50.8,2,False,2025-07-16,,4.67,5184.0,1
EMP0235,Team B,Engineering,DevOps Engineer,EMP0450,Remote,2026-07-01,160.0,154.7,4.8,0.3,14,0,86.0,0,False,2023-10-25,,4.57,9390.2,1
EMP0436,Team C,Support,Support Agent,EMP0420,Remote,2026-03-01,160.0,168.6,8.6,0.2,106,50,77.2,0,False,2025-06-01,,3.36,4356.0,1
EMP0405,Team B,Sales,SDR,EMP0309,Remote,2025-11-01,160.0,167.0,7.0,2.1,40,150,97.9,5,False,2024-10-13,,4.09,4970.0,1
EMP0494,Team C,Engineering,Data Engineer,EMP0210,HQ,2026-06-01,160.0,157.0,1.2,0.5,13,0,90.7,1,False,2024-08-06,,3.37,9528.0,1
EMP0293,Team J,Operations,Ops Analyst,EMP0193,Remote,2026-03-01,160.0,147.0,2.2,1.3,35,40,82.7,1,False,2025-03-19,,3.18,4809.6,1
EMP0050,Team J,Engineering,Developer,EMP0471,Branch-East,2025-10-01,160.0,160.0,0.0,0.0,17,0,73.2,0,False,2022-02-18,,3.53,8800.0,1
EMP0087,Team E,Support,Support Lead,EMP0185,HQ,2026-02-01,160.0,150.6,24.5,1.4,94,60,72.3,0,False,2023-12-17,,3.88,6369.9,1
EMP0457,Team G,Engineering,Data Engineer,EMP0147,Remote,2025-09-01,160.0,159.1,3.4,0.7,15,0,70.3,2,False,2022-07-06,,4.33,9852.0,1
EMP0228,Team C,Sales,SDR,EMP0476,Remote,2026-04-01,160.0,159.4,23.6,0.7,21,150,,21,False,2021-12-21,,3.38,5454.4,1
EMP0467,team a,Engineering,DevOps Engineer,EMP0303,Branch-East,2025-11-01,160.0,162.7,2.7,0.1,17,0,86.1,0,False,2023-08-15,,3.76,9671.5,1
EMP0407,Team I,Sales,Account Executive,EMP0187,Remote,2026-08-01,160.0,151.4,0.6,,18,2000,97.7,2,False,2023-02-17,,3.66,6092.0,1
EMP0475,Team C,Sales,Account Executive,EMP0457,HQ,2026-08-01,160.0,155.0,6.1,1.1,14,2000,93.4,0,False,2024-06-18,,3.89,6566.0,1
EMP0435,Team A,Engineering,QA Engineer,EMP0277,HQ,2026-02-01,160.0,151.8,1.1,1.2,25,0,89.9,2,False,2025-06-23,,3.98,6444.9,1
EMP0051,Team G,Marketing,Marketing Specialist,EMP0392,Remote,2026-03-01,160.0,144.6,9.5,0.0,11,300,,0,False,2024-07-19,,2.93,5242.05,1
EMP0276,Team F,Sales,SDR,EMP0077,Remote,2026-02-01,160.0,164.7,4.7,,39,150,72.9,3,False,2022-12-15,,2.68,4809.0,1
EMP0003,Team A,Operations,Ops Analyst,EMP0225,Remote,2026-01-01,160.0,162.4,7.3,0.4,46,40,81.0,2,False,2023-03-15,,5.0,5547.2,1
EMP0485,Team D,Sales,SDR,EMP0471,HQ,2026-03-01,160.0,157.7,4.3,3.3,42,150,63.6,1,False,2024-05-27,,3.65,4596.2,1
EMP0123,Team C,Sales,SDR,EMP0344,Branch-West,2026-06-01,160.0,165.5,8.0,7.4,37,150,63.1,2,False,2025-05-24,,4.97,4970.0,1
EMP0112,Team A,Engineering,Developer,EMP0471,HQ,2026-03-01,160.0,142.7,1.5,3.7,19,0,88.2,5,False,2025-06-20,,3.5,7972.25,1
EMP0357,Team D,Engineering,Developer,EMP0309,HQ,2026-06-01,160.0,155.0,2.9,,17,0,82.5,8,False,2025-04-27,,3.49,8764.25,1
EMP0355,Team D,Engineering,Data Engineer,EMP0193,Remote,2026-01-01,160.0,160.2,0.2,0.7,19,0,71.0,5,False,2022-01-13,,3.59,9630.0,1
EMP0143,Team G,Sales,SDR,EMP0047,HQ,2026-02-01,160.0,161.1,1.1,0.3,41,150,26.6,0,False,2022-05-23,,3.11,4557.0,1
EMP0490,Team I,Marketing,Marketing Specialist,EMP0199,Remote,2025-10-01,160.0,157.5,3.0,0.1,10,300,94.3,9,False,2024-07-08,,2.2,5346.0,1
EMP0044,Team E,Marketing,Marketing Specialist,EMP0035,Remote,2025-09-01,160.0,161.8,9.4,0.5,11,300,83.0,0,False,2023-11-14,,4.14,5804.7,1
EMP0213,Team E,Support,Support Agent,EMP0077,HQ,2025-10-01,160.0,160.9,0.9,0.9,89,50,67.6,1,False,2025-08-12,,4.54,3894.0,1
EMP0327,Team H,Sales,SDR,EMP0077,Branch-East,2026-08-01,160.0,156.9,4.2,1.8,43,150,51.2,4,False,2025-01-22,,4.1,4569.6,1
EMP0420,Team D,Operations,Ops Analyst,EMP0193,Remote,2026-04-01,160.0,157.7,1.1,0.1,40,40,79.0,1,False,2025-05-29,,2.92,5099.2,1
EMP0215,Team I,Support,Support Agent,EMP0193,Branch-East,2026-06-01,160.0,157.4,2.5,1.7,125,50,54.6,0,False,2022-11-10,,4.03,3867.6,1
EMP0395,Team C,Sales,SDR,EMP0376,Remote,2026-06-01,160.0,150.7,8.5,0.0,39,150,89.4,1,False,2021-09-13,,4.02,4576.6,1
EMP0472,Team A,Marketing,Marketing Specialist,EMP0471,Remote,2026-05-01,160.0,160.3,7.2,1.3,12,300,57.3,0,False,2023-02-14,,2.44,5646.3,1
EMP0448,Team G,Operations,Ops Analyst,EMP0167,HQ,2026-01-01,160.0,161.8,1.8,0.6,73,40,55.3,0,False,2024-02-09,,3.03,5264.0,1
EMP0469,Team J,Engineering,Data Engineer,EMP0185,Remote,2026-06-01,160.0,164.5,4.5,0.3,14,0,46.8,0,False,2022-07-22,,1.97,10275.0,1
EMP0388,Team J,Engineering,DevOps Engineer,EMP0392,Branch-East,2026-01-01,160.0,163.7,3.7,0.1,14,0,69.5,5,False,2025-10-09,,3.75,9816.5,1
EMP0111,Team I,Engineering,Developer,EMP0293,HQ,2026-01-01,160.0,134.4,7.9,1.6,15,0,41.2,0,False,2023-08-02,,2.78,8043.75,1
EMP0241,Team I,Marketing,Content Creator,EMP0251,HQ,2025-12-01,160.0,143.8,1.6,0.8,9,150,84.7,0,False,2021-12-06,,4.11,4386.0,1
EMP0153,team j,Engineering,Developer,EMP0457,Remote,2026-04-01,160.0,143.0,6.0,4.2,12,0,57.4,0,False,2025-06-07,,3.53,8360.0,1
EMP0483,Team J,Sales,Account Executive,EMP0392,HQ,2025-12-01,160.0,164.8,8.9,1.3,18,2000,69.6,1,True,2024-12-03,2026-07-15,3.81,7126.0,1
EMP0397,Team A,Operations,Ops Analyst,EMP0301,,2026-03-01,160.0,159.4,2.9,0.8,47,40,71.9,0,False,2021-08-20,,3.49,5240.0,1
EMP0016,Team H,Engineering,QA Engineer,EMP0147,HQ,2025-10-01,160.0,160.4,6.4,0.4,26,0,85.5,2,False,2024-01-03,,3.23,7140.0,1
EMP0307,Team B,Sales,Sales Manager,EMP0320,Remote,2026-06-01,160.0,160.6,0.6,2.9,9,2500,85.3,0,False,2022-12-08,,3.02,8398.0,1
EMP0186,Team H,Support,Support Agent,EMP0177,HQ,2026-01-01,160.0,164.7,4.7,1.8,103,50,88.3,1,False,2024-05-22,,3.75,4122.0,1
EMP0062,Team D,Engineering,QA Engineer,EMP0187,Branch-West,2026-04-01,160.0,160.3,0.3,,25,0,92.1,1,False,2024-11-23,,3.96,6751.5,1
EMP0065,Team C,Engineering,DevOps Engineer,EMP0199,HQ,2026-02-01,160.0,152.9,18.6,1.2,11,0,73.0,0,False,2025-05-06,,3.79,10486.4,1
EMP0318,Team G,Engineering,QA Engineer,EMP0450,Remote,2026-07-01,160.0,162.2,2.2,1.8,15,0,70.7,1,False,2022-01-13,,3.46,6951.0,1
EMP0172,Team G,Engineering,Developer,EMP0071,Branch-West,2026-01-01,160.0,160.2,0.2,2.3,18,0,94.4,5,False,2024-03-09,,4.17,8827.5,1
EMP0108,Team J,Operations,Ops Analyst,EMP0061,Branch-East,2025-11-01,160.0,160.0,0.0,0.4,81,40,96.2,0,False,2022-03-17,,3.87,5120.0,1
EMP0340,Team E,Engineering,Data Engineer,EMP0100,Remote,2026-08-01,160.0,156.3,14.2,,15,0,94.8,0,False,2021-11-09,,3.97,10656.0,1
EMP0273,Team E,Marketing,Content Creator,EMP0438,Branch-West,2025-09-01,160.0,162.9,2.9,0.4,17,150,94.8,0,False,2025-06-28,,3.21,5017.5,1
EMP0431,Team D,Engineering,QA Engineer,EMP0225,Remote,2025-11-01,160.0,163.0,3.0,0.9,33,0,72.5,0,False,2024-08-13,,3.59,7035.0,1
EMP0144,Team D,Sales,Account Executive,EMP0471,HQ,2025-11-01,160.0,147.1,7.6,0.6,17,2000,48.9,0,False,2025-08-20,,3.11,6340.0,1
EMP0033,Team I,Engineering,Developer,EMP0351,HQ,2026-08-01,160.0,156.0,39.6,0.6,20,0,65.9,7,False,2024-01-01,,3.32,11847.0,1
EMP0327,Team H,Sales,SDR,EMP0077,Branch-East,2026-02-01,160.0,148.9,0.3,0.3,48,150,60.7,0,False,2025-01-22,,3.16,4181.8,1
EMP0273,Team E,Marketing,Content Creator,EMP0438,Branch-West,2025-10-01,160.0,160.3,0.3,3.1,24,150,82.2,2,False,2025-06-28,,3.83,4822.5,1
EMP0226,Team G,Engineering,DevOps Engineer,EMP0392,HQ,2026-03-01,160.0,164.1,25.0,0.5,18,0,69.0,1,False,2025-12-09,,3.61,11692.8,1
EMP0063,Team F,Operations,Ops Analyst,EMP0470,Remote,2026-04-01,160.0,160.6,22.6,1.2,61,40,84.1,1,False,2026-02-18,,2.68,6224.0,1
EMP0171,Team G,Support,Support Agent,EMP0303,HQ,2026-01-01,160.0,164.1,4.1,3.2,119,50,67.1,2,False,2022-11-02,,4.15,4086.0,1
EMP0018,Team H,Sales,Sales Manager,EMP0280,,2026-03-01,160.0,147.8,1.5,0.0,9,2500,90.6,1,False,2022-01-08,,2.97,7802.6,1
EMP0454,Team G,Marketing,Marketing Specialist,EMP0162,HQ,2026-05-01,160.0,152.6,2.2,0.0,11,300,46.8,1,False,2023-08-22,,2.9,5144.7,1
EMP0304,Team F,Support,Support Lead,EMP0457,HQ,2026-01-01,160.0,144.7,0.2,0.9,124,60,62.7,0,False,2022-04-22,,3.2,4930.0,1
EMP0497,Team A,Sales,Account Executive,EMP0351,Remote,2026-03-01,160.0,173.0,13.0,0.8,16,2000,94.7,2,False,2025-09-17,,3.87,7700.0,1
EMP0417,Team E,Engineering,Developer,EMP0450,Remote,2026-05-01,160.0,164.2,5.0,0.4,17,0,88.5,5,False,2022-10-07,,3.53,9443.5,1
EMP0279,Team J,Support,Support Lead,EMP0320,HQ,2026-02-01,160.0,153.9,0.1,2.0,108,60,35.2,3,False,2024-01-02,,3.9,5237.7,1
EMP0078,Team B,Engineering,DevOps Engineer,EMP0293,Remote,2025-09-01,160.0,157.1,35.9,0.2,16,0,78.9,0,False,2025-09-04,,3.58,12235.1,1
EMP0052,Team D,Operations,Ops Analyst,EMP0293,Remote,2026-07-01,160.0,155.5,6.5,2.1,61,40,69.6,1,False,2025-12-11,,3.89,5288.0,1
EMP0393,Team J,Sales,Account Executive,EMP0476,HQ,2026-05-01,160.0,163.6,3.6,,14,2000,69.8,3,False,2024-08-12,,2.43,6760.0,1
EMP0003,TEAM A,Operations,Ops Analyst,EMP0225,Remote,2026-08-01,160.0,160.8,0.8,0.8,64,40,73.0,7,False,2023-03-15,,3.62,5184.0,1
EMP0303,Team D,Sales,Sales Manager,EMP0351,Branch-West,2025-10-01,160.0,152.0,6.5,2.1,11,2500,78.2,1,False,2024-10-26,,3.67,8411.0,1
EMP0117,Team C,Operations,Ops Analyst,EMP0033,HQ,2025-10-01,160.0,165.7,11.3,0.0,61,40,85.3,1,False,2022-11-16,,3.92,5844.8,1
EMP0076,Team H,Support,Support Lead,EMP0309,Remote,2026-01-01,160.0,159.4,1.4,3.6,102,60,60.1,0,False,2024-05-03,,3.73,5491.0,1
EMP0319,Team A,Engineering,QA Engineer,EMP0482,Branch-West,2025-09-01,160.0,156.5,1.9,0.1,37,0,70.6,1,False,2023-06-16,,3.78,6692.7,1
EMP0248,Team H,Marketing,Marketing Specialist,EMP0061,HQ,2025-12-01,160.0,160.2,2.3,4.2,9,300,50.2,1,False,2022-06-20,,2.92,5400.45,1
EMP0415,Team F,Support,Support Agent,EMP0303,Remote,2026-07-01,160.0,160.1,0.1,0.1,86,50,83.7,1,False,2025-06-27,,3.48,3846.0,1
EMP0301,Team I,Engineering,DevOps Engineer,EMP0450,Remote,2025-11-01,160.0,149.0,3.8,3.7,16,0,64.5,0,False,2022-05-13,,,8972.6,1
EMP0080,Team E,Engineering,Developer,EMP0422,Remote,2026-02-01,160.0,160.9,0.9,0.3,17,0,56.2,3,False,2024-11-08,,,8923.75,1
EMP0186,Team H,Support,Support Agent,EMP0177,HQ,2025-12-01,160.0,160.5,9.7,4.8,114,50,53.7,1,False,2024-05-22,,4.11,4201.2,1
EMP0259,Team F,Sales,SDR,EMP0147,Remote,2025-11-01,160.0,168.6,8.6,0.7,31,150,89.2,1,False,2024-09-25,,3.22,5082.0,1
EMP0023,Team E,Engineering,QA Engineer,EMP0147,Remote,2025-10-01,160.0,165.6,5.6,0.1,37,0,88.5,8,False,2023-07-21,,4.06,7308.0,1
EMP0087,Team E,Support,Support Lead,EMP0185,HQ,2025-09-01,160.0,148.9,1.1,0.3,128,60,95.2,0,False,2023-12-17,,4.1,5118.7,1
EMP0405,Team B,Sales,SDR,EMP0309,Remote,2026-08-01,160.0,160.1,3.5,1.9,36,150,84.3,1,False,2024-10-13,,3.84,4629.8,1
EMP0276,Team F,Sales,SDR,EMP0077,Remote,2026-06-01,160.0,157.5,0.9,5.5,45,150,75.7,1,False,2022-12-15,,3.74,4447.8,1
EMP0041,Team D,Engineering,DevOps Engineer,EMP0162,Branch-East,2026-03-01,160.0,160.8,8.9,0.3,18,0,88.0,1,False,2022-04-09,,2.56,10100.7,1
EMP0017,Team D,sales,SDR,EMP0102,HQ,2026-05-01,160.0,162.2,2.2,0.6,45,150,71.3,2,False,2025-08-06,,3.82,4634.0,1
EMP0055,Team G,Sales,Sales Manager,EMP0392,Branch-East,2025-10-01,160.0,156.3,0.2,0.9,10,2500,87.6,0,False,2025-10-15,,3.44,8143.2,1
EMP0228,Team C,Sales,SDR,EMP0476,Remote,2026-01-01,160.0,160.6,2.0,1.0,27,150,49.6,2,False,2021-12-21,,3.1,4580.8,1
EMP0237,Team J,ENGINEERING,DevOps Engineer,EMP0077,HQ,2026-03-01,160.0,160.1,2.7,0.5,10,0,93.7,1,False,2021-10-17,,4.04,9520.7,1
EMP0265,Team B,Marketing,Marketing Specialist,EMP0006,Branch-West,2026-01-01,160.0,161.3,1.3,8.9,9,300,88.4,0,False,2022-09-06,,4.05,5387.25,1
EMP0062,Team D,Engineering,QA Engineer,EMP0187,Branch-West,2026-02-01,160.0,158.7,1.7,3.8,22,0,42.4,1,False,2024-11-23,,2.4,6772.5,1
EMP0465,Team A,Marketing,Content Creator,EMP0376,Remote,2026-04-01,160.0,161.8,1.8,0.3,32,150,87.8,1,False,2025-04-17,,2.2,4935.0,1
EMP0222,Team I,Sales,SDR,EMP0218,Branch-East,2026-05-01,160.0,165.7,5.7,0.5,33,150,83.8,1,False,2023-02-12,,3.56,4879.0,1
EMP0355,Team D,Engineering,Data Engineer,EMP0193,Remote,2026-08-01,160.0,164.7,4.7,3.8,14,0,82.1,0,False,2022-01-13,,4.05,10305.0,1
EMP0117,Team C,Operations,Ops Analyst,EMP0033,,2026-02-01,160.0,166.3,8.1,7.9,70,40,,0,False,2022-11-16,,3.06,5710.4,1
EMP0212,Team H,Support,Support Lead,EMP0006,Remote,2026-03-01,160.0,141.2,3.1,4.4,82,60,64.6,1,False,2024-11-10,,3.31,4958.9,1
EMP0314,Team E,Marketing,Content Creator,EMP0422,Remote,2025-11-01,160.0,162.2,17.2,2.3,19,150,95.4,0,False,2025-11-14,,3.55,5640.0,1
EMP0449,Team F,Sales,Sales Manager,EMP0450,HQ,2026-01-01,160.0,166.3,7.8,3.3,10,2500,63.4,2,False,2025-01-09,,3.56,9256.0,1
EMP0169,Team J,Engineering,Data Engineer,EMP0301,Branch-East,2026-07-01,160.0,160.8,0.8,0.2,16,0,92.6,0,False,2023-06-29,,3.63,9720.0,1
EMP0330,Team E,Engineering,DevOps Engineer,EMP0351,,2026-01-01,160.0,160.0,4.6,0.9,16,0,83.6,2,False,2025-07-30,,3.96,9680.2,1
EMP0228,Team C,Sales,SDR,EMP0476,Remote,2025-12-01,160.0,162.8,2.8,1.6,41,150,79.6,0,False,2021-12-21,,3.33,4676.0,1
EMP0057,Team H,Engineering,Data Engineer,EMP0245,Remote,2026-01-01,160.0,159.4,0.1,2.1,17,0,75.8,0,False,2025-05-07,,3.32,9573.0,1
EMP0370,TEAM E,ENGINEERING,DevOps Engineer,EMP0259,HQ,2025-12-01,160.0,156.0,2.6,2.4,10,0,90.8,0,False,2025-12-26,,3.26,9274.2,1
EMP0431,Team D,  Engineering  ,QA Engineer,EMP0225,Remote,2026-08-01,160.0,149.8,6.2,4.4,26,0,89.6,0,False,2024-08-13,,2.96,6682.2,1
EMP0336,Team I,Engineering,Data Engineer,EMP0376,HQ,2025-11-01,160.0,150.4,14.5,,15,0,68.4,6,True,2023-09-19,2026-04-13,4.69,10329.0,1
EMP0486,Team A,Marketing,Marketing Specialist,EMP0453,HQ,2026-06-01,160.0,159.6,3.3,0.9,12,300,88.5,1,False,2021-10-11,,3.94,5430.15,1
EMP0232,Team H,Sales,Sales Manager,EMP0318,HQ,2026-02-01,160.0,162.7,2.7,6.6,10,2500,45.0,2,False,2023-10-14,,3.2,8671.0,1
EMP0147,Team A,Support,Support Lead,,Branch-West,2026-06-01,160.0,153.4,3.8,0.4,79,60,82.5,0,False,2023-04-22,,3.64,5409.4,1
EMP0498,Team J,Engineering,Developer,EMP0449,Branch-West,2026-07-01,160.0,156.9,0.1,2.4,11,0,88.7,0,False,2024-06-20,,3.17,8637.75,1
EMP0490,Team I,Marketing,Marketing Specialist,EMP0199,Remote,2026-08-01,160.0,160.0,0.0,0.8,15,300,59.4,1,False,2024-07-08,,3.39,5280.0,1
EMP0161,Team E,Sales,Account Executive,EMP0277,Branch-West,2026-03-01,160.0,169.9,9.9,1.6,11,2000,67.0,3,False,2021-09-11,,3.46,7390.0,1
EMP0289,Team B,Engineering,DevOps Engineer,EMP0480,Remote,2026-03-01,160.0,152.4,10.6,0.0,13,0,88.6,0,False,2023-10-15,,3.61,9761.4,1
EMP0257,Team A,Marketing,Marketing Specialist,EMP0476,Remote,2025-10-01,160.0,161.1,22.1,0.9,8,300,78.3,0,False,2025-05-28,,2.32,6410.25,1
EMP0146,Team I,Engineering,Developer,EMP0162,Branch-West,2026-02-01,160.0,160.1,0.1,3.2,25,0,81.5,2,False,2022-10-13,,,8813.75,1
EMP0118,Team F,Engineering,QA Engineer,EMP0392,HQ,2026-02-01,160.0,162.7,2.7,0.9,24,0,66.4,1,False,2023-06-17,,3.76,7003.5,1
EMP0150,Team D,Engineering,QA Engineer,EMP0243,Remote,2026-02-01,160.0,154.1,0.5,0.5,21,0,90.3,0,False,2021-10-31,,4.98,6503.7,1
EMP0033,Team I,Engineering,Developer,EMP0351,HQ,2025-12-01,160.0,147.7,10.9,0.2,17,0,94.0,0,False,2024-01-01,,3.62,9022.75,1
EMP0106,Team J,Engineering,Data Engineer,EMP0309,HQ,2026-05-01,160.0,160.5,0.5,1.8,19,0,93.5,6,False,2025-03-01,,3.07,9675.0,1
EMP0304,Team F,Support,Support Lead,EMP0457,HQ,2025-12-01,160.0,164.6,10.4,0.9,77,60,62.1,0,False,2022-04-22,,3.96,6126.8,1
EMP0366,Team H,Sales,SDR,EMP0434,HQ,2026-07-01,160.0,162.4,2.4,3.1,35,150,,0,False,2022-12-12,,3.34,4648.0,1
EMP0491,Team B,Sales,Sales Manager,EMP0193,Remote,2026-03-01,160.0,155.2,14.8,0.1,10,2500,75.1,5,False,2023-07-23,,3.34,9224.8,1
EMP0175,Team D,Support,Support Lead,EMP0344,HQ,2025-09-01,160.0,152.7,0.6,0.3,107,60,31.4,1,False,2022-10-14,,3.39,5222.4,1
EMP0259,Team F,Sales,SDR,EMP0147,Remote,2026-02-01,160.0,156.0,1.1,1.0,45,150,71.7,0,False,2024-09-25,,3.07,4414.2,1
EMP0120,Team C,Sales,SDR,EMP0303,Branch-East,2026-07-01,160.0,165.7,5.7,1.7,40,150,81.9,0,False,2025-11-04,,3.97,4879.0,1
EMP0063,Team F,Operations,Ops Analyst,EMP0470,Remote,2026-02-01,160.0,163.3,3.3,1.1,74,40,92.0,5,False,2026-02-18,,4.82,5384.0,1
EMP0412,Team G,Marketing,Content Creator,EMP0303,Branch-East,2025-09-01,160.0,169.9,9.9,0.2,15,150,67.6,4,True,2025-02-28,2026-06-23,3.89,5542.5,1
EMP0322,Team E,Support,Support Lead,EMP0100,Branch-West,2025-10-01,160.0,148.7,7.9,6.0,95,60,40.9,0,False,2023-11-17,,4.37,5458.7,1
EMP0120,Team C,Sales,SDR,EMP0303,Branch-East,2025-11-01,160.0,148.9,3.5,0.2,38,150,88.2,0,False,2025-11-04,,3.57,4316.2,1
EMP0033,Team I,Engineering,Developer,EMP0351,HQ,2026-04-01,160.0,153.4,1.9,,14,0,40.8,1,False,2024-01-01,,3.19,8593.75,1
EMP0065,Team C,Engineering,DevOps Engineer,EMP0199,HQ,2026-08-01,160.0,143.0,9.7,0.9,12,0,64.0,0,False,2025-05-06,,4.13,9137.9,1
EMP0091,Team B,Engineering,QA Engineer,EMP0035,Branch-East,2026-01-01,160.0,165.1,5.1,0.9,32,0,82.5,1,False,2022-10-13,,4.2,7255.5,1
EMP0327,Team H,Sales,SDR,EMP0077,Branch-East,2026-04-01,160.0,170.8,27.4,0.5,51,150,90.0,2,False,2025-01-22,,4.82,5933.2,1
EMP0113,Team F,Marketing,Content Creator,EMP0476,Remote,2026-05-01,160.0,154.2,4.5,1.4,17,150,42.3,4,False,2025-12-11,,2.3,4828.5,1
EMP0346,Team H,Support,Support Lead,EMP0434,Remote,2025-10-01,160.0,160.8,3.8,0.3,105,60,,1,False,2024-07-26,,3.72,5661.0,1
EMP0470,Team F,Marketing,Marketing Specialist,EMP0450,Branch-West,2026-07-01,160.0,166.5,10.4,3.1,10,300,66.2,3,False,2022-02-18,,3.9,6009.3,1
EMP0318,Team G,Engineering,QA Engineer,EMP0450,Remote,2026-06-01,160.0,161.4,1.4,0.3,26,0,80.0,0,False,2022-01-13,,,6867.0,1
EMP0469,Team J,Engineering,Data Engineer,EMP0185,Remote,2026-02-01,160.0,168.5,16.4,,16,0,71.5,3,False,2022-07-22,,2.94,11586.0,1
EMP0203,Team B,Engineering,DevOps Engineer,EMP0280,Remote,2025-10-01,160.0,149.6,10.1,0.5,13,0,69.5,4,False,2025-08-16,,2.71,9555.5,1
EMP0151,Team J,Marketing,Marketing Specialist,EMP0245,Remote,2026-08-01,160.0,162.3,2.3,1.5,10,300,56.1,0,False,2024-07-08,,3.03,5469.75,1
EMP0343,Team E,Engineering,QA Engineer,EMP0277,Branch-East,2026-03-01,160.0,162.9,7.9,0.1,24,0,51.8,0,False,2024-02-08,,3.4,7339.5,1
EMP0221,Team D,Support,Support Agent,EMP0420,HQ,2025-12-01,160.0,160.6,0.6,3.8,96,50,76.6,2,False,2022-04-21,,3.61,3876.0,1
EMP0190,Team D,Engineering,QA Engineer,EMP0259,,2026-01-01,160.0,143.6,3.1,1.3,26,0,67.3,1,False,2022-09-18,,4.7,6226.5,1
EMP0390,Team D,Operations,Ops Coordinator,EMP0355,,2026-02-01,160.0,163.4,4.7,1.0,76,35,53.8,1,False,2023-02-12,,3.94,4602.15,1
EMP0103,Team I,Sales,Sales Manager,EMP0035,Remote,2026-07-01,160.0,153.1,0.7,2.1,14,2500,93.8,0,False,2021-12-02,,3.25,8015.8,1
EMP0496,Team E,Sales,Account Executive,EMP0303,HQ,2026-01-01,160.0,164.0,4.0,0.0,17,2000,46.1,1,False,2023-10-04,,3.65,6800.0,1
EMP0247,Team J,  Sales  ,Sales Manager,EMP0476,Remote,2025-10-01,160.0,153.3,1.3,2.5,11,2500,89.2,4,False,2025-10-10,,4.94,8073.0,1
EMP0277,Team A,Operations,Ops Coordinator,EMP0480,HQ,2025-11-01,160.0,162.5,2.5,1.6,66,35,80.3,0,False,2024-02-14,,3.49,4488.75,1
EMP0154,Team C,Sales,SDR,EMP0344,HQ,2026-02-01,160.0,163.3,3.3,0.5,45,150,72.9,0,False,2025-09-02,,3.04,4711.0,1
EMP0428,Team I,Marketing,Content Creator,EMP0102,HQ,2026-01-01,160.0,160.6,0.6,1.0,17,150,56.2,0,False,2024-10-09,,3.28,4845.0,1
EMP0082,Team A,Support,Support Lead,EMP0251,Remote,2026-07-01,160.0,143.6,6.7,3.1,91,60,71.7,5,False,2022-02-09,,2.64,5224.1,1
EMP0419,Team E,Support,Support Agent,EMP0449,HQ,2025-09-01,160.0,157.1,12.0,0.5,135,50,,4,False,2024-08-22,,3.53,4202.4,1
EMP0099,Team J,ENGINEERING,Data Engineer,EMP0344,Branch-East,2026-05-01,160.0,151.9,25.2,0.2,16,0,59.3,1,False,2025-06-21,,2.78,11382.0,1
EMP0253,Team G,Operations,Ops Coordinator,EMP0450,HQ,2025-12-01,160.0,164.2,4.2,1.2,79,35,49.9,2,False,2022-07-28,,,4603.5,1
EMP0342,Team G,Sales,SDR,EMP0061,Branch-West,2025-09-01,160.0,160.2,0.2,0.9,43,150,82.8,0,False,2023-09-30,,2.71,4494.0,1
EMP0177,Team A,Support,Support Agent,EMP0351,HQ,2026-04-01,160.0,155.2,2.4,0.6,103,50,78.4,1,False,2023-11-30,,3.41,3811.2,1
EMP0257,Team A,Marketing,Marketing Specialist,EMP0476,Remote,2026-07-01,160.0,148.9,4.7,0.6,11,300,85.3,1,False,2025-05-28,,2.72,5146.35,1
EMP0148,Team E,Sales,Account Executive,EMP0376,HQ,2025-12-01,160.0,161.8,3.4,2.7,14,2000,68.5,2,False,2025-08-11,,5.0,6676.0,1
EMP0248,Team H,Marketing,Marketing Specialist,EMP0061,HQ,2026-01-01,160.0,167.5,7.5,,12,300,80.6,0,False,2022-06-20,,,5898.75,1
EMP0162,Team I,Support,Support Agent,EMP0450,Remote,2026-07-01,160.0,167.3,7.4,5.0,114,50,79.9,3,False,2022-08-14,,3.64,4281.6,1
EMP0229,Team C,Marketing,Marketing Specialist,EMP0449,HQ,2026-08-01,160.0,165.2,25.3,0.1,13,300,56.2,5,False,2024-07-13,,3.56,6703.95,1
EMP0422,Team A,Operations,Ops Coordinator,EMP0147,Remote,2026-03-01,160.0,147.0,13.2,0.1,92,35,62.1,1,False,2024-02-15,,4.13,4503.6,1
EMP0018,Team H,Sales,Sales Manager,EMP0280,Branch-East,2025-09-01,160.0,162.0,2.0,0.5,9,2500,92.6,0,False,2022-01-08,,2.89,8580.0,1
EMP0434,Team I,Engineering,Developer,EMP0480,Branch-East,2025-11-01,160.0,179.5,19.5,0.8,20,0,71.3,8,False,2022-01-28,,2.7,11481.25,1
EMP0422,Team A,Operations,Ops Coordinator,EMP0147,,2026-08-01,160.0,151.5,1.7,1.6,58,35,64.8,6,False,2024-02-15,,3.48,4159.35,1
EMP0221,Team D,Support,Support Agent,EMP0420,HQ,2026-04-01,160.0,158.2,21.1,3.3,119,50,87.0,1,False,2022-04-21,,3.01,4556.4,1
EMP0453,Team H,Sales,SDR,EMP0193,Remote,2025-10-01,160.0,149.5,5.4,1.1,46,150,39.1,1,False,2024-07-05,,2.74,4412.8,1
EMP0021,Team H,Support,Support Agent,EMP0035,Branch-East,2026-08-01,160.0,163.1,9.8,0.1,102,50,86.9,2,False,2023-09-07,,3.64,4267.2,1
EMP0405,Team B,Sales,SDR,EMP0309,Remote,2025-09-01,160.0,157.2,3.8,0.5,34,150,69.0,2,False,2024-10-13,,3.95,4561.2,1
EMP0385,Team B,Operations,Ops Analyst,EMP0217,HQ,2025-10-01,160.0,162.9,28.1,5.5,75,40,81.5,0,False,2022-05-10,,4.09,6561.6,1
EMP0145,Team E,Engineering,QA Engineer,EMP0453,Branch-East,2025-12-01,160.0,160.9,0.9,1.6,27,0,84.1,0,False,2024-09-23,,3.63,6814.5,1
EMP0070,Team J,Marketing,Content Creator,EMP0006,Branch-West,2026-06-01,160.0,144.0,2.2,1.4,18,150,93.9,2,False,2025-03-03,,4.11,4419.0,1
EMP0305,Team G,Support,Support Lead,EMP0376,Remote,2026-06-01,160.0,163.1,3.1,,69,60,85.3,0,False,2022-09-18,,3.24,5703.5,1
EMP0230,Team G,Support,Support Lead,EMP0280,HQ,2026-03-01,160.0,148.0,10.0,0.1,115,60,80.6,4,False,2024-09-03,,3.32,5542.0,1
EMP0230,Team G,Support,Support Lead,EMP0280,HQ,2026-08-01,160.0,152.6,7.0,2.1,111,60,68.4,0,False,2024-09-03,,3.38,5545.4,1
EMP0111,Team I,Engineering,Developer,EMP0293,HQ,2026-06-01,160.0,148.5,18.1,1.1,22,0,72.5,0,False,2023-08-02,,4.62,9660.75,1
EMP0160,Team C,Support,Support Agent,EMP0450,HQ,2026-08-01,160.0,156.0,22.4,0.5,158,50,82.8,0,False,2024-08-10,,3.83,4550.4,1
EMP0238,Team E,Engineering,QA Engineer,EMP0277,Branch-East,2026-03-01,160.0,169.0,12.8,3.7,32,0,95.7,2,False,2022-10-24,,3.99,7904.4,1
EMP0161,Team E,Sales,Account Executive,EMP0277,Branch-West,2025-10-01,160.0,158.8,6.8,1.8,14,2000,75.7,1,False,2021-09-11,,2.94,6760.0,1
EMP0062,Team D,Engineering,QA Engineer,EMP0187,Branch-West,2025-12-01,160.0,160.7,7.9,1.7,19,0,88.5,2,False,2024-11-23,,,7247.1,1
EMP0446,Team G,Marketing,Content Creator,EMP0061,Remote,2025-09-01,160.0,163.7,8.2,0.3,22,150,98.0,0,False,2022-06-10,,3.05,5280.0,1
EMP0468,Team A,Marketing,Marketing Specialist,EMP0259,HQ,2026-07-01,160.0,153.4,2.5,0.2,13,300,64.4,0,False,2021-09-19,,3.32,5185.95,1
EMP0384,Team G,Marketing,Marketing Specialist,EMP0480,HQ,2026-01-01,160.0,163.1,3.1,3.4,13,300,89.3,0,False,2025-06-13,,3.71,5535.75,1
EMP0058,Team D,Engineering,Developer,EMP0482,Branch-East,2026-02-01,160.0,161.7,1.7,5.0,16,0,69.0,2,False,2021-12-24,,2.8,9033.75,1
EMP0212,Team H,Support,Support Lead,EMP0006,Remote,2026-07-01,160.0,160.3,0.3,2.1,74,60,82.5,0,False,2024-11-10,,4.17,5465.5,1
EMP0450,Team I,Engineering,DevOps Engineer,,Remote,2026-04-01,160.0,157.4,10.3,0.4,15,0,61.8,5,False,2024-04-19,,3.72,10025.3,1
EMP0119,Team I,Marketing,Content Creator,EMP0218,Remote,2025-10-01,160.0,162.7,2.7,0.6,23,150,84.1,0,False,2023-05-10,,3.18,5002.5,1
EMP0090,Team A,Sales,SDR,EMP0280,Branch-East,2026-04-01,160.0,167.3,7.3,0.5,59,150,79.9,2,False,2023-05-20,,3.01,4991.0,1
EMP0325,Team B,Marketing,Content Creator,EMP0376,Remote,2025-10-01,160.0,155.2,0.7,0.3,24,150,75.1,0,False,2024-06-07,,2.89,4687.5,1
EMP0259,Team F,Sales,SDR,EMP0147,Remote,2026-05-01,160.0,160.8,0.8,2.8,42,150,80.3,1,False,2024-09-25,,4.92,4536.0,1
EMP0275,Team E,Sales,Sales Manager,EMP0420,Remote,2025-11-01,160.0,165.8,5.8,5.5,10,2500,89.6,1,False,2025-03-15,,3.45,9074.0,1
EMP0083,Team D,Sales,Account Executive,EMP0320,HQ,2026-03-01,160.0,142.2,9.7,1.8,12,2000,58.9,0,False,2025-05-17,,3.28,6270.0,1
EMP0340,Team E,Engineering,Data Engineer,EMP0100,Remote,2026-01-01,160.0,163.3,6.1,0.0,14,0,84.8,3,False,2021-11-09,,2.62,10347.0,1
EMP0195,Team I,Sales,Account Executive,EMP0453,HQ,2026-01-01,160.0,151.3,1.9,1.6,17,2000,55.9,0,False,2025-07-05,,4.58,6166.0,1
EMP0021,Team H,Support,Support Agent,EMP0035,Branch-East,2025-11-01,160.0,164.2,4.2,0.3,104,50,82.6,4,False,2023-09-07,,,4092.0,1
EMP0030,Team J,Engineering,Data Engineer,EMP0420,Remote,2025-11-01,160.0,160.5,0.5,1.3,14,0,75.1,2,False,2023-02-25,,4.16,9675.0,1
EMP0113,Team F,Marketing,Content Creator,EMP0476,Remote,2025-12-01,160.0,164.2,4.2,0.7,15,150,88.0,0,False,2025-12-11,,3.95,5115.0,1
EMP0249,Team I,Marketing,Content Creator,EMP0035,Remote,2026-06-01,160.0,136.1,2.2,2.4,25,150,82.7,0,False,2023-06-24,,3.44,4182.0,1
EMP0434,Team I,Engineering,Developer,EMP0480,Branch-East,2026-08-01,160.0,163.4,3.4,2.0,10,0,64.4,1,False,2022-01-28,,3.32,9267.5,1
EMP0127,Team E,Operations,Ops Analyst,EMP0277,HQ,2026-06-01,160.0,141.5,3.5,0.2,59,40,86.5,0,False,2022-05-14,,2.86,4696.0,1
EMP0100,Team F,Engineering,Developer,EMP0480,Branch-West,2026-06-01,160.0,160.2,0.2,1.7,16,0,89.5,6,False,2023-06-05,,3.53,8827.5,1
EMP0234,Team F,Sales,Sales Manager,EMP0280,Remote,2026-05-01,160.0,168.3,11.1,2.8,7,2500,85.8,3,False,2022-08-23,,4.16,9617.4,1
EMP0427,Team G,Sales,Account Executive,EMP0482,HQ,2025-10-01,160.0,162.4,2.4,3.2,17,2000,83.5,0,False,2021-11-10,,2.99,6640.0,1
EMP0159,Team E,Engineering,DevOps Engineer,EMP0185,Remote,2025-12-01,160.0,157.4,0.8,2.0,13,0,94.9,1,False,2024-07-19,,2.7,9198.8,1
EMP0036,Team H,Operations,Ops Analyst,EMP0296,Branch-East,2025-11-01,160.0,170.1,10.1,2.5,50,40,76.4,0,False,2023-07-24,,2.98,5928.0,1
EMP0238,Team E,Engineering,QA Engineer,EMP0277,,2026-05-01,160.0,156.6,2.4,0.4,28,0,97.3,0,False,2022-10-24,,3.57,6728.4,1
EMP0157,Team G,Support,Support Lead,EMP0035,Branch-East,2025-10-01,160.0,163.0,3.0,1.3,115,60,63.3,3,False,2024-11-27,,3.57,5695.0,1
EMP0316,Team J,Support,Support Lead,EMP0100,HQ,2026-03-01,160.0,159.5,6.4,0.4,106,60,36.3,1,False,2025-11-19,,3.4,5749.4,1
EMP0149,Team J,Engineering,QA Engineer,EMP0071,HQ,2025-12-01,160.0,153.1,0.3,0.1,25,0,80.1,0,False,2022-08-29,,2.52,6449.1,1
EMP0264,Team A,Sales,Account Executive,EMP0187,,2025-12-01,160.0,160.5,0.5,1.2,9,2000,92.4,4,False,2024-03-18,,3.45,6450.0,1
EMP0394,Team F,Operations,Ops Coordinator,EMP0259,Remote,2025-10-01,160.0,162.3,2.3,1.1,69,35,81.3,11,False,2025-03-27,,3.15,4475.25,1
EMP0335,Team I,Engineering,DevOps Engineer,EMP0187,HQ,2026-01-01,160.0,157.9,3.4,0.5,12,0,57.9,2,False,2023-07-24,,3.93,9454.0,1
EMP0124,Team D,Engineering,QA Engineer,EMP0085,Remote,2026-01-01,160.0,143.4,7.0,2.8,26,0,77.6,1,False,2022-06-11,,,6463.8,1
EMP0025,  Team B  ,Sales,SDR,EMP0077,Remote,2026-06-01,160.0,149.0,1.0,0.8,34,150,85.2,0,False,2021-10-07,,4.73,4214.0,1
EMP0160,Team C,Support,Support Agent,EMP0450,,2025-11-01,160.0,151.1,6.3,0.6,131,50,75.8,2,False,2024-08-10,,2.73,3853.2,1
EMP0186,Team H,Support,Support Agent,EMP0177,HQ,2026-06-01,160.0,147.2,2.0,0.3,152,50,80.9,1,False,2024-05-22,,3.64,3604.8,1
EMP0481,Team D,Support,Support Lead,EMP0476,HQ,2025-12-01,160.0,139.8,1.0,3.0,100,60,75.1,1,False,2022-01-26,,3.31,4804.2,1
EMP0398,Team E,Sales,Sales Manager,EMP0243,Remote,2026-08-01,160.0,163.8,5.0,3.5,11,2500,61.2,2,False,2024-02-16,,4.58,8907.6,1
EMP0262,Team G,Marketing,Content Creator,EMP0309,Remote,2026-08-01,160.0,152.6,1.6,1.9,14,150,88.6,1,False,2025-10-18,,4.23,4650.0,1
EMP0005,Team C,Engineering,Developer,EMP0355,Remote,2026-08-01,160.0,157.2,13.8,0.9,27,0,92.8,0,False,2022-05-08,,3.03,9784.5,1
EMP0226,Team G,Engineering,DevOps Engineer,EMP0392,HQ,2026-08-01,160.0,145.9,26.6,3.3,15,0,91.8,1,False,2025-12-09,,2.81,10776.4,1
EMP0193,Team E,Marketing,Content Creator,,HQ,2026-04-01,160.0,156.5,1.2,0.2,16,150,90.0,1,False,2023-03-18,,3.69,4749.0,1
EMP0248,Team H,Marketing,Marketing Specialist,EMP0061,HQ,2026-08-01,160.0,152.5,0.5,5.7,12,300,87.4,0,False,2022-06-20,,2.83,5057.25,1
EMP0248,Team H,Marketing,Marketing Specialist,EMP0061,HQ,2026-06-01,160.0,141.2,6.5,1.2,17,300,68.6,2,False,2022-06-20,,3.63,4981.35,1
EMP0432,Team A,Operations,Ops Coordinator,EMP0453,Remote,2026-08-01,160.0,161.2,6.3,,46,35,74.2,2,False,2024-03-12,,3.05,4607.55,1
EMP0358,Team F,Sales,SDR,EMP0077,Remote,2026-03-01,160.0,157.5,5.9,7.4,38,150,83.8,1,False,2022-11-05,,3.77,4657.8,1
EMP0148,Team E,Sales,Account Executive,EMP0376,HQ,2026-02-01,160.0,145.5,4.3,0.4,20,2000,49.1,2,False,2025-08-11,,2.25,6078.0,1
EMP0151,Team J,Marketing,Marketing Specialist,EMP0245,Remote,2026-02-01,160.0,161.9,1.9,0.2,13,300,51.5,0,False,2024-07-08,,3.11,5436.75,1
EMP0104,team j,Sales,Account Executive,EMP0453,Remote,2026-08-01,160.0,149.6,21.2,0.2,15,2000,43.8,0,False,2022-03-09,,3.29,7256.0,1
EMP0110,Team B,Engineering,DevOps Engineer,EMP0217,HQ,2026-08-01,160.0,165.1,11.0,3.4,17,0,97.3,4,False,2024-10-04,,3.98,10532.8,1
EMP0147,Team A,Support,Support Lead,,Branch-West,2026-04-01,160.0,158.4,2.7,1.2,83,60,76.1,0,False,2023-04-22,,3.88,5523.3,1
EMP0055,Team G,Sales,Sales Manager,EMP0392,Branch-East,2026-02-01,160.0,150.3,4.8,5.1,9,2500,87.8,2,False,2025-10-15,,3.48,8190.0,1
EMP0106,Team J,Engineering,Data Engineer,EMP0309,HQ,2025-09-01,160.0,160.1,0.6,4.9,14,0,77.0,2,False,2025-03-01,,3.46,9660.0,1
EMP0350,Team B,Support,Support Lead,EMP0167,HQ,2026-03-01,160.0,160.7,0.7,1.7,81,60,77.6,1,False,2024-03-17,,2.84,5499.5,1
EMP0165,Team C,Engineering,DevOps Engineer,EMP0071,Remote,2025-12-01,160.0,159.3,5.8,0.4,11,0,90.1,1,True,2023-06-22,2026-05-31,2.59,9744.0,1
EMP0003,Team A,Operations,Ops Analyst,EMP0225,Remote,2026-06-01,160.0,149.6,0.0,3.1,51,40,74.3,0,False,2023-03-15,,3.28,4787.2,1
EMP0074,Team H,Operations,Ops Coordinator,EMP0450,HQ,2025-12-01,160.0,144.7,1.4,0.8,62,35,71.7,1,False,2023-04-13,,3.86,3963.6,1
EMP0495,Team E,Sales,Sales Manager,EMP0476,Remote,2026-06-01,160.0,155.7,2.0,0.0,9,2500,79.8,0,False,2025-09-22,,4.69,8252.4,1
EMP0435,Team A,Engineering,QA Engineer,EMP0277,HQ,2026-07-01,160.0,146.5,0.5,1.0,18,0,72.1,3,False,2025-06-23,,4.52,6184.5,1
EMP0403,Team J,Sales,Sales Manager,EMP0225,HQ,2026-07-01,160.0,140.9,6.6,0.3,13,2500,80.4,2,False,2024-10-14,,4.7,7841.6,1
EMP0143,Team G,Sales,SDR,EMP0047,HQ,2026-03-01,160.0,137.1,7.2,2.2,31,150,87.0,2,False,2022-05-23,,2.59,4141.2,1
EMP0432,Team A,Operations,Ops Coordinator,EMP0453,Remote,2026-03-01,160.0,161.1,1.1,1.2,89,35,62.0,1,False,2024-03-12,,2.98,4394.25,1
EMP0044,Team E,Marketing,Marketing Specialist,EMP0035,Remote,2025-12-01,160.0,162.5,5.3,,12,300,66.8,1,False,2023-11-14,,3.21,5624.85,1
EMP0268,Team G,Support,Support Lead,EMP0147,HQ,2026-03-01,160.0,155.5,2.5,4.1,91,60,79.5,2,False,2022-06-15,,2.65,5414.5,1
EMP0092,Team J,Support,Support Lead,EMP0333,Remote,2026-05-01,160.0,167.8,7.8,0.4,94,60,82.9,1,False,2023-04-05,,3.37,6103.0,1
EMP0429,Team I,Sales,Sales Manager,EMP0344,Branch-East,2026-02-01,160.0,147.4,2.8,2.4,10,2500,66.3,0,False,2022-08-12,,3.17,7883.2,1
EMP0423,Team D,Engineering,QA Engineer,EMP0277,HQ,2026-03-01,160.0,159.8,2.4,6.4,22,0,79.5,6,False,2022-02-23,,3.77,6862.8,1
EMP0458,  Team H  ,Sales,SDR,EMP0177,Remote,2025-12-01,160.0,167.5,11.6,1.9,24,150,88.1,0,False,2024-02-18,,3.49,5177.2,1
EMP0345,Team H,Sales,Sales Manager,EMP0301,Remote,2026-04-01,160.0,148.1,5.7,1.6,8,2500,61.9,3,False,2022-01-29,,5.0,8145.8,1
EMP0416,  Team D  ,Sales,Account Executive,EMP0450,,2026-05-01,160.0,150.2,6.9,0.7,17,2000,65.6,1,False,2025-02-23,,3.12,6422.0,1
EMP0166,Team I,Operations,Ops Coordinator,EMP0035,Branch-West,2026-04-01,160.0,155.5,4.2,1.5,53,35,73.1,5,False,2024-10-04,,4.05,4368.6,1
EMP0125,Team G,Engineering,QA Engineer,EMP0033,HQ,2025-11-01,160.0,159.7,7.8,1.8,21,0,,0,False,2022-05-04,,3.41,7198.8,1
EMP0091,Team B,Engineering,QA Engineer,EMP0035,Branch-East,2026-08-01,160.0,157.3,0.7,0.9,28,0,96.8,0,False,2022-10-13,,3.41,6650.7,1
EMP0186,Team H,Support,Support Agent,EMP0177,HQ,2026-02-01,160.0,143.2,28.4,4.3,108,50,93.0,3,False,2024-05-22,,3.06,4459.2,1
EMP0494,Team C,Engineering,Data Engineer,EMP0210,HQ,2026-01-01,160.0,177.0,30.5,0.6,15,0,82.8,1,False,2024-08-06,,4.12,13365.0,1
EMP0480,Team J,Sales,SDR,,Branch-East,2026-08-01,160.0,168.2,8.2,4.3,45,150,83.6,6,False,2023-06-10,,3.58,5054.0,1
EMP0051,Team G,Marketing,Marketing Specialist,EMP0392,Remote,2026-04-01,160.0,148.8,5.9,0.4,9,300,93.1,2,False,2024-07-19,,3.73,5202.45,1
EMP0334,Team G,Engineering,DevOps Engineer,EMP0450,Branch-East,2026-03-01,160.0,165.2,14.1,5.7,16,0,85.5,4,False,2023-08-04,,3.71,10808.3,1
EMP0019,Team G,Sales,Account Executive,EMP0006,HQ,2025-10-01,160.0,155.1,8.0,0.4,15,2000,83.8,1,False,2025-03-26,,4.72,6684.0,1
EMP0224,Team F,Sales,SDR,EMP0243,HQ,2025-11-01,160.0,151.8,22.0,,44,150,66.6,0,True,2021-12-19,2026-02-17,3.19,5174.4,1
EMP0150,Team D,Engineering,QA Engineer,EMP0243,Remote,2025-11-01,160.0,161.8,1.8,1.4,27,0,39.0,1,False,2021-10-31,,3.64,6909.0,1
EMP0223,Team B,Engineering,QA Engineer,EMP0071,HQ,2025-10-01,160.0,151.3,3.3,1.3,16,0,79.2,7,False,2022-12-17,,3.38,6562.5,1
EMP0032,team a,Engineering,QA Engineer,EMP0351,Branch-West,2026-08-01,160.0,161.1,16.3,0.2,29,0,59.1,1,False,2024-01-28,,2.87,7793.1,1
EMP0194,Team A,Support,Support Lead,EMP0320,HQ,2026-05-01,160.0,170.2,11.1,5.5,97,60,75.9,0,False,2022-07-10,,2.77,6352.9,1
EMP0185,Team B,Engineering,QA Engineer,EMP0450,HQ,2025-10-01,160.0,157.5,27.1,0.7,23,0,78.1,1,False,2025-08-09,,3.57,8322.3,1
EMP0422,Team A,Operations,Ops Coordinator,EMP0147,Remote,2026-04-01,160.0,165.3,5.3,,68,35,85.6,0,False,2024-02-15,,3.89,4677.75,1
EMP0342,Team G,Sales,SDR,EMP0061,Branch-West,2026-08-01,160.0,173.1,13.1,3.5,42,150,82.9,1,False,2023-09-30,,3.5,5397.0,1
EMP0187,Team C,Operations,Ops Analyst,EMP0351,HQ,2025-11-01,160.0,164.1,4.1,3.1,63,40,80.8,4,False,2025-09-30,,3.78,5448.0,1
EMP0363,Team E,Sales,Sales Manager,EMP0277,HQ,2025-11-01,160.0,165.5,14.7,2.1,9,2500,54.2,1,False,2022-06-02,,2.72,9752.6,1
EMP0250,Team A,Operations,Ops Analyst,EMP0225,HQ,2026-06-01,160.0,161.5,1.5,,68,40,90.4,1,False,2022-08-19,,3.67,5240.0,1
EMP0155,TEAM E,Marketing,Marketing Specialist,EMP0251,Remote,2026-03-01,160.0,167.1,7.1,0.9,11,300,76.0,2,False,2022-03-02,,5.0,5865.75,1
EMP0450,Team I,Engineering,DevOps Engineer,,Remote,2026-06-01,160.0,151.1,4.0,1.7,11,0,56.4,3,False,2024-04-19,,2.93,9111.8,1
EMP0115,Team A,Support,Support Agent,EMP0085,Remote,2026-08-01,160.0,158.7,5.9,0.6,112,50,94.7,0,False,2023-09-29,,4.8,4021.2,1
EMP0339,Team H,Sales,Account Executive,EMP0035,HQ,2025-12-01,160.0,163.9,3.9,2.2,14,2000,90.6,2,False,2024-04-19,,4.02,6790.0,1
EMP0005,Team C,Engineering,Developer,EMP0355,Remote,2025-11-01,160.0,162.1,2.1,0.2,19,0,74.8,1,False,2022-05-08,,3.75,9088.75,1
EMP0410,Team H,Engineering,Developer,EMP0061,HQ,2026-01-01,160.0,159.2,4.1,1.4,19,0,62.2,2,False,2024-09-20,,3.18,9094.25,1
EMP0346,Team H,Support,Support Lead,EMP0434,Remote,2025-12-01,160.0,155.9,2.5,5.1,62,60,90.5,4,False,2024-07-26,,4.35,5428.1,1
EMP0191,Team E,Engineering,QA Engineer,EMP0147,Remote,2026-05-01,160.0,168.7,12.4,0.6,24,0,93.7,0,False,2023-11-14,,3.45,7866.6,1
EMP0139,team h,Sales,Sales Manager,EMP0033,HQ,2025-09-01,160.0,151.5,6.2,2.1,11,2500,64.3,5,False,2025-03-14,,4.11,8361.6,1
EMP0472,Team A,Marketing,Marketing Specialist,EMP0471,Remote,2026-06-01,160.0,164.8,4.8,0.3,17,300,90.2,0,False,2023-02-14,,3.34,5676.0,1
EMP0311,Team F,Sales,Sales Manager,EMP0199,Remote,2026-08-01,160.0,145.7,2.6,0.3,10,2500,81.6,4,False,2024-06-28,,4.23,7779.2,1
EMP0041,Team D,Engineering,DevOps Engineer,EMP0162,Branch-East,2026-08-01,160.0,153.6,1.9,0.6,14,0,50.2,1,False,2022-04-09,,4.39,9074.1,1
EMP0222,Team I,Sales,SDR,EMP0218,Branch-East,2025-12-01,160.0,166.8,7.8,0.2,30,150,92.0,1,False,2023-02-12,,4.33,4998.0,1
EMP0141,Team B,Marketing,Marketing Specialist,EMP0318,Remote,2026-06-01,160.0,154.7,15.6,6.2,16,300,71.8,2,False,2025-10-26,,4.17,5877.3,1
EMP0213,Team E,Support,Support Agent,EMP0077,HQ,2026-05-01,160.0,160.2,1.2,0.1,129,50,47.8,0,False,2025-08-12,,,3888.0,1
EMP0082,Team A,Support,Support Lead,EMP0251,Remote,2025-10-01,160.0,163.0,3.0,,98,60,47.6,4,False,2022-02-09,,4.23,5695.0,1
EMP0130,Team G,Sales,SDR,EMP0351,HQ,2025-09-01,160.0,155.1,4.8,1.3,25,150,84.4,1,False,2025-04-15,,3.62,4544.4,1
EMP0156,Team J,Engineering,DevOps Engineer,EMP0293,Remote,2025-12-01,160.0,155.9,45.0,2.0,12,0,94.4,0,False,2024-11-11,,3.95,12957.2,1
EMP0225,Team I,Engineering,Data Engineer,EMP0351,,2025-12-01,160.0,149.0,1.6,0.3,14,0,77.9,2,False,2021-12-22,,3.0,9084.0,1
EMP0259,Team F,Sales,SDR,EMP0147,Remote,2026-07-01,160.0,154.7,1.6,1.9,43,150,70.5,2,False,2024-09-25,,3.13,4398.8,1
EMP0239,Team C,Support,Support Agent,EMP0296,Remote,2026-01-01,160.0,159.3,3.6,0.9,125,50,68.1,0,False,2023-05-19,,3.66,3952.8,1
EMP0239,Team C,Support,Support Agent,EMP0296,Remote,2025-09-01,160.0,157.9,1.9,0.7,159,50,90.0,3,False,2023-05-19,,,3858.0,1
EMP0025,Team B,Sales,SDR,EMP0077,Remote,2026-02-01,160.0,160.4,0.4,0.2,46,150,66.6,0,False,2021-10-07,,3.49,4508.0,1
EMP0188,Team E,Sales,Account Executive,EMP0420,Branch-East,2026-04-01,160.0,160.2,0.2,1.0,18,2000,95.8,1,False,2025-09-26,,3.91,6420.0,1
EMP0178,Team D,Sales,Account Executive,EMP0480,Remote,2025-09-01,160.0,161.0,10.6,2.7,21,2000,74.8,0,False,2024-12-18,,3.82,7076.0,1
EMP0116,team g,Marketing,Marketing Specialist,EMP0162,Remote,2026-02-01,160.0,144.2,1.3,0.6,10,300,81.0,0,False,2024-08-31,,1.88,4822.95,1
EMP0237,Team J,Engineering,DevOps Engineer,EMP0077,HQ,2025-12-01,160.0,138.9,1.2,0.6,9,0,79.7,1,False,2021-10-17,,3.75,8160.6,1
EMP0065,Team C,Engineering,DevOps Engineer,EMP0199,HQ,2026-07-01,160.0,161.9,6.9,1.6,12,0,53.7,1,False,2025-05-06,,3.48,9990.5,1
EMP0386,Team H,Operations,Ops Coordinator,EMP0259,HQ,2025-09-01,160.0,160.1,0.1,0.8,65,35,69.6,0,False,2023-10-22,,3.98,4326.75,1
EMP0358,Team F,Sales,SDR,EMP0077,Remote,2026-07-01,160.0,167.3,7.3,0.7,25,150,79.9,0,False,2022-11-05,,2.89,4991.0,1
EMP0409,Team D,Marketing,Marketing Specialist,EMP0320,Branch-East,2026-02-01,160.0,160.2,0.2,4.0,12,300,56.5,2,False,2023-07-23,,4.28,5296.5,1
EMP0309,Team H,Operations,Ops Analyst,EMP0351,Remote,2026-03-01,160.0,147.5,0.5,0.4,87,40,93.7,1,False,2024-04-22,,,4744.0,1
EMP0209,Team D,Engineering,Developer,EMP0422,HQ,2026-05-01,160.0,164.7,17.9,2.0,16,0,79.0,0,False,2026-01-08,,3.7,10535.25,1
EMP0390,Team D,Operations,Ops Coordinator,EMP0355,Branch-West,2025-10-01,160.0,161.8,1.8,,68,35,70.5,7,False,2023-02-12,,3.58,4441.5,1
EMP0132,Team A,Engineering,QA Engineer,EMP0035,Remote,2026-03-01,160.0,162.4,8.0,1.8,28,0,84.0,1,True,2025-05-31,2026-05-06,3.25,7324.8,1
EMP0110,Team B,Engineering,DevOps Engineer,EMP0217,HQ,2025-09-01,160.0,149.2,3.2,0.4,14,0,57.7,3,False,2024-10-04,,4.17,8932.0,1
EMP0206,Team C,Engineering,DevOps Engineer,EMP0476,HQ,2026-03-01,160.0,160.9,0.9,1.5,13,0,57.8,0,False,2025-06-19,,3.06,9410.5,1
EMP0254,Team C,Sales,SDR,EMP0392,Remote,2026-05-01,160.0,160.5,0.5,1.8,41,150,73.4,2,False,2024-03-23,,3.52,4515.0,1
EMP0446,Team G,Marketing,Content Creator,EMP0061,Remote,2026-03-01,160.0,144.4,27.0,7.5,22,150,60.7,0,False,2022-06-10,,3.6,5547.0,1
EMP0136,Team F,Sales,SDR,EMP0318,HQ,2025-10-01,160.0,161.0,1.0,1.5,44,150,91.0,0,False,2024-10-13,,3.19,4550.0,1
EMP0258,Team I,Support,Support Agent,EMP0210,Branch-East,2026-04-01,160.0,152.3,5.1,0.2,198,50,93.6,0,False,2025-07-29,,2.89,3838.8,1
EMP0011,Team B,Engineering,Developer,EMP0217,Remote,2026-02-01,160.0,145.8,25.6,,23,0,45.7,3,False,2025-08-31,,3.24,10131.0,1
EMP0325,Team B,Marketing,Content Creator,EMP0376,Remote,2026-03-01,160.0,149.5,1.3,3.5,23,150,77.4,0,False,2024-06-07,,3.35,4543.5,1
EMP0026,Team F,Operations,Ops Analyst,EMP0185,Remote,2026-03-01,160.0,166.4,6.4,0.3,66,40,,2,False,2025-04-06,,4.08,5632.0,1
EMP0140,Team I,Marketing,Marketing Specialist,EMP0482,HQ,2026-01-01,160.0,148.5,13.4,1.8,14,300,85.7,2,False,2025-07-21,,3.36,5563.8,1
EMP0445,Team G,Operations,Ops Analyst,EMP0309,Remote,2026-01-01,160.0,155.4,9.7,0.3,67,40,81.2,0,False,2025-03-25,,3.17,5438.4,1
EMP0119,Team I,Marketing,Content Creator,EMP0218,Remote,2026-04-01,160.0,165.9,17.8,0.6,18,150,63.1,1,False,2023-05-10,,3.25,5778.0,1
EMP0242,Team H,Marketing,Marketing Specialist,EMP0167,HQ,2025-09-01,160.0,167.4,7.4,0.2,15,300,80.4,0,False,2024-05-23,,3.54,5890.5,1
EMP0006,Team E,Engineering,Developer,EMP0351,HQ,2026-01-01,160.0,156.5,3.5,0.7,23,0,77.9,0,False,2023-08-19,,2.78,8896.25,1
EMP0131,Team F,Sales,Account Executive,EMP0245,Remote,2026-08-01,160.0,152.0,9.1,0.8,19,2000,90.8,0,False,2024-05-01,,3.13,6626.0,1
EMP0071,Team E,Operations,Ops Analyst,EMP0193,HQ,2025-11-01,160.0,162.3,2.3,1.6,56,40,68.4,0,False,2022-11-07,,3.37,5304.0,1
EMP0427,Team G,Sales,Account Executive,EMP0482,HQ,2026-06-01,160.0,164.0,4.0,4.6,13,2000,62.3,0,False,2021-11-10,,4.07,6800.0,1
EMP0327,Team H,Sales,SDR,EMP0077,Branch-East,2025-11-01,160.0,161.2,6.4,0.3,60,150,47.8,2,False,2025-01-22,,3.78,4782.4,1
EMP0219,Team A,Support,Support Agent,EMP0480,Branch-East,2026-05-01,160.0,158.2,8.5,0.2,171,50,78.3,3,False,2021-12-22,,4.34,4102.8,1
EMP0187,Team C,Operations,Ops Analyst,EMP0351,HQ,2026-06-01,160.0,160.1,0.1,0.6,69,40,91.7,5,False,2025-09-30,,4.19,5128.0,1
EMP0182,Team H,Engineering,Developer,EMP0217,Branch-East,2026-02-01,160.0,163.7,3.7,1.1,17,0,57.0,1,False,2025-08-26,,2.87,9308.75,1
EMP0032,Team A,Engineering,QA Engineer,EMP0351,Branch-West,2026-06-01,160.0,171.0,11.0,0.6,27,0,62.0,2,False,2024-01-28,,4.41,7875.0,1
EMP0319,Team A,Engineering,QA Engineer,EMP0482,Branch-West,2026-01-01,160.0,159.2,4.3,5.3,26,0,90.5,2,False,2023-06-16,,3.36,6957.3,1
EMP0159,Team E,Engineering,DevOps Engineer,EMP0185,Remote,2025-11-01,160.0,165.7,5.7,1.1,14,0,75.3,2,False,2024-07-19,,4.37,10106.5,1
EMP0070,Team J,Marketing,Content Creator,EMP0006,Branch-West,2025-10-01,160.0,162.8,6.9,0.2,20,150,,5,False,2025-03-03,,3.5,5194.5,1
EMP0406,Team G,Marketing,Content Creator,EMP0438,HQ,2026-08-01,160.0,162.5,2.5,1.5,16,150,85.7,0,False,2022-05-03,,,4987.5,1
EMP0333,Team A,Engineering,QA Engineer,EMP0480,Branch-West,2026-06-01,160.0,163.8,6.4,0.9,28,0,91.9,0,False,2022-09-22,,4.34,7282.8,1
EMP0048,Team J,Sales,Account Executive,EMP0217,Remote,2026-06-01,160.0,175.5,15.5,1.5,16,2000,76.4,0,False,2023-11-16,,3.45,7950.0,1
EMP0363,Team E,Sales,Sales Manager,EMP0277,HQ,2026-05-01,160.0,155.7,7.0,5.1,12,2500,82.5,5,False,2022-06-02,,3.59,8642.4,1
EMP0295,Team F,Engineering,Developer,EMP0035,Remote,2025-09-01,160.0,159.9,3.1,0.6,23,0,81.3,2,False,2023-06-07,,3.58,9050.25,1
EMP0029,Team I,Sales,Sales Manager,EMP0047,HQ,2025-10-01,160.0,161.4,4.5,2.9,10,2500,80.7,2,True,2024-10-22,2026-02-25,3.92,8743.8,1
EMP0336,Team I,Engineering,Data Engineer,EMP0376,HQ,2025-10-01,160.0,172.7,13.4,3.3,14,0,87.2,3,True,2023-09-19,2026-04-13,2.36,11568.0,1
EMP0218,Team D,Operations,Ops Coordinator,EMP0147,HQ,2026-08-01,160.0,153.9,1.9,0.3,52,35,68.9,0,False,2022-05-08,,3.72,4232.25,1
EMP0415,Team F,Support,Support Agent,EMP0303,Remote,2026-03-01,160.0,170.4,20.2,0.9,151,50,84.3,0,False,2025-06-27,,3.07,4816.8,1
EMP0358,Team F,Sales,SDR,EMP0077,Remote,2026-02-01,160.0,163.2,3.3,0.4,50,150,67.6,0,False,2022-11-05,,4.64,4708.2,1
EMP0486,Team A,Marketing,Marketing Specialist,EMP0453,HQ,2026-08-01,160.0,161.7,1.7,1.3,17,300,81.5,1,False,2021-10-11,,3.62,5420.25,1
EMP0363,Team E,Sales,Sales Manager,EMP0277,HQ,2025-09-01,160.0,160.6,0.6,1.4,8,2500,99.8,0,False,2022-06-02,,3.0,8398.0,1
EMP0160,Team C,Support,Support Agent,EMP0450,HQ,2025-09-01,160.0,161.9,1.9,0.7,112,50,64.9,5,False,2024-08-10,,3.1,3954.0,1
EMP0491,Team B,Sales,Sales Manager,EMP0193,Remote,2025-11-01,160.0,156.7,3.2,,9,2500,59.2,0,False,2023-07-23,,4.38,8398.0,1
EMP0214,Team A,Engineering,Data Engineer,EMP0453,Remote,2026-08-01,160.0,161.6,1.6,1.7,20,0,72.8,0,False,2022-08-17,,3.84,9840.0,1
EMP0075,Team H,Support,Support Agent,EMP0420,Remote,2026-02-01,160.0,157.5,6.6,1.9,111,50,94.3,2,False,2021-11-30,,,4017.6,1
EMP0202,Team F,Engineering,QA Engineer,EMP0434,HQ,2026-07-01,160.0,148.9,3.5,0.2,25,0,44.9,0,False,2025-07-01,,4.11,6474.3,1
EMP0034,Team J,Marketing,Content Creator,EMP0434,Branch-West,2026-04-01,160.0,152.4,1.9,0.3,24,150,74.7,2,False,2023-04-13,,4.01,4657.5,1
EMP0246,Team B,Marketing,Marketing Specialist,EMP0355,HQ,2026-02-01,160.0,146.0,13.1,6.1,16,300,81.5,0,False,2024-11-20,,3.48,5466.45,1
EMP0291,Team F,Engineering,Developer,EMP0392,HQ,2025-09-01,160.0,159.4,0.5,0.8,22,0,78.9,1,True,2024-05-14,2026-01-29,4.04,8808.25,1
EMP0284,Team I,Engineering,Developer,EMP0167,HQ,2025-12-01,160.0,152.6,33.5,0.2,17,0,45.8,1,False,2022-05-19,,3.81,11156.75,1
EMP0471,Team D,Engineering,QA Engineer,EMP0147,Branch-East,2026-04-01,160.0,154.5,2.1,5.6,31,0,64.2,4,False,2024-07-01,,3.33,6621.3,1
EMP0108,Team J,Operations,Ops Analyst,EMP0061,Branch-East,2026-02-01,160.0,175.6,15.7,0.6,59,40,64.1,0,False,2022-03-17,,3.09,6372.8,1
EMP0331,Team E,Sales,SDR,EMP0449,Branch-West,2026-05-01,160.0,153.4,9.8,6.7,46,150,93.0,0,False,2025-01-10,,3.26,4706.8,1
EMP0270,Team H,Engineering,DevOps Engineer,EMP0392,Remote,2025-09-01,160.0,156.1,5.0,0.1,11,0,86.9,1,False,2022-08-13,,3.55,9488.8,1
EMP0236,Team J,Support,Support Agent,EMP0225,Remote,2026-01-01,160.0,160.6,0.6,1.6,118,50,95.5,2,False,2021-11-04,,4.02,3876.0,1
EMP0412,Team G,Marketing,Content Creator,EMP0303,Branch-East,2026-05-01,160.0,153.1,3.5,,23,150,78.4,0,True,2025-02-28,2026-06-23,1.69,4750.5,1
EMP0460,Team F,Engineering,Data Engineer,EMP0071,HQ,2025-12-01,160.0,160.7,0.7,1.0,15,0,89.2,2,False,2022-10-30,,3.49,9705.0,1
EMP0406,Team G,Marketing,Content Creator,EMP0438,HQ,2025-10-01,160.0,144.7,3.6,1.9,21,150,77.9,0,False,2022-05-03,,3.11,4503.0,1
EMP0349,Team G,Sales,Account Executive,EMP0047,Branch-West,2025-11-01,160.0,161.6,11.1,2.6,13,2000,83.7,3,False,2021-12-13,,4.64,7130.0,1
EMP0149,Team J,Engineering,QA Engineer,EMP0071,HQ,2025-11-01,160.0,168.0,8.0,8.0,23,0,43.4,3,False,2022-08-29,,3.35,7560.0,1
EMP0050,Team J,Engineering,Developer,EMP0471,Branch-East,2026-07-01,160.0,162.3,2.9,1.5,13,0,95.2,0,False,2022-02-18,,4.35,9165.75,1
EMP0441,Team E,Engineering,Developer,EMP0006,Branch-East,2026-06-01,160.0,158.8,6.1,5.6,13,0,66.6,0,False,2024-06-21,,3.22,9237.25,1
EMP0202,Team F,Engineering,QA Engineer,EMP0434,HQ,2026-02-01,160.0,156.7,5.3,0.3,28,0,63.4,3,False,2025-07-01,,4.25,6915.3,1
EMP0264,Team A,Sales,Account Executive,EMP0187,Remote,2026-02-01,160.0,152.8,8.1,0.8,15,2000,60.7,9,False,2024-03-18,,4.32,6598.0,1
EMP0241,Team I,Marketing,Content Creator,EMP0251,HQ,2025-09-01,160.0,168.7,8.7,,13,150,63.6,0,False,2021-12-06,,3.73,5452.5,1
EMP0475,TEAM C,Sales,Account Executive,EMP0457,HQ,2025-12-01,160.0,161.1,1.1,2.1,10,2000,64.1,2,False,2024-06-18,,3.65,6510.0,1
EMP0315,Team A,Operations,Ops Analyst,EMP0210,Remote,2026-08-01,160.0,155.8,0.5,2.5,63,40,86.5,3,False,2026-01-11,,1.96,5009.6,1
EMP0219,Team A,Support,Support Agent,EMP0480,Branch-East,2026-01-01,160.0,151.0,10.9,1.5,132,50,75.7,3,False,2021-12-22,,5.0,4016.4,1
EMP0161,Team E,Sales,Account Executive,EMP0277,Branch-West,2025-09-01,160.0,179.4,19.4,0.2,15,2000,74.9,2,False,2021-09-11,,2.74,8340.0,1
EMP0222,Team I,Sales,SDR,EMP0218,Branch-East,2025-09-01,160.0,160.0,9.6,0.1,39,150,70.8,0,False,2023-02-12,,3.78,4883.2,1
EMP0235,Team B,Engineering,DevOps Engineer,EMP0450,Remote,2025-12-01,160.0,162.0,2.0,1.1,8,0,93.9,0,False,2023-10-25,,3.37,9570.0,1
EMP0466,Team F,Sales,SDR,EMP0422,Remote,2026-02-01,160.0,156.9,27.3,0.3,42,150,65.1,5,False,2025-03-16,,3.7,5539.8,1
EMP0103,Team I,Sales,Sales Manager,EMP0035,Remote,2026-06-01,160.0,144.3,11.8,1.2,9,2500,86.8,3,False,2021-12-02,,3.23,8424.0,1
EMP0235,Team B,Engineering,DevOps Engineer,EMP0450,Remote,2026-04-01,160.0,163.9,3.9,2.3,15,0,76.5,0,False,2023-10-25,,3.2,9845.5,1
EMP0494,Team C,Engineering,Data Engineer,EMP0210,HQ,2026-08-01,160.0,153.6,10.4,4.3,15,0,81.2,0,False,2024-08-06,,3.1,10152.0,1
EMP0398,Team E,Sales,Sales Manager,EMP0243,Remote,2025-10-01,160.0,162.0,2.0,1.3,12,2500,95.8,0,False,2024-02-16,,4.79,8580.0,1
EMP0367,Team I,Marketing,Content Creator,EMP0061,Remote,2026-03-01,160.0,155.5,3.3,,18,150,88.1,0,False,2021-09-10,,4.25,4813.5,1
EMP0209,Team D,Engineering,Developer,EMP0422,HQ,2026-02-01,160.0,162.0,6.1,2.2,22,0,91.5,3,False,2026-01-08,,3.64,9413.25,1
EMP0068,Team J,Operations,Ops Analyst,EMP0434,Remote,2026-01-01,160.0,164.5,4.5,0.8,54,40,61.8,1,False,2024-04-02,,3.74,5480.0,1
EMP0406,Team G,Marketing,Content Creator,EMP0438,HQ,2026-07-01,160.0,160.6,0.6,1.4,19,150,,1,False,2022-05-03,,3.67,4845.0,1
EMP0272,Team J,Operations,Ops Analyst,EMP0167,HQ,2026-02-01,160.0,157.1,25.5,0.9,65,40,80.3,0,False,2025-10-20,,3.37,6251.2,1
EMP0425,Team F,Engineering,Developer,EMP0303,Remote,2026-01-01,160.0,149.2,2.0,1.3,18,0,76.5,6,False,2021-10-03,,4.41,8371.0,1
EMP0433,Team E,Support,Support Agent,EMP0100,Branch-West,2026-06-01,160.0,160.5,0.5,2.9,147,50,59.1,1,False,2022-08-29,,4.14,3870.0,1
EMP0223,Team B,Engineering,QA Engineer,EMP0071,HQ,2025-11-01,160.0,155.3,20.6,0.5,28,0,74.4,7,False,2022-12-17,,3.11,7820.4,1
EMP0103,Team I,Sales,Sales Manager,EMP0035,Remote,2025-12-01,160.0,129.3,0.5,4.6,7,2500,89.2,0,False,2021-12-02,,4.27,6762.6,1
EMP0056,Team B,Marketing,Content Creator,EMP0301,Remote,2026-05-01,160.0,161.4,1.4,1.5,15,150,,0,False,2024-02-12,,3.49,4905.0,1
EMP0290,Team B,Sales,Sales Manager,EMP0453,Remote,2026-08-01,160.0,161.3,4.0,0.6,9,2500,73.8,3,False,2022-01-31,,2.86,8699.6,1
EMP0122,Team H,Marketing,Content Creator,EMP0471,Branch-West,2026-01-01,160.0,152.3,25.1,4.5,23,150,77.9,1,False,2022-09-10,,3.85,5698.5,1
EMP0354,Team C,Engineering,QA Engineer,EMP0422,Branch-East,2026-04-01,160.0,157.8,2.3,,15,0,58.8,10,False,2023-12-07,,3.53,6772.5,1
EMP0273,Team E,Marketing,Content Creator,EMP0438,Branch-West,2026-08-01,160.0,150.8,0.9,3.5,16,150,67.0,3,False,2025-06-28,,2.96,4564.5,1
EMP0346,Team H,Support,Support Lead,EMP0434,Remote,2026-03-01,160.0,161.2,4.2,0.6,79,60,82.0,1,False,2024-07-26,,4.09,5695.0,1
EMP0151,Team J,Marketing,Marketing Specialist,EMP0245,Remote,2026-05-01,160.0,150.9,9.6,1.9,9,300,74.1,0,False,2024-07-08,,2.54,5454.9,1
EMP0182,Team H,Engineering,Developer,EMP0217,Branch-East,2026-01-01,160.0,160.6,0.6,0.1,18,0,,3,False,2025-08-26,,3.76,8882.5,1
EMP0168,Team C,Engineering,DevOps Engineer,EMP0392,HQ,2026-01-01,160.0,159.1,3.2,5.1,12,0,57.7,0,False,2025-06-23,,5.0,9506.2,1
EMP0024,Team G,Sales,SDR,EMP0434,Remote,2026-03-01,160.0,155.5,6.2,0.1,55,150,78.7,0,False,2024-05-13,,3.38,4614.4,1
EMP0117,Team C,Operations,Ops Analyst,EMP0033,HQ,2026-05-01,160.0,169.5,9.5,1.1,62,40,54.6,1,False,2022-11-16,,,5880.0,1
EMP0240,Team E,Engineering,DevOps Engineer,EMP0259,Branch-East,2026-07-01,160.0,157.2,12.1,1.0,12,0,91.1,5,False,2025-10-21,,3.56,10170.3,1
EMP0295,Team F,  Engineering  ,Developer,EMP0035,Remote,2026-02-01,160.0,150.4,4.9,3.8,18,0,79.7,0,False,2023-06-07,,2.41,8676.25,1
EMP0026,Team F,Operations,Ops Analyst,EMP0185,,2026-06-01,160.0,162.1,2.1,0.7,67,40,83.6,1,False,2025-04-06,,4.39,5288.0,1
EMP0243,Team I,Marketing,Content Creator,EMP0450,,2026-01-01,160.0,163.4,3.4,5.8,19,150,87.0,0,True,2025-03-13,2026-02-15,2.93,5055.0,1
EMP0112,TEAM A,Engineering,Developer,EMP0471,HQ,2026-04-01,160.0,156.7,12.6,0.8,17,0,82.8,1,False,2025-06-20,,2.91,9658.0,1
EMP0007,Team E,Engineering,Data Engineer,EMP0355,Branch-West,2025-09-01,160.0,150.8,0.3,1.1,16,0,83.0,0,False,2022-05-29,,4.34,9075.0,1
EMP0380,Team G,Engineering,Developer,EMP0318,HQ,2026-01-01,160.0,167.2,12.8,4.3,16,0,89.7,0,False,2021-10-15,,3.55,10252.0,1
EMP0382,Team C,Support,Support Agent,EMP0277,HQ,2025-09-01,160.0,156.3,0.4,6.0,111,50,65.5,3,False,2024-11-18,,3.24,3765.6,1
EMP0223,Team B,Engineering,QA Engineer,EMP0071,HQ,2026-02-01,160.0,153.7,7.0,1.5,21,0,97.2,1,False,2022-12-17,,2.78,6896.4,1
EMP0470,Team F,Marketing,Marketing Specialist,EMP0450,Branch-West,2026-04-01,160.0,144.2,1.8,0.5,13,300,78.6,1,False,2022-02-18,,3.82,4847.7,1
EMP0311,Team F,Sales,Sales Manager,EMP0199,Remote,2026-07-01,160.0,150.9,4.7,3.0,8,2500,63.0,0,False,2024-06-28,,3.29,8213.4,1
EMP0319,Team A,Engineering,QA Engineer,EMP0482,Branch-West,2026-06-01,160.0,162.0,2.0,1.4,23,0,77.0,1,False,2023-06-16,,4.15,6930.0,1
EMP0436,Team C,Support,Support Agent,EMP0420,Remote,2025-10-01,160.0,150.5,1.4,0.2,142,50,54.2,1,False,2025-06-01,,3.92,3662.4,1
EMP0426,Team B,Sales,SDR,EMP0476,HQ,2026-07-01,160.0,143.7,5.8,0.9,35,150,,0,False,2026-01-02,,3.25,4267.2,1
EMP0239,Team C,support,Support Agent,EMP0296,Remote,2025-12-01,160.0,153.9,1.6,3.3,97,50,90.9,2,False,2023-05-19,,4.67,3751.2,1
EMP0416,Team D,Sales,Account Executive,EMP0450,Branch-East,2026-01-01,160.0,160.6,0.6,2.6,18,2000,55.1,0,False,2025-02-23,,2.78,6460.0,1
EMP0232,Team H,Sales,Sales Manager,EMP0318,HQ,2026-05-01,160.0,163.9,3.9,1.0,9,2500,83.4,0,False,2023-10-14,,3.97,8827.0,1
EMP0259,Team F,Sales,SDR,EMP0147,Remote,2026-08-01,160.0,169.6,27.5,0.1,53,150,75.1,4,False,2024-09-25,,3.65,5903.8,1
EMP0125,Team G,Engineering,QA Engineer,EMP0033,HQ,2025-10-01,160.0,160.9,0.9,0.6,24,0,84.2,1,False,2022-05-04,,3.58,6814.5,1
EMP0010,Team I,Support,Support Lead,EMP0259,Branch-West,2026-05-01,160.0,169.5,12.5,2.9,84,60,66.0,2,False,2022-08-16,,3.6,6400.5,1
EMP0316,Team J,SUPPORT,Support Lead,EMP0100,HQ,2025-12-01,160.0,157.3,0.9,3.2,82,60,85.5,0,False,2025-11-19,,4.12,5394.1,1
EMP0027,Team B,Engineering,Developer,EMP0450,Branch-West,2026-01-01,160.0,150.9,2.5,0.4,17,0,79.7,1,False,2024-01-17,,3.62,8505.75,1
EMP0051,Team G,Marketing,Marketing Specialist,EMP0392,,2026-06-01,160.0,161.3,4.5,0.7,13,300,88.4,0,False,2024-07-19,,3.37,5545.65,1
EMP0229,Team C,Marketing,Marketing Specialist,EMP0449,HQ,2026-07-01,160.0,161.1,1.1,1.8,14,300,77.9,3,False,2024-07-13,,3.96,5370.75,1
EMP0499,Team C,Marketing,Marketing Specialist,EMP0177,HQ,2026-01-01,160.0,160.0,1.5,2.5,19,300,70.1,2,False,2025-03-25,,4.33,5354.25,1
EMP0174,Team B,Engineering,Developer,EMP0185,Branch-West,2025-10-01,160.0,146.4,1.8,0.1,24,0,93.5,0,False,2024-12-21,,2.0,8200.5,1
EMP0087,Team E,SUPPORT,Support Lead,EMP0185,HQ,2026-07-01,160.0,174.8,19.7,6.4,105,60,84.6,4,False,2023-12-17,,4.35,6947.9,1
EMP0381,Team B,Engineering,Developer,EMP0259,Remote,2025-11-01,160.0,162.7,3.8,1.4,23,0,89.3,0,False,2025-04-07,,3.08,9262.0,1
EMP0092,Team J,Support,Support Lead,EMP0333,Remote,2026-01-01,160.0,150.3,3.7,1.1,89,60,55.6,1,False,2023-04-05,,2.85,5298.9,1
EMP0399,Team G,Operations,Ops Analyst,EMP0061,HQ,2026-07-01,160.0,160.7,0.7,0.2,58,40,86.8,1,False,2025-12-09,,3.63,5176.0,1
EMP0294,Team C,Sales,Account Executive,EMP0318,Remote,2025-09-01,160.0,162.9,2.9,2.4,16,2000,68.7,2,False,2023-01-18,,2.14,6690.0,1
EMP0403,Team J,Sales,Sales Manager,EMP0225,HQ,2025-10-01,160.0,147.0,4.3,0.5,7,2500,91.4,2,False,2024-10-14,,3.83,7979.4,1
EMP0162,Team I,Support,Support Agent,EMP0450,Remote,2026-02-01,160.0,142.1,5.3,0.7,107,50,64.0,3,False,2022-08-14,,3.01,3601.2,1
EMP0295,Team F,Engineering,Developer,EMP0035,Remote,2026-06-01,160.0,164.9,4.9,0.4,16,0,89.0,0,False,2023-06-07,,3.53,9473.75,1
EMP0152,Team F,Engineering,QA Engineer,EMP0100,HQ,2026-06-01,160.0,151.9,2.9,1.6,26,0,91.9,1,False,2024-12-13,,2.81,6562.5,1
EMP0085,Team C,Sales,SDR,EMP0147,Remote,2025-09-01,160.0,156.4,1.9,1.5,39,150,97.4,0,False,2022-10-24,,3.05,4459.0,1
EMP0036,Team H,operations,Ops Analyst,EMP0296,Branch-East,2026-05-01,160.0,159.3,4.0,2.7,62,40,65.7,6,False,2023-07-24,,4.14,5289.6,1
EMP0013,Team H,Operations,Ops Coordinator,EMP0277,HQ,2026-08-01,160.0,132.7,2.0,3.9,85,35,94.4,3,False,2021-11-20,,3.78,3663.9,1
EMP0030,Team J,Engineering,Data Engineer,EMP0420,Remote,2026-07-01,160.0,160.3,0.5,0.4,15,0,69.8,0,False,2023-02-25,,3.65,9663.0,1
EMP0155,Team E,Marketing,Marketing Specialist,EMP0251,Remote,2026-08-01,160.0,152.8,0.5,2.6,13,300,57.1,7,False,2022-03-02,,3.45,5067.15,1
EMP0101,Team A,Engineering,QA Engineer,EMP0457,Branch-East,2026-08-01,160.0,135.8,2.8,0.0,24,0,75.6,3,False,2021-09-29,,3.98,5880.0,1
EMP0038,Team J,Engineering,DevOps Engineer,EMP0199,Branch-West,2026-08-01,160.0,167.8,7.8,2.7,17,0,56.3,0,False,2023-04-29,,3.63,10411.0,1
EMP0095,Team D,Operations,Ops Analyst,EMP0177,Branch-West,2026-01-01,160.0,156.2,7.1,0.8,42,40,87.3,0,False,2024-03-12,,4.14,5339.2,1
EMP0202,Team F,Engineering,QA Engineer,EMP0434,HQ,2026-06-01,160.0,162.1,2.1,1.4,29,0,75.7,1,False,2025-07-01,,2.95,6940.5,1
EMP0387,Team G,Engineering,QA Engineer,EMP0167,HQ,2026-06-01,160.0,159.0,0.8,1.9,29,0,79.2,0,False,2021-12-10,,3.94,6728.4,1
EMP0078,Team B,Engineering,DevOps Engineer,EMP0293,Remote,2026-03-01,160.0,149.8,9.6,2.7,12,0,83.8,3,False,2025-09-04,,,9523.6,1
EMP0435,Team A,Engineering,QA Engineer,EMP0277,HQ,2026-04-01,160.0,161.4,1.4,0.9,22,0,54.2,2,False,2025-06-23,,4.11,6867.0,1
EMP0439,Team J,Support,Support Agent,EMP0147,Branch-East,2025-11-01,160.0,157.9,11.9,1.0,171,50,65.8,0,True,2022-11-12,2026-03-22,3.46,4218.0,1
EMP0263,Team D,Engineering,Developer,EMP0450,Remote,2026-06-01,160.0,158.3,6.8,0.2,20,0,62.0,0,False,2022-07-26,,3.96,9267.5,1
EMP0325,Team B,Marketing,Content Creator,EMP0376,Remote,2026-02-01,160.0,157.2,2.6,3.5,12,150,70.0,0,False,2024-06-07,,3.8,4833.0,1
EMP0385,Team B,Operations,Ops Analyst,EMP0217,HQ,2026-03-01,160.0,163.5,3.5,0.5,67,40,67.2,0,False,2022-05-10,,4.11,5400.0,1
EMP0091,Team B,Engineering,QA Engineer,EMP0035,Branch-East,2026-02-01,160.0,155.1,1.1,1.5,26,0,74.0,3,False,2022-10-13,,3.67,6583.5,1
EMP0412,Team G,Marketing,Content Creator,EMP0303,Branch-East,2025-11-01,160.0,161.2,6.9,0.8,19,150,70.7,0,True,2025-02-28,2026-06-23,4.26,5146.5,1
EMP0208,Team H,Support,Support Lead,EMP0376,HQ,2025-11-01,160.0,136.0,6.0,0.1,84,60,81.1,0,False,2022-11-05,,3.46,4930.0,1
EMP0141,Team B,Marketing,Marketing Specialist,EMP0318,Remote,2026-01-01,160.0,164.3,6.0,1.1,9,300,71.8,3,False,2025-10-26,,2.51,5718.9,1
EMP0384,Team G,Marketing,Marketing Specialist,EMP0480,HQ,2026-08-01,160.0,154.6,3.9,,11,300,55.3,3,False,2025-06-13,,2.83,5294.85,1
EMP0397,Team A,Operations,Ops Analyst,EMP0301,Remote,2026-08-01,160.0,163.8,5.1,2.8,72,40,79.7,0,False,2021-08-20,,3.49,5486.4,1
EMP0445,Team G,Operations,Ops Analyst,EMP0309,Remote,2026-06-01,160.0,164.7,4.8,1.3,66,40,98.5,3,False,2025-03-25,,3.18,5500.8,1
EMP0305,Team G,Support,Support Lead,EMP0376,Remote,2026-03-01,160.0,161.4,1.7,1.0,109,60,72.3,5,False,2022-09-18,,4.97,5574.3,1
EMP0151,Team J,Marketing,Marketing Specialist,EMP0245,Remote,2026-07-01,160.0,161.8,15.1,1.9,11,300,82.8,0,False,2024-07-08,,3.55,6086.85,1
EMP0119,Team I,Marketing,Content Creator,EMP0218,Remote,2026-08-01,160.0,154.0,1.0,,22,150,74.6,1,False,2023-05-10,,3.69,4665.0,1
EMP0308,  Team B  ,Sales,Sales Manager,EMP0177,HQ,2026-08-01,160.0,147.1,7.3,1.3,8,2500,57.0,4,False,2025-11-07,,2.82,8218.6,1
EMP0373,Team B,Engineering,QA Engineer,EMP0006,HQ,2026-03-01,160.0,169.5,12.9,0.7,23,0,64.4,6,False,2021-12-23,,3.11,7931.7,1
EMP0484,Team J,Support,Support Agent,EMP0450,Remote,2025-12-01,160.0,171.2,11.2,3.8,90,50,63.2,1,False,2022-10-05,,2.87,4512.0,1
EMP0355,Team D,Engineering,Data Engineer,EMP0193,Remote,2026-05-01,160.0,137.3,40.5,0.4,14,0,82.1,3,False,2022-01-13,,3.22,11883.0,1
EMP0317,Team C,Sales,Sales Manager,EMP0309,Remote,2025-10-01,160.0,161.5,1.5,2.8,10,2500,87.7,0,False,2024-01-19,,,8515.0,1
EMP0011,Team B,Engineering,Developer,EMP0217,Remote,2025-10-01,160.0,160.1,0.1,5.6,14,0,48.7,1,False,2025-08-31,,3.51,8813.75,1
EMP0444,Team G,Sales,Sales Manager,EMP0199,HQ,2026-06-01,160.0,161.3,1.3,0.3,8,2500,87.1,5,False,2023-01-09,,3.23,8489.0,1
EMP0237,Team J,Engineering,DevOps Engineer,EMP0077,HQ,2026-08-01,160.0,160.8,0.8,4.3,15,0,74.9,0,False,2021-10-17,,4.01,9396.0,1
EMP0195,Team I,Sales,Account Executive,EMP0453,HQ,2025-10-01,160.0,161.0,1.0,1.1,14,2000,75.3,4,False,2025-07-05,,4.24,6500.0,1
EMP0006,Team E,Engineering,Developer,EMP0351,HQ,2026-04-01,160.0,150.9,10.6,0.5,15,0,71.4,2,False,2023-08-19,,,9174.0,1
EMP0008,Team B,Marketing,Marketing Specialist,EMP0457,Remote,2025-12-01,160.0,163.9,13.4,3.6,12,300,81.6,5,False,2025-09-18,,4.02,6072.0,1
EMP0081,Team H,Marketing,Content Creator,EMP0333,Remote,2026-05-01,160.0,164.7,8.0,4.8,24,150,39.4,5,False,2023-12-26,,3.64,5301.0,1
EMP0037,Team I,Sales,Account Executive,EMP0277,Remote,2026-04-01,160.0,159.2,12.9,2.9,15,2000,80.4,1,False,2022-07-03,,2.81,7142.0,1
EMP0496,Team E,Sales,Account Executive,EMP0303,HQ,2026-05-01,160.0,155.4,7.2,1.0,17,2000,33.9,1,False,2023-10-04,,2.99,6648.0,1
EMP0080,Team E,Engineering,Developer,EMP0422,Remote,2026-04-01,160.0,134.0,20.0,5.6,17,0,70.8,0,False,2024-11-08,,2.58,9020.0,1
EMP0368,Team D,Marketing,Content Creator,EMP0449,HQ,2026-03-01,160.0,157.3,0.4,3.7,23,150,67.0,4,False,2025-05-23,,4.51,4737.0,1
EMP0305,Team G,Support,Support Lead,EMP0376,Remote,2025-11-01,160.0,159.9,26.6,0.2,113,60,94.6,0,False,2022-09-18,,4.38,6793.2,1
EMP0335,Team I,Engineering,DevOps Engineer,EMP0187,HQ,2026-04-01,160.0,163.2,3.2,0.5,13,0,80.2,1,False,2023-07-24,,3.12,9744.0,1
EMP0474,Team F,Marketing,Marketing Specialist,EMP0035,HQ,2025-12-01,160.0,142.1,5.6,0.3,10,300,62.6,4,False,2024-08-21,,3.64,4966.5,1
EMP0304,Team F,Support,Support Lead,EMP0457,HQ,2026-07-01,160.0,165.6,5.6,1.8,94,60,76.9,0,False,2022-04-22,,3.1,5916.0,1
EMP0366,Team H,Sales,SDR,EMP0434,HQ,2025-10-01,160.0,160.4,0.4,4.9,41,150,75.3,0,False,2022-12-12,,3.47,4508.0,1
EMP0450,Team I,Engineering,DevOps Engineer,,Remote,2026-07-01,160.0,159.2,0.9,1.2,16,0,56.2,4,False,2024-04-19,,5.0,9311.9,1
EMP0326,Team I,Operations,Ops Analyst,EMP0047,Branch-East,2026-07-01,160.0,157.4,5.7,1.4,73,40,73.9,1,False,2023-07-15,,3.81,5310.4,1
EMP0012,Team H,Marketing,Marketing Specialist,EMP0100,Branch-West,2026-01-01,160.0,162.7,2.7,0.3,14,300,65.4,0,False,2022-11-03,,2.93,5502.75,1
EMP0266,Team I,Operations,Ops Coordinator,EMP0033,HQ,2025-09-01,160.0,167.6,13.9,1.0,66,35,54.2,2,False,2024-05-19,,4.02,5088.15,1
EMP0305,Team G,Support,Support Lead,EMP0376,Remote,2026-02-01,160.0,162.5,2.5,4.4,123,60,70.8,2,False,2022-09-18,,4.79,5652.5,1
EMP0377,Team B,Operations,Ops Coordinator,EMP0243,Branch-East,2026-02-01,160.0,148.0,0.6,1.6,71,35,56.2,4,False,2025-12-07,,2.78,4020.3,1
EMP0092,Team J,Support,Support Lead,EMP0333,Remote,2026-03-01,160.0,161.0,1.0,0.5,68,60,84.5,5,False,2023-04-05,,4.46,5525.0,1
EMP0012,Team H,Marketing,Marketing Specialist,EMP0100,,2026-05-01,160.0,168.0,8.0,3.2,12,300,55.0,0,False,2022-11-03,,3.71,5940.0,1
EMP0205,Team E,Support,Support Lead,EMP0449,Remote,2026-03-01,160.0,165.4,5.4,1.1,66,60,63.0,4,False,2024-03-02,,3.16,5899.0,1
EMP0158,Team J,Operations,Ops Analyst,EMP0006,Branch-West,2026-08-01,160.0,167.4,7.4,3.8,65,40,69.8,5,False,2023-12-14,,3.16,5712.0,1
EMP0127,Team E,Operations,Ops Analyst,EMP0277,HQ,2025-09-01,160.0,141.6,14.1,3.1,60,40,72.0,2,False,2022-05-14,,,5208.0,1
EMP0356,Team B,Support,Support Lead,EMP0457,Remote,2026-03-01,160.0,167.1,13.7,2.7,89,60,49.6,0,False,2026-01-04,,3.09,6380.1,1
EMP0361,Team C,Sales,Account Executive,EMP0210,HQ,2025-09-01,160.0,161.3,3.5,7.2,17,2000,65.0,2,True,2024-03-19,2026-06-26,3.91,6662.0,1
EMP0451,Team A,Operations,Ops Analyst,EMP0100,Remote,2026-05-01,160.0,156.9,7.3,1.0,65,40,,6,False,2023-05-13,,3.24,5371.2,1
EMP0118,Team F,Engineering,QA Engineer,EMP0392,HQ,2026-08-01,160.0,160.2,0.2,1.9,21,0,94.0,0,False,2023-06-17,,4.02,6741.0,1
EMP0299,Team A,Support,Support Lead,EMP0035,HQ,2025-11-01,160.0,153.0,4.4,0.2,84,60,73.9,4,False,2024-09-07,,4.39,5426.4,1
EMP0496,Team E,Sales,Account Executive,EMP0303,HQ,2025-12-01,160.0,168.0,8.0,2.1,15,2000,85.4,0,False,2023-10-04,,4.45,7200.0,1
EMP0359,Team B,Marketing,Marketing Specialist,EMP0210,HQ,2025-12-01,160.0,161.1,8.9,2.6,9,300,83.5,3,False,2023-12-04,,2.76,5756.85,1
EMP0285,Team C,Sales,Account Executive,EMP0035,HQ,2026-05-01,160.0,137.8,10.2,1.8,15,2000,79.8,3,False,2024-09-15,,3.51,6124.0,1
EMP0216,Team G,Engineering,DevOps Engineer,EMP0293,Remote,2026-06-01,160.0,168.9,8.9,0.7,15,0,93.7,0,False,2025-01-28,,,10570.5,1
EMP0044,Team E,Marketing,Marketing Specialist,EMP0035,Remote,2026-08-01,160.0,157.5,0.4,0.9,10,300,42.4,2,False,2023-11-14,,4.49,5217.3,1
EMP0422,Team A,Operations,Ops Coordinator,EMP0147,Remote,2026-07-01,160.0,160.0,0.0,1.0,70,35,62.8,7,False,2024-02-15,,2.73,4320.0,1
EMP0347,Team B,Support,Support Agent,EMP0453,HQ,2026-01-01,160.0,160.2,11.5,0.7,140,50,94.2,2,False,2023-01-12,,3.59,4258.8,1
EMP0093,Team G,Operations,Ops Coordinator,EMP0147,Remote,2026-08-01,160.0,145.5,27.2,0.8,70,35,83.6,4,False,2022-12-17,,3.55,5030.1,1
EMP0417,Team E,Engineering,Developer,EMP0450,Remote,2026-02-01,160.0,163.3,8.2,1.0,21,0,74.8,1,False,2022-10-07,,2.77,9658.0,1
EMP0455,Team B,Engineering,DevOps Engineer,EMP0251,Remote,2025-09-01,160.0,164.7,4.7,1.2,8,0,89.3,7,False,2025-01-25,,3.69,9961.5,1
EMP0484,Team J,Support,Support Agent,EMP0450,Remote,2025-09-01,160.0,148.7,3.8,0.3,129,50,89.8,5,False,2022-10-05,,,3705.6,1
EMP0142,Team E,Engineering,Developer,EMP0457,,2025-10-01,160.0,152.9,19.8,0.5,20,0,82.1,1,False,2025-03-29,,3.7,10043.0,1
EMP0415,Team F,Support,Support Agent,EMP0303,Remote,2026-01-01,160.0,163.7,3.9,0.0,121,50,76.7,5,False,2025-06-27,,,4069.2,1
EMP0261,Team B,Support,Support Lead,EMP0480,HQ,2025-11-01,160.0,154.8,5.7,1.9,75,60,77.1,2,False,2023-09-20,,3.12,5553.9,1
EMP0151,Team J,Marketing,Marketing Specialist,EMP0245,Remote,2026-04-01,160.0,154.8,0.5,3.7,13,300,78.7,0,False,2024-07-08,,4.04,5133.15,1
EMP0124,Team D,Engineering,QA Engineer,EMP0085,Remote,2025-12-01,160.0,166.9,6.9,4.3,14,0,53.7,3,False,2022-06-11,,4.49,7444.5,1
EMP0373,Team B,Engineering,QA Engineer,EMP0006,HQ,2025-10-01,160.0,160.8,1.2,0.5,31,0,87.7,1,False,2021-12-23,,3.78,6829.2,1
EMP0497,Team A,Sales,Account Executive,EMP0351,Remote,2026-04-01,160.0,162.0,2.7,3.5,19,2000,77.4,0,False,2025-09-17,,3.72,6642.0,1
EMP0364,Team H,Sales,Account Executive,EMP0243,HQ,2025-10-01,160.0,159.8,4.2,,17,2000,98.6,3,False,2023-08-09,,4.0,6644.0,1
EMP0221,Team D,Support,Support Agent,EMP0420,HQ,2026-01-01,160.0,164.0,5.1,0.4,161,50,81.4,0,False,2022-04-21,,,4119.6,1
EMP0345,Team H,Sales,Sales Manager,EMP0301,Remote,2026-07-01,160.0,166.2,6.2,0.4,10,2500,90.1,0,False,2022-01-29,,3.75,9126.0,1
EMP0033,Team I,Engineering,Developer,EMP0351,HQ,2025-11-01,160.0,143.9,30.4,1.6,10,0,80.3,3,False,2024-01-01,,3.84,10422.5,1
EMP0320,Team C,Engineering,Data Engineer,EMP0193,Remote,2025-10-01,160.0,137.1,23.2,1.0,20,0,91.3,5,False,2025-04-08,,4.41,10314.0,1
EMP0294,Team C,Sales,Account Executive,EMP0318,Remote,2025-11-01,160.0,166.7,13.4,0.0,16,2000,72.2,3,False,2023-01-18,,2.86,7472.0,1
EMP0367,Team I,Marketing,Content Creator,EMP0061,Remote,2026-04-01,160.0,165.0,5.0,1.4,21,150,88.0,0,False,2021-09-10,,4.02,5175.0,1
EMP0323,Team C,Support,Support Agent,EMP0071,Remote,2026-03-01,160.0,149.5,8.5,3.3,126,50,86.8,6,False,2023-12-31,,3.69,3894.0,1
EMP0342,Team G,Sales,SDR,EMP0061,Branch-West,2025-11-01,160.0,172.2,14.9,0.5,39,150,80.9,1,False,2023-09-30,,3.33,5447.4,1
EMP0315,Team A,Operations,Ops Analyst,EMP0210,Remote,2026-05-01,160.0,163.3,4.3,3.5,79,40,55.3,1,False,2026-01-11,,3.53,5432.0,1
EMP0150,Team D,Engineering,QA Engineer,EMP0243,Remote,2026-01-01,160.0,155.7,1.3,0.3,24,0,81.6,1,False,2021-10-31,,4.54,6621.3,1
EMP0150,Team D,Engineering,QA Engineer,EMP0243,Remote,2026-08-01,160.0,160.4,0.4,0.2,24,0,33.5,0,False,2021-10-31,,3.35,6762.0,1
EMP0102,Team E,Support,Support Lead,EMP0351,HQ,2025-11-01,160.0,158.4,5.3,0.4,98,60,35.2,0,False,2024-04-04,,3.53,5655.9,1
EMP0453,Team H,Sales,SDR,EMP0193,Remote,2025-12-01,160.0,166.9,6.9,3.4,11,150,58.6,3,False,2024-07-05,,3.51,4963.0,1
EMP0348,Team D,  Engineering  ,Data Engineer,EMP0085,Branch-East,2026-05-01,160.0,150.9,27.1,3.2,20,0,57.4,3,False,2025-05-03,,3.17,11493.0,1
EMP0364,Team H,Sales,Account Executive,EMP0243,HQ,2026-02-01,160.0,156.7,9.9,0.2,14,2000,84.4,0,False,2023-08-09,,3.47,6862.0,1
EMP0147,Team A,Support,Support Lead,,Branch-West,2026-01-01,160.0,153.2,8.8,0.3,84,60,37.8,5,False,2023-04-22,,3.78,5657.6,1
EMP0124,Team D,Engineering,QA Engineer,EMP0085,Remote,2025-10-01,160.0,164.1,4.1,0.1,28,0,83.5,0,False,2022-06-11,,2.26,7150.5,1
EMP0424,Team G,Sales,Account Executive,EMP0471,Remote,2025-12-01,160.0,160.7,0.7,2.5,14,2000,76.6,3,False,2025-03-25,,3.53,6470.0,1
EMP0223,Team B,Engineering,QA Engineer,EMP0071,HQ,2025-12-01,160.0,162.3,2.3,0.6,19,0,89.0,0,False,2022-12-17,,3.89,6961.5,1
EMP0413,Team I,Marketing,Content Creator,EMP0301,Branch-East,2025-12-01,160.0,160.1,4.5,0.6,16,150,52.7,4,False,2023-10-30,,3.98,5005.5,1
EMP0233,Team D,Sales,Sales Manager,EMP0218,Branch-West,2026-02-01,160.0,156.7,2.6,1.8,12,2500,66.6,0,True,2022-03-08,2026-03-31,2.39,8351.2,1
EMP0123,Team C,Sales,SDR,EMP0344,Branch-West,2025-10-01,160.0,163.4,3.4,0.3,40,150,,0,False,2025-05-24,,3.67,4718.0,1
EMP0410,Team H,Engineering,Developer,EMP0061,HQ,2026-08-01,160.0,161.6,1.6,1.1,17,0,85.2,0,False,2024-09-20,,3.98,9020.0,1
EMP0362,Team D,Support,Support Agent,EMP0033,Remote,2026-08-01,160.0,167.6,14.2,1.0,136,50,70.3,5,False,2025-10-15,,3.11,4533.6,1
EMP0042,Team D,Sales,Account Executive,EMP0187,Remote,2026-03-01,160.0,159.1,1.5,2.1,16,2000,75.9,4,False,2025-05-18,,4.39,6454.0,1
EMP0354,Team C,  Engineering  ,QA Engineer,EMP0422,Branch-East,2026-01-01,160.0,167.0,8.7,0.8,26,0,33.9,2,False,2023-12-07,,3.61,7562.1,1
EMP0001,Team G,Sales,SDR,EMP0218,Remote,2026-04-01,160.0,171.9,11.9,2.3,38,150,45.1,4,False,2025-02-25,,3.79,5313.0,1
EMP0094,Team E,Sales,Sales Manager,EMP0480,Branch-East,2026-04-01,160.0,147.4,1.2,1.0,6,2500,81.8,0,False,2022-10-05,,3.99,7758.4,1
EMP0169,Team J,Engineering,Data Engineer,EMP0301,Branch-East,2025-10-01,160.0,161.8,1.8,0.8,14,0,85.9,0,False,2023-06-29,,3.7,9870.0,1
EMP0044,Team E,Marketing,Marketing Specialist,EMP0035,Remote,2026-05-01,160.0,162.1,2.1,0.3,9,300,77.8,5,False,2023-11-14,,4.36,5453.25,1
EMP0132,Team A,Engineering,QA Engineer,EMP0035,Remote,2026-01-01,160.0,154.6,8.3,1.6,29,0,47.8,0,True,2025-05-31,2026-05-06,3.69,7016.1,1
EMP0069,Team F,Engineering,QA Engineer,EMP0218,Branch-East,2026-05-01,160.0,153.9,3.2,0.3,25,0,95.6,4,False,2024-09-25,,3.63,6665.4,1
EMP0271,Team I,Operations,Ops Analyst,EMP0102,HQ,2026-02-01,160.0,163.7,14.5,0.4,48,40,81.4,0,False,2023-12-03,,3.1,5934.4,1
EMP0467,Team A,Engineering,DevOps Engineer,EMP0303,Branch-East,2026-05-01,160.0,160.0,0.0,0.3,11,0,90.8,5,False,2023-08-15,,4.03,9280.0,1
EMP0284,Team I,Engineering,Developer,EMP0167,HQ,2026-01-01,160.0,160.6,0.6,4.3,16,0,77.4,1,False,2022-05-19,,3.65,8882.5,1
EMP0444,Team G,Sales,Sales Manager,EMP0199,HQ,2026-07-01,160.0,154.9,17.8,4.8,12,2500,76.7,2,False,2023-01-09,,3.89,9443.2,1
EMP0234,Team F,Sales,Sales Manager,EMP0280,Remote,2025-11-01,160.0,152.6,0.7,1.1,9,2500,61.2,6,False,2022-08-23,,4.5,7989.8,1
EMP0469,Team J,Engineering,Data Engineer,EMP0185,Remote,2026-07-01,160.0,150.3,7.0,0.9,16,0,87.9,0,False,2022-07-22,,3.26,9648.0,1
EMP0467,Team A,Engineering,DevOps Engineer,EMP0303,Branch-East,2026-01-01,160.0,162.7,2.7,0.2,15,0,22.4,1,False,2023-08-15,,3.57,9671.5,1
EMP0260,Team C,Engineering,QA Engineer,EMP0187,,2026-01-01,160.0,148.0,0.5,0.8,19,0,95.4,7,False,2025-12-23,,3.71,6247.5,1
EMP0281,Team D,Marketing,Marketing Specialist,EMP0376,HQ,2026-05-01,160.0,171.0,11.2,1.2,13,300,65.2,2,False,2024-05-11,,2.87,6197.4,1
EMP0109,Team G,Engineering,DevOps Engineer,EMP0450,HQ,2026-07-01,160.0,147.8,4.4,1.1,13,0,70.1,0,False,2023-03-05,,4.06,8955.2,1
EMP0309,Team H,Operations,Ops Analyst,EMP0351,Remote,2025-11-01,160.0,152.3,6.7,3.3,62,40,76.6,7,False,2024-04-22,,2.99,5195.2,1
EMP0431,Team D,Engineering,QA Engineer,EMP0225,Remote,2026-04-01,160.0,168.8,8.8,0.1,28,0,83.6,7,False,2024-08-13,,4.32,7644.0,1
EMP0286,Team J,Engineering,QA Engineer,EMP0162,Remote,2025-09-01,160.0,159.2,2.5,1.3,27,0,91.4,2,False,2021-12-01,,4.83,6843.9,1
EMP0312,team b,Engineering,DevOps Engineer,EMP0320,Branch-West,2025-09-01,160.0,153.9,10.0,0.4,12,0,96.3,0,False,2023-02-28,,3.34,9796.2,1
EMP0020,Team B,Engineering,DevOps Engineer,EMP0344,HQ,2025-09-01,160.0,165.9,5.9,0.2,15,0,90.8,2,False,2025-08-14,,2.95,10135.5,1
EMP0148,Team E,Sales,Account Executive,EMP0376,HQ,2025-09-01,160.0,152.4,13.0,2.0,17,2000,73.5,2,False,2025-08-11,,3.8,6876.0,1
EMP0396,Team J,Marketing,Content Creator,EMP0438,HQ,2026-07-01,160.0,167.8,7.8,,21,150,45.0,2,False,2025-12-09,,3.0,5385.0,1
EMP0493,Team J,  Engineering  ,Developer,EMP0033,Branch-West,2026-02-01,160.0,146.5,2.9,0.9,17,0,77.0,2,False,2024-12-30,,2.56,8296.75,1
EMP0122,Team H,Marketing,Content Creator,EMP0471,Branch-West,2026-05-01,160.0,160.3,0.3,1.4,20,150,74.6,2,False,2022-09-10,,3.96,4822.5,1
EMP0251,Team A,Engineering,DevOps Engineer,EMP0147,HQ,2026-03-01,160.0,162.6,2.6,0.3,17,0,95.1,3,False,2023-11-18,,,9657.0,1
EMP0165,Team C,Engineering,DevOps Engineer,EMP0071,Remote,2025-10-01,160.0,149.7,20.3,,15,0,58.3,1,True,2023-06-22,2026-05-31,3.67,10448.7,1
EMP0278,Team G,Support,Support Agent,EMP0199,Remote,2026-03-01,160.0,160.2,7.6,,92,50,72.3,0,False,2024-09-27,,2.79,4118.4,1
EMP0312,Team B,Engineering,DevOps Engineer,EMP0320,Branch-West,2026-04-01,160.0,151.0,5.5,0.3,20,0,72.2,0,False,2023-02-28,,3.51,9236.5,1
EMP0451,Team A,Operations,Ops Analyst,EMP0100,Remote,2025-09-01,160.0,147.5,4.6,4.6,61,40,78.3,0,False,2023-05-13,,4.57,4940.8,1
EMP0229,Team C,MARKETING,Marketing Specialist,EMP0449,HQ,2025-11-01,160.0,161.7,17.8,,12,300,58.0,1,False,2024-07-13,,3.64,6217.2,1
EMP0262,Team G,Marketing,Content Creator,EMP0309,Remote,2026-03-01,160.0,161.8,1.8,1.5,21,150,81.3,0,False,2025-10-18,,3.62,4935.0,1
EMP0483,Team J,Sales,Account Executive,EMP0392,HQ,2026-06-01,160.0,140.6,3.3,2.2,14,2000,90.1,2,True,2024-12-03,2026-07-15,3.67,5822.0,1
EMP0114,Team A,Operations,Ops Coordinator,EMP0309,Remote,2026-02-01,160.0,162.6,5.1,0.3,73,35,95.9,0,False,2025-11-30,,3.55,4596.75,1
EMP0146,Team I,Engineering,Developer,EMP0162,Branch-West,2026-07-01,160.0,161.4,1.4,1.3,20,0,49.1,0,False,2022-10-13,,4.87,8992.5,1
EMP0027,Team B,Engineering,Developer,EMP0450,Branch-West,2026-07-01,160.0,158.4,1.1,3.6,23,0,69.2,1,False,2024-01-17,,4.31,8802.75,1
EMP0207,Team F,Engineering,DevOps Engineer,EMP0167,Remote,2026-08-01,160.0,154.4,0.6,1.4,12,0,79.4,4,False,2025-05-18,,,9007.4,1
EMP0229,Team C,Marketing,Marketing Specialist,EMP0449,HQ,2026-02-01,160.0,168.8,27.1,1.4,16,300,46.1,2,False,2024-07-13,,3.61,6911.85,1
EMP0420,Team D,Operations,Ops Analyst,EMP0193,Remote,2026-03-01,160.0,160.2,0.2,3.6,49,40,71.2,0,False,2025-05-29,,2.6,5136.0,1
EMP0434,Team I,Engineering,Developer,EMP0480,Branch-East,2026-07-01,160.0,166.2,6.2,0.2,18,0,97.3,3,False,2022-01-28,,3.05,9652.5,1
EMP0131,Team F,Sales,Account Executive,EMP0245,Remote,2025-12-01,160.0,161.3,1.3,3.8,9,2000,56.9,0,False,2024-05-01,,3.87,6530.0,1
EMP0261,Team B,Support,Support Lead,EMP0480,HQ,2026-06-01,160.0,156.0,19.1,3.3,109,60,79.6,1,False,2023-09-20,,3.7,6278.1,1
EMP0022,Team E,Engineering,QA Engineer,EMP0245,Remote,2026-02-01,160.0,163.6,3.6,4.7,23,0,79.0,1,False,2023-06-03,,2.78,7098.0,1
EMP0470,Team F,Marketing,Marketing Specialist,EMP0450,Branch-West,2026-03-01,160.0,169.5,9.5,0.2,10,300,66.4,0,False,2022-02-18,,3.81,6063.75,1
EMP0377,Team B,Operations,Ops Coordinator,EMP0243,Branch-East,2026-05-01,160.0,158.2,9.3,2.2,72,35,83.7,0,False,2025-12-07,,3.94,4648.05,1
EMP0058,Team D,Engineering,Developer,EMP0482,Branch-East,2025-11-01,160.0,161.7,1.7,4.3,21,0,69.5,1,False,2021-12-24,,3.54,9033.75,1
EMP0125,Team G,Engineering,QA Engineer,EMP0033,HQ,2025-09-01,160.0,149.5,7.0,2.2,29,0,49.5,1,False,2022-05-04,,4.3,6720.0,1
EMP0367,Team I,Marketing,Content Creator,EMP0061,Remote,2025-11-01,160.0,158.9,1.0,2.9,24,150,61.1,3,False,2021-09-10,,3.32,4812.0,1
EMP0219,Team A,Support,Support Agent,EMP0480,Branch-East,2026-04-01,160.0,153.4,1.7,1.4,163,50,85.2,0,False,2021-12-22,,,3742.8,1
EMP0462,Team D,Support,Support Agent,EMP0296,HQ,2025-12-01,160.0,170.1,13.4,0.1,103,50,88.0,0,False,2025-11-23,,3.75,4564.8,1
EMP0134,Team F,Sales,Sales Manager,EMP0193,Remote,2026-04-01,160.0,164.8,8.6,0.9,14,2500,65.8,1,False,2023-03-16,,3.2,9240.4,1
EMP0456,Team F,Sales,Sales Manager,EMP0351,HQ,2026-05-01,160.0,156.3,5.3,0.8,10,2500,91.4,3,False,2025-12-25,,3.23,8541.0,1
EMP0253,Team G,Operations,Ops Coordinator,EMP0450,HQ,2026-06-01,160.0,134.7,7.8,,69,35,58.4,1,False,2022-07-28,,4.05,3952.8,1
EMP0042,Team D,Sales,Account Executive,EMP0187,Remote,2026-01-01,160.0,157.7,11.0,0.2,15,2000,68.6,3,False,2025-05-18,,4.54,6968.0,1
EMP0026,Team F,Operations,Ops Analyst,EMP0185,Remote,2026-07-01,160.0,169.5,9.7,1.8,54,40,62.7,3,False,2025-04-06,,4.03,5889.6,1
EMP0111,Team I,Engineering,Developer,EMP0293,HQ,2026-03-01,160.0,164.0,13.7,,22,0,80.4,6,False,2023-08-02,,2.76,10150.25,1
EMP0025,Team B,Sales,SDR,EMP0077,Remote,2026-04-01,160.0,165.4,5.4,2.1,30,150,88.0,1,False,2021-10-07,,3.47,4858.0,1
EMP0030,Team J,Engineering,Data Engineer,EMP0420,Remote,2026-01-01,160.0,162.1,2.1,0.2,18,0,68.9,1,False,2023-02-25,,4.63,9915.0,1
EMP0465,Team A,Marketing,Content Creator,EMP0376,Remote,2026-05-01,160.0,164.6,4.6,0.3,19,150,69.5,0,False,2025-04-17,,4.02,5145.0,1
EMP0039,Team J,Support,Support Agent,EMP0300,Remote,2025-12-01,160.0,160.4,7.3,0.2,86,50,52.8,0,False,2025-06-06,,2.63,4112.4,1
EMP0343,Team E,Engineering,QA Engineer,EMP0277,Branch-East,2025-10-01,160.0,148.3,1.7,3.1,21,0,56.9,2,False,2024-02-08,,3.83,6335.7,1
EMP0321,Team F,Sales,Sales Manager,EMP0193,HQ,2026-01-01,160.0,156.7,2.9,0.4,11,2500,78.7,0,False,2023-05-01,,2.54,8374.6,1
EMP0439,Team J,Support,Support Agent,EMP0147,Branch-East,2026-01-01,160.0,155.3,10.2,0.3,133,50,87.9,0,True,2022-11-12,2026-03-22,4.15,4094.4,1
EMP0231,Team H,Operations,Ops Coordinator,EMP0251,Branch-East,2026-06-01,160.0,154.5,5.8,0.7,72,35,73.8,2,False,2023-05-27,,3.06,4406.4,1
EMP0440,Team G,Engineering,Developer,EMP0318,,2026-08-01,160.0,166.2,8.1,0.6,15,0,77.5,1,False,2025-09-25,,3.03,9809.25,1
EMP0364,Team H,Sales,Account Executive,EMP0243,HQ,2026-01-01,160.0,162.9,12.9,1.3,19,2000,70.5,3,False,2023-08-09,,3.41,7290.0,1
EMP0193,Team E,Marketing,Content Creator,,HQ,2026-02-01,160.0,149.6,3.2,0.2,14,150,75.6,6,False,2023-03-18,,2.36,4632.0,1
EMP0445,Team G,Operations,Ops Analyst,EMP0309,Remote,2026-04-01,160.0,160.5,0.5,1.9,54,40,99.0,2,False,2025-03-25,,3.28,5160.0,1
EMP0156,Team J,Engineering,DevOps Engineer,EMP0293,Remote,2026-05-01,160.0,145.0,6.0,0.7,16,0,71.0,0,False,2024-11-11,,4.07,8932.0,1
EMP0374,Team H,Support,Support Agent,EMP0344,Branch-West,2026-02-01,160.0,165.6,25.4,0.1,162,50,68.2,2,False,2022-05-23,,4.97,4888.8,1
EMP0141,Team B,Marketing,Marketing Specialist,EMP0318,Remote,2025-11-01,160.0,153.9,2.8,2.5,11,300,60.8,0,False,2025-10-26,,4.0,5217.3,1
EMP0073,Team B,Engineering,Developer,EMP0035,HQ,2025-09-01,160.0,167.4,7.6,4.2,19,0,75.4,4,False,2025-04-05,,4.6,9834.0,1
EMP0432,Team A,Operations,Ops Coordinator,EMP0453,Remote,2026-05-01,160.0,165.4,9.5,0.4,95,35,92.6,1,False,2024-03-12,,2.78,4850.55,1
EMP0265,Team B,Marketing,Marketing Specialist,EMP0006,Branch-West,2026-06-01,160.0,162.0,8.1,0.1,13,300,68.3,4,False,2022-09-06,,4.14,5746.95,1
EMP0021,Team H,Support,Support Agent,EMP0035,Branch-East,2025-12-01,160.0,153.3,5.0,0.5,79,50,60.5,2,False,2023-09-07,,,3859.2,1
EMP0407,Team I,Sales,Account Executive,EMP0187,Remote,2026-07-01,160.0,152.6,0.3,0.1,12,2000,,3,False,2023-02-17,,3.75,6122.0,1
EMP0130,Team G,Sales,SDR,EMP0351,HQ,2025-10-01,160.0,160.6,0.6,5.5,45,150,88.0,5,False,2025-04-15,,2.91,4522.0,1
EMP0280,Team I,Operations,Ops Coordinator,EMP0193,,2026-04-01,160.0,156.5,1.5,1.5,78,35,92.8,2,False,2022-01-05,,2.26,4286.25,1
EMP0183,Team B,Marketing,Content Creator,EMP0438,HQ,2025-11-01,160.0,151.0,1.1,1.6,19,150,72.7,1,False,2024-02-19,,3.92,4579.5,1
EMP0045,Team H,Engineering,DevOps Engineer,EMP0225,Remote,2026-03-01,160.0,150.2,0.1,0.2,17,0,70.1,1,False,2023-02-23,,4.16,8720.3,1
EMP0416,Team D,Sales,Account Executive,EMP0450,Branch-East,2026-06-01,160.0,140.2,2.3,2.2,14,2000,90.0,1,False,2025-02-23,,,5746.0,1
EMP0265,Team B,Marketing,Marketing Specialist,EMP0006,Branch-West,2026-03-01,160.0,163.3,8.1,1.2,12,300,90.3,1,False,2022-09-06,,4.32,5789.85,1
EMP0181,Team F,Sales,SDR,EMP0309,HQ,2025-12-01,160.0,163.5,3.5,1.0,37,150,61.1,3,False,2024-12-27,,3.27,4725.0,1
EMP0097,Team C,Sales,Account Executive,EMP0280,HQ,2026-07-01,160.0,156.4,6.0,0.1,12,2000,78.6,0,False,2024-09-29,,3.57,6616.0,1
EMP0178,Team D,Sales,Account Executive,EMP0480,Remote,2026-08-01,160.0,161.3,1.3,0.1,17,2000,91.8,0,False,2024-12-18,,3.93,6530.0,1
EMP0211,Team H,Sales,SDR,EMP0217,HQ,2026-02-01,160.0,158.9,4.4,0.2,37,150,85.8,2,False,2023-02-27,,3.99,4634.0,1
EMP0067,Team F,Engineering,Developer,EMP0355,Remote,2025-10-01,160.0,160.8,0.8,0.2,20,0,91.8,0,False,2022-11-18,,3.96,8910.0,1
EMP0301,Team I,Engineering,DevOps Engineer,EMP0450,Remote,2026-03-01,160.0,172.3,26.7,1.3,12,0,68.4,1,False,2022-05-13,,3.58,12316.3,1
EMP0398,Team E,Sales,Sales Manager,EMP0243,,2026-04-01,160.0,152.6,2.7,0.4,8,2500,42.9,2,False,2024-02-16,,4.11,8145.8,1
EMP0034,team j,Marketing,Content Creator,EMP0434,,2025-10-01,160.0,157.0,38.0,0.1,17,150,56.5,6,False,2023-04-13,,2.86,6420.0,1
EMP0175,Team D,Support,Support Lead,EMP0344,HQ,2026-05-01,160.0,163.2,3.2,1.2,100,60,,2,False,2022-10-14,,4.63,5712.0,1
EMP0242,Team H,Marketing,Marketing Specialist,EMP0167,HQ,2025-11-01,160.0,161.4,3.5,1.1,13,300,70.6,3,False,2024-05-23,,2.91,5499.45,1
EMP0282,Team D,Sales,Sales Manager,EMP0199,HQ,2025-12-01,160.0,161.5,12.0,0.9,12,2500,61.5,3,False,2022-10-28,,4.18,9334.0,1
EMP0217,Team I,Sales,Account Executive,EMP0480,Branch-West,2026-08-01,160.0,162.9,2.9,1.7,14,2000,86.8,0,False,2025-12-23,,3.25,6690.0,1
EMP0041,Team D,Engineering,DevOps Engineer,EMP0162,Branch-East,2026-06-01,160.0,158.8,16.8,1.4,16,0,79.6,3,False,2022-04-09,,3.61,10672.0,1
EMP0177,Team A,Support,Support Agent,EMP0351,HQ,2026-01-01,160.0,156.2,4.8,1.0,140,50,68.2,0,False,2023-11-30,,3.02,3921.6,1
EMP0311,Team F,Sales,Sales Manager,EMP0199,Remote,2025-11-01,160.0,152.8,10.4,2.9,10,2500,92.6,0,False,2024-06-28,,3.76,8756.8,1
EMP0391,Team G,Marketing,Marketing Specialist,EMP0293,Remote,2026-04-01,160.0,153.3,23.2,5.7,11,300,80.2,2,False,2023-05-28,,3.98,6207.3,1
EMP0245,Team H,Engineering,QA Engineer,EMP0351,,2026-08-01,160.0,163.1,4.0,1.3,26,0,78.1,0,False,2024-08-16,,5.0,7102.2,1
EMP0271,Team I,Operations,Ops Analyst,EMP0102,HQ,2025-11-01,160.0,169.1,9.3,0.2,63,40,88.5,0,False,2023-12-03,,3.41,5857.6,1
EMP0438,Team C,Operations,Ops Analyst,EMP0147,HQ,2026-01-01,160.0,156.6,8.5,1.6,56,40,94.6,1,False,2022-07-07,,2.36,5419.2,1
EMP0484,Team J,Support,Support Agent,EMP0450,Remote,2026-03-01,160.0,156.1,1.1,0.8,145,50,85.0,0,False,2022-10-05,,4.49,3786.0,1
EMP0434,Team I,Engineering,Developer,EMP0480,Branch-East,2026-03-01,160.0,160.6,12.4,0.1,13,0,73.5,0,False,2022-01-28,,4.04,9856.0,1
EMP0208,Team H,Support,Support Lead,EMP0376,HQ,2026-05-01,160.0,160.2,0.2,3.3,90,60,,1,False,2022-11-05,,3.33,5457.0,1
EMP0468,Team A,Marketing,Marketing Specialist,EMP0259,HQ,2026-05-01,160.0,161.3,1.4,1.5,8,300,90.0,2,False,2021-09-19,,4.18,5392.2,1
EMP0368,Team D,Marketing,Content Creator,EMP0449,HQ,2026-04-01,160.0,165.2,9.7,0.0,19,150,67.7,3,False,2025-05-23,,3.31,5392.5,1
EMP0428,Team I,Marketing,Content Creator,EMP0102,HQ,2026-06-01,160.0,159.4,5.5,0.7,21,150,58.6,0,False,2024-10-09,,3.75,5029.5,1
EMP0349,Team G,Sales,Account Executive,EMP0047,Branch-West,2025-12-01,160.0,171.2,11.2,8.4,12,2000,95.4,1,False,2021-12-13,,3.71,7520.0,1
EMP0204,Team G,Marketing,Content Creator,EMP0035,Remote,2025-09-01,160.0,165.1,45.7,2.9,24,150,92.8,0,False,2023-12-04,,4.18,7009.5,1
EMP0428,Team I,Marketing,Content Creator,EMP0102,HQ,2026-04-01,160.0,164.3,4.3,0.4,20,150,86.0,6,False,2024-10-09,,3.71,5122.5,1
EMP0043,Team A,Engineering,QA Engineer,EMP0434,Remote,2026-05-01,160.0,157.5,5.4,1.8,25,0,80.9,2,False,2025-12-09,,3.72,6955.2,1
EMP0301,Team I,Engineering,DevOps Engineer,EMP0450,Remote,2026-02-01,160.0,163.5,3.5,0.9,13,0,65.1,0,False,2022-05-13,,3.01,9787.5,1
EMP0210,Team A,Engineering,Developer,EMP0193,Remote,2025-11-01,160.0,160.7,0.7,1.5,22,0,68.1,1,False,2021-11-02,,3.24,8896.25,1
EMP0137,Team C,Sales,Sales Manager,EMP0193,Branch-West,2026-07-01,160.0,152.9,4.0,4.5,9,2500,92.9,4,False,2022-03-30,,3.62,8262.8,1
EMP0017,Team D,Sales,SDR,EMP0102,HQ,2026-08-01,160.0,158.4,38.3,0.5,41,150,69.8,2,False,2025-08-06,,4.0,6043.8,1
EMP0464,Team J,Sales,Account Executive,EMP0277,HQ,2026-07-01,160.0,162.3,2.3,7.3,13,2000,71.4,0,False,2024-07-31,,3.85,6630.0,1
EMP0118,Team F,Engineering,QA Engineer,EMP0392,HQ,2026-06-01,160.0,151.0,2.5,0.0,22,0,69.1,3,False,2023-06-17,,3.43,6499.5,1
EMP0345,Team H,Sales,Sales Manager,EMP0301,Remote,2026-06-01,160.0,159.7,0.3,1.0,13,2500,70.2,0,False,2022-01-29,,3.92,8327.8,1
EMP0148,Team E,Sales,Account Executive,EMP0376,HQ,2025-11-01,160.0,163.5,3.5,0.7,14,2000,67.1,5,False,2025-08-11,,4.23,6750.0,1
EMP0467,Team A,Engineering,DevOps Engineer,EMP0303,,2025-12-01,160.0,165.0,5.0,0.4,10,0,93.8,0,False,2023-08-15,,4.1,10005.0,1
EMP0211,Team H,Sales,SDR,EMP0217,HQ,2025-11-01,160.0,154.1,6.8,1.7,51,150,77.0,4,False,2023-02-27,,3.02,4600.4,1
EMP0010,Team I,Support,Support Lead,EMP0259,Branch-West,2026-03-01,160.0,146.4,1.3,3.6,100,60,94.3,1,False,2022-08-16,,2.91,5043.9,1
EMP0247,Team J,Sales,Sales Manager,EMP0476,Remote,2025-11-01,160.0,165.4,18.2,1.8,9,2500,85.6,1,False,2025-10-10,,4.13,10020.4,1
EMP0332,Team G,Operations,Ops Analyst,EMP0476,HQ,2026-02-01,160.0,161.9,3.7,0.6,73,40,33.9,2,False,2022-09-30,,4.29,5358.4,1
EMP0194,Team A,Support,Support Lead,EMP0320,HQ,2025-11-01,160.0,156.8,0.8,0.3,78,60,60.6,1,False,2022-07-10,,3.59,5372.0,1
EMP0127,Team E,Operations,Ops Analyst,EMP0277,HQ,2026-05-01,160.0,154.7,3.7,1.9,63,40,76.1,1,False,2022-05-14,,4.15,5128.0,1
EMP0296,Team I,Sales,Account Executive,EMP0450,HQ,2026-07-01,160.0,151.7,0.9,0.8,14,2000,59.9,0,False,2023-04-24,,4.24,6122.0,1
EMP0457,Team G,Engineering,Data Engineer,EMP0147,Remote,2025-10-01,160.0,166.8,6.8,0.8,17,0,,0,False,2022-07-06,,4.66,10620.0,1
EMP0245,Team H,Engineering,QA Engineer,EMP0351,HQ,2025-12-01,160.0,159.5,8.6,1.6,19,0,84.7,2,False,2024-08-16,,2.91,7240.8,1
EMP0318,Team G,Engineering,QA Engineer,EMP0450,Remote,2026-02-01,160.0,167.6,7.6,4.2,28,0,77.5,1,False,2022-01-13,,3.39,7518.0,1
EMP0282,Team D,Sales,Sales Manager,EMP0199,HQ,2025-10-01,160.0,155.9,5.7,0.4,10,2500,60.2,5,False,2022-10-28,,4.32,8551.4,1
EMP0342,Team G,Sales,SDR,EMP0061,Branch-West,2025-12-01,160.0,161.6,1.6,1.2,34,150,91.9,1,False,2023-09-30,,2.92,4592.0,1
EMP0329,Team B,Sales,SDR,EMP0006,Remote,2026-07-01,160.0,146.8,4.3,0.4,41,150,71.5,1,False,2026-01-16,,2.68,4291.0,1
EMP0307,Team B,Sales,Sales Manager,EMP0320,Remote,2025-12-01,160.0,169.8,9.8,2.8,10,2500,73.1,1,False,2022-12-08,,3.66,9594.0,1
EMP0163,Team I,Support,Support Agent,EMP0471,Branch-East,2026-08-01,160.0,164.0,6.3,1.2,129,50,35.5,4,False,2024-08-22,,4.58,4162.8,1
EMP0457,Team G,Engineering,Data Engineer,EMP0147,Remote,2026-03-01,160.0,160.8,0.8,0.2,18,0,60.6,0,False,2022-07-06,,3.23,9720.0,1
EMP0001,Team G,Sales,SDR,EMP0218,Remote,2025-09-01,160.0,143.5,2.4,0.7,49,150,89.8,0,False,2025-02-25,,3.36,4118.8,1
EMP0158,Team J,Operations,Ops Analyst,EMP0006,Branch-West,2025-12-01,160.0,162.9,2.9,2.0,53,40,87.0,2,False,2023-12-14,,3.91,5352.0,1
EMP0449,Team F,Sales,Sales Manager,EMP0450,HQ,2026-02-01,160.0,157.4,1.3,2.6,13,2500,90.5,8,False,2025-01-09,,4.71,8286.2,1
EMP0418,Team J,Sales,Account Executive,EMP0392,Branch-West,2026-07-01,160.0,161.2,1.2,0.3,14,2000,71.7,0,False,2025-06-01,,,6520.0,1
EMP0136,Team F,Sales,SDR,EMP0318,HQ,2026-05-01,160.0,163.2,3.2,1.4,37,150,66.6,4,False,2024-10-13,,3.49,4704.0,1
EMP0351,Team F,Sales,Sales Manager,,Branch-West,2026-06-01,160.0,168.5,8.5,0.4,9,2500,68.5,0,False,2022-07-22,,3.94,9425.0,1
EMP0408,Team A,Engineering,Data Engineer,EMP0301,Branch-West,2026-08-01,160.0,146.7,14.9,,21,0,87.1,0,False,2022-03-01,,3.21,10143.0,1
EMP0230,Team G,Support,Support Lead,EMP0280,HQ,2026-04-01,160.0,161.5,1.5,3.0,78,60,82.2,0,False,2024-09-03,,,5567.5,1
EMP0210,Team A,Engineering,Developer,EMP0193,Remote,2025-09-01,160.0,131.1,1.3,0.3,15,0,92.9,1,False,2021-11-02,,4.68,7317.75,1
EMP0254,Team C,Sales,SDR,EMP0392,Remote,2026-03-01,160.0,163.7,9.5,0.8,40,150,32.7,0,False,2024-03-23,,3.91,4982.6,1
EMP0040,Team D,Sales,SDR,EMP0006,HQ,2026-02-01,160.0,160.3,28.6,,57,150,87.7,0,False,2022-09-05,,3.82,5689.6,1
EMP0358,Team F,Sales,SDR,EMP0077,Remote,2026-01-01,160.0,159.9,6.5,0.1,40,150,92.2,0,False,2022-11-05,,3.84,4750.2,1
EMP0107,Team F,Sales,Sales Manager,EMP0420,Remote,2026-06-01,160.0,142.0,2.2,2.1,11,2500,89.5,4,False,2024-02-15,,3.22,7555.6,1
EMP0242,Team H,Marketing,Marketing Specialist,EMP0167,HQ,2026-06-01,160.0,147.9,18.7,0.0,17,300,66.8,1,False,2024-05-23,,3.78,5806.35,1
EMP0240,Team E,Engineering,DevOps Engineer,EMP0259,Branch-East,2026-05-01,160.0,161.4,1.4,0.6,17,0,83.2,0,False,2025-10-21,,3.36,9483.0,1
EMP0221,Team D,Support,Support Agent,EMP0420,HQ,2026-06-01,160.0,164.0,4.0,0.8,127,50,81.8,1,False,2022-04-21,,3.84,4080.0,1
EMP0083,Team D,Sales,Account Executive,EMP0320,HQ,2026-04-01,160.0,163.9,3.9,0.4,16,2000,89.2,0,False,2025-05-17,,3.73,6790.0,1
EMP0180,Team G,Engineering,QA Engineer,EMP0199,Branch-West,2026-04-01,160.0,162.5,2.5,0.6,28,0,43.8,5,False,2024-11-03,,4.3,6982.5,1
EMP0278,Team G,Support,Support Agent,EMP0199,Remote,2025-11-01,160.0,163.6,4.2,2.0,106,50,87.2,10,False,2024-09-27,,2.53,4077.6,1
EMP0155,Team E,Marketing,Marketing Specialist,EMP0251,Remote,2026-04-01,160.0,159.0,7.5,1.3,12,300,63.3,4,False,2022-03-02,,3.47,5618.25,1
EMP0332,Team G,Operations,Ops Analyst,EMP0476,HQ,2025-09-01,160.0,151.6,10.3,2.7,66,40,91.1,0,False,2022-09-30,,2.58,5345.6,1
EMP0083,Team D,Sales,Account Executive,EMP0320,HQ,2026-02-01,160.0,157.4,6.0,0.1,20,2000,,0,False,2025-05-17,,4.25,6656.0,1
EMP0157,Team G,Support,Support Lead,EMP0035,Branch-East,2026-04-01,160.0,156.6,5.3,1.4,74,60,65.8,0,False,2024-11-27,,4.15,5594.7,1
EMP0468,Team A,Marketing,Marketing Specialist,EMP0259,HQ,2025-11-01,160.0,153.1,3.7,1.9,12,300,48.6,0,False,2021-09-19,,3.38,5235.45,1
EMP0179,Team B,Marketing,Marketing Specialist,EMP0449,Branch-West,2026-04-01,160.0,162.2,9.8,6.3,11,300,55.8,0,False,2023-03-01,,3.64,5837.7,1
EMP0436,Team C,Support,Support Agent,EMP0420,Remote,2025-11-01,160.0,150.3,12.2,0.3,125,50,81.8,0,False,2025-06-01,,3.03,4046.4,1
EMP0038,Team J,Engineering,DevOps Engineer,EMP0199,Branch-West,2026-07-01,160.0,167.3,12.0,0.4,18,0,68.3,0,False,2023-04-29,,3.88,10747.4,1
EMP0331,Team E,Sales,SDR,EMP0449,Branch-West,2025-12-01,160.0,163.1,3.1,1.1,30,150,32.2,4,False,2025-01-10,,3.97,4697.0,1
EMP0395,Team C,Sales,SDR,EMP0376,Remote,2026-02-01,160.0,161.3,1.3,2.8,32,150,78.9,5,False,2021-09-13,,3.97,4571.0,1
EMP0418,Team J,Sales,Account Executive,EMP0392,Branch-West,2026-06-01,160.0,155.2,2.0,1.4,16,2000,85.1,0,False,2025-06-01,,3.16,6328.0,1
EMP0363,Team E,Sales,Sales Manager,EMP0277,,2026-01-01,160.0,171.7,20.9,0.7,9,2500,77.1,0,False,2022-06-02,,4.79,10558.6,1
EMP0238,Team E,Engineering,QA Engineer,EMP0277,Branch-East,2025-12-01,160.0,175.9,15.9,0.9,19,0,75.1,1,False,2022-10-24,,2.8,8389.5,1
EMP0440,Team G,Engineering,Developer,EMP0318,HQ,2025-09-01,160.0,161.8,1.8,0.2,21,0,63.9,1,False,2025-09-25,,3.01,9047.5,1
EMP0177,Team A,Support,Support Agent,EMP0351,HQ,2026-07-01,160.0,156.9,3.8,1.2,110,50,68.9,1,False,2023-11-30,,2.65,3902.4,1
EMP0280,Team I,OPERATIONS,Ops Coordinator,EMP0193,Branch-East,2026-07-01,160.0,160.5,0.5,1.0,63,35,78.8,0,False,2022-01-05,,3.3,4353.75,1
EMP0462,Team D,Support,Support Agent,EMP0296,HQ,2026-01-01,160.0,160.5,0.5,1.3,148,50,83.9,0,False,2025-11-23,,4.54,3870.0,1
EMP0240,Team E,Engineering,DevOps Engineer,EMP0259,Branch-East,2026-02-01,160.0,161.0,1.0,1.4,15,0,69.2,0,False,2025-10-21,,3.59,9425.0,1
EMP0087,Team E,Support,Support Lead,EMP0185,HQ,2026-05-01,160.0,177.9,17.9,0.3,110,60,82.1,0,False,2023-12-17,,3.47,6961.5,1
EMP0388,Team J,Engineering,DevOps Engineer,EMP0392,Branch-East,2026-03-01,160.0,156.9,7.8,7.0,10,0,69.2,1,False,2025-10-09,,4.67,9778.8,1
EMP0328,Team F,Support,Support Lead,EMP0167,Branch-East,2026-07-01,160.0,163.2,3.2,2.1,98,60,79.0,0,False,2024-09-18,,3.57,5712.0,1
EMP0056,Team B,Marketing,Content Creator,EMP0301,Remote,2026-02-01,160.0,158.8,3.3,1.0,17,150,90.9,3,False,2024-02-12,,3.1,4912.5,1
EMP0117,Team C,Operations,Ops Analyst,EMP0033,HQ,2025-12-01,160.0,163.2,12.0,0.2,57,40,56.7,2,False,2022-11-16,,2.53,5798.4,1
EMP0122,Team H,Marketing,Content Creator,EMP0471,Branch-West,2026-07-01,160.0,163.9,3.9,0.9,16,150,61.7,6,False,2022-09-10,,3.99,5092.5,1
EMP0227,Team A,Marketing,Content Creator,EMP0351,Remote,2026-05-01,160.0,156.0,4.9,3.1,23,150,80.4,1,False,2022-02-05,,4.15,4900.5,1
EMP0372,Team H,Engineering,Data Engineer,EMP0301,HQ,2026-08-01,160.0,160.5,0.5,1.4,17,0,76.4,2,False,2022-07-05,,3.95,9675.0,1
EMP0005,Team C,Engineering,Developer,EMP0355,Remote,2026-04-01,160.0,167.3,21.0,0.4,8,0,45.1,8,False,2022-05-08,,3.87,10934.0,1
EMP0371,Team H,Engineering,QA Engineer,EMP0225,,2026-01-01,160.0,158.5,2.3,0.9,28,0,69.7,3,False,2024-02-11,,3.01,6801.9,1
EMP0071,Team E,Operations,Ops Analyst,EMP0193,HQ,2026-05-01,160.0,165.3,5.3,2.3,58,40,75.1,0,False,2022-11-07,,3.32,5544.0,1
EMP0066,Team D,Sales,Account Executive,EMP0167,HQ,2026-01-01,160.0,160.7,0.7,0.3,15,2000,93.7,3,True,2023-03-26,2026-01-05,3.75,6470.0,1
EMP0489,Team C,Marketing,Marketing Specialist,EMP0471,,2026-01-01,160.0,162.4,2.4,0.6,15,300,93.4,2,False,2024-06-30,,3.75,5478.0,1
EMP0319,Team A,Engineering,QA Engineer,EMP0482,Branch-West,2025-10-01,160.0,154.2,9.2,0.6,22,0,51.0,0,False,2023-06-16,,2.79,7056.0,1
EMP0343,Team E,Engineering,QA Engineer,EMP0277,Branch-East,2026-01-01,160.0,175.2,15.2,3.4,25,0,92.7,0,False,2024-02-08,,4.4,8316.0,1
EMP0076,Team H,Support,Support Lead,EMP0309,Remote,2026-06-01,160.0,160.9,0.9,0.9,89,60,95.4,0,False,2024-05-03,,3.4,5516.5,1
EMP0146,Team I,Engineering,Developer,EMP0162,Branch-West,2026-01-01,160.0,156.6,10.6,3.8,22,0,87.8,0,False,2022-10-13,,3.15,9487.5,1
EMP0426,Team B,Sales,SDR,EMP0476,HQ,2026-08-01,160.0,151.9,4.8,0.1,33,150,60.5,1,False,2026-01-02,,3.95,4454.8,1
EMP0215,  Team I  ,Support,Support Agent,EMP0193,Branch-East,2025-10-01,160.0,166.4,6.4,0.5,113,50,65.7,3,False,2022-11-10,,3.68,4224.0,1
EMP0228,Team C,Sales,SDR,EMP0476,Remote,2026-07-01,160.0,162.3,2.3,0.1,41,150,96.7,0,False,2021-12-21,,3.71,4641.0,1
EMP0087,Team E,Support,Support Lead,EMP0185,HQ,2026-08-01,160.0,163.6,3.6,2.0,96,60,69.5,0,False,2023-12-17,,3.75,5746.0,1
EMP0077,Team H,Operations,Ops Analyst,EMP0480,Branch-East,2025-11-01,160.0,152.6,0.9,0.9,58,40,34.8,0,True,2025-02-13,2026-01-10,2.9,4926.4,1
EMP0164,Team E,Sales,Sales Manager,EMP0422,Remote,2025-09-01,160.0,150.0,1.9,5.9,5,2500,81.2,4,False,2023-03-02,,1.67,7948.2,1
EMP0009,Team C,Support,Support Lead,EMP0061,Branch-West,2026-04-01,160.0,155.0,7.9,1.1,54,60,41.7,7,False,2025-06-23,,4.52,5672.9,1
EMP0290,Team B,Sales,Sales Manager,EMP0453,Remote,2025-12-01,160.0,162.1,2.1,0.9,6,2500,79.9,2,False,2022-01-31,,3.77,8593.0,1
EMP0250,Team A,Operations,Ops Analyst,EMP0225,HQ,2026-07-01,160.0,161.6,7.8,0.3,37,40,,0,False,2022-08-19,,4.05,5545.6,1
EMP0149,Team J,Engineering,QA Engineer,EMP0071,,2026-01-01,160.0,154.6,1.0,0.1,20,0,87.0,0,False,2022-08-29,,2.61,6556.2,1
EMP0383,Team I,SUPPORT,Support Agent,EMP0457,Remote,2026-06-01,160.0,158.6,4.2,1.7,84,50,64.8,1,False,2021-09-07,,2.83,3957.6,1
EMP0074,Team H,Operations,Ops Coordinator,EMP0450,HQ,2026-06-01,160.0,165.0,15.9,0.1,81,35,89.9,2,False,2023-04-13,,3.64,5098.95,1
EMP0359,Team B,Marketing,Marketing Specialist,EMP0210,HQ,2025-09-01,160.0,155.8,5.9,4.9,12,300,88.2,4,False,2023-12-04,,2.29,5433.45,1
EMP0299,Team A,support,Support Lead,EMP0035,HQ,2026-01-01,160.0,165.8,6.1,1.8,104,60,85.3,1,False,2024-09-07,,3.79,5948.3,1
EMP0192,Team G,Marketing,Marketing Specialist,EMP0457,HQ,2026-07-01,160.0,164.1,4.1,2.5,12,300,91.8,1,False,2024-01-17,,3.48,5618.25,1
EMP0112,Team A,Engineering,Developer,EMP0471,HQ,2025-11-01,160.0,149.6,3.2,1.5,18,0,80.6,0,False,2025-06-20,,3.64,8492.0,1
EMP0414,Team A,Sales,SDR,EMP0225,Remote,2026-02-01,160.0,157.1,5.4,1.1,41,150,37.3,2,False,2024-03-18,,3.51,4625.6,1
EMP0454,Team G,Marketing,Marketing Specialist,EMP0162,HQ,2025-09-01,160.0,171.3,11.3,,12,300,63.3,2,False,2023-08-22,,3.86,6212.25,1
EMP0119,Team I,Marketing,Content Creator,EMP0218,Remote,2026-03-01,160.0,167.4,7.4,0.8,27,150,72.2,1,False,2023-05-10,,3.05,5355.0,1
EMP0410,Team H,Engineering,Developer,EMP0061,HQ,2026-03-01,160.0,163.6,5.0,0.0,15,0,90.3,0,False,2024-09-20,,3.17,9410.5,1
EMP0019,Team G,Sales,Account Executive,EMP0006,HQ,2026-08-01,160.0,160.3,0.3,3.9,17,2000,76.4,2,False,2025-03-26,,4.24,6430.0,1
EMP0152,Team F,Engineering,QA Engineer,EMP0100,HQ,2025-11-01,160.0,160.5,0.5,1.3,29,0,55.0,1,False,2024-12-13,,,6772.5,1
EMP0058,Team D,Engineering,Developer,EMP0482,Branch-East,2026-04-01,160.0,162.5,2.5,0.6,16,0,59.0,4,False,2021-12-24,,2.57,9143.75,1
EMP0143,Team G,Sales,SDR,EMP0047,HQ,2026-06-01,160.0,170.2,10.2,1.1,42,150,97.9,4,False,2022-05-23,,3.17,5194.0,1
EMP0398,Team E,Sales,Sales Manager,EMP0243,Remote,2026-01-01,160.0,152.1,11.0,,7,2500,88.0,4,False,2024-02-16,,2.26,8767.2,1
EMP0300,Team J,Engineering,QA Engineer,EMP0480,HQ,2026-02-01,160.0,157.9,8.1,8.3,31,0,64.6,1,False,2024-10-03,,4.99,7142.1,1
EMP0183,Team B,Marketing,Content Creator,EMP0438,HQ,2026-05-01,160.0,148.7,1.0,1.0,22,150,41.1,4,False,2024-02-19,,3.73,4506.0,1
EMP0013,Team H,Operations,Ops Coordinator,EMP0277,HQ,2025-12-01,160.0,159.1,4.9,1.6,54,35,66.8,2,False,2021-11-20,,3.38,4494.15,1
EMP0018,Team H,Sales,Sales Manager,EMP0280,Branch-East,2026-02-01,160.0,162.5,2.5,1.1,10,2500,57.3,0,False,2022-01-08,,3.9,8645.0,1
EMP0453,Team H,Sales,SDR,EMP0193,Remote,2026-04-01,160.0,164.2,14.6,0.6,38,150,69.3,1,False,2024-07-05,,4.07,5210.8,1
EMP0474,Team F,Marketing,Marketing Specialist,EMP0035,HQ,2025-10-01,160.0,170.9,27.7,0.2,14,300,75.8,1,False,2024-08-21,,3.48,7010.85,1
EMP0260,Team C,Engineering,QA Engineer,EMP0187,HQ,2026-05-01,160.0,162.0,2.0,2.0,24,0,74.6,2,False,2025-12-23,,3.55,6930.0,1
EMP0245,TEAM H,Engineering,QA Engineer,EMP0351,HQ,2026-02-01,160.0,166.6,13.1,1.5,26,0,55.3,0,False,2024-08-16,,3.07,7822.5,1
EMP0451,Team A,Operations,Ops Analyst,EMP0100,Remote,2025-12-01,160.0,151.3,10.0,1.8,50,40,,0,False,2023-05-13,,2.84,5321.6,1
EMP0207,Team F,Engineering,DevOps Engineer,EMP0167,Remote,2026-03-01,160.0,154.8,1.0,4.8,17,0,56.3,0,False,2025-05-18,,3.14,9065.4,1
EMP0067,Team F,Engineering,Developer,EMP0355,Remote,2026-05-01,160.0,164.3,4.3,2.0,11,0,92.8,1,False,2022-11-18,,3.3,9391.25,1
EMP0188,Team E,Sales,Account Executive,EMP0420,Branch-East,2026-06-01,160.0,145.3,17.7,,13,2000,78.2,0,False,2025-09-26,,3.82,6874.0,1
EMP0344,Team A,Sales,SDR,EMP0450,Remote,2025-11-01,160.0,152.3,3.0,2.0,37,150,71.2,0,False,2022-08-19,,2.78,4390.4,1
EMP0322,Team E,Support,Support Lead,EMP0100,Branch-West,2026-01-01,160.0,151.5,0.7,0.7,73,60,86.4,0,False,2023-11-17,,4.36,5186.7,1
EMP0035,Team H,Marketing,Content Creator,EMP0351,Remote,2025-10-01,160.0,161.7,14.7,2.1,23,150,64.5,6,False,2022-07-26,,3.53,5512.5,1
EMP0263,Team D,Engineering,Developer,EMP0450,Remote,2026-01-01,160.0,169.5,13.5,1.0,21,0,75.3,0,False,2022-07-26,,3.47,10436.25,1
EMP0074,Team H,Operations,Ops Coordinator,EMP0450,HQ,2026-04-01,160.0,165.2,16.7,0.7,80,35,60.7,0,False,2023-04-13,,4.18,5136.75,1
EMP0391,Team G,Marketing,Marketing Specialist,EMP0293,,2026-05-01,160.0,155.2,2.0,2.9,11,300,75.3,1,False,2023-05-28,,2.85,5220.6,1
EMP0099,Team J,Engineering,Data Engineer,EMP0344,Branch-East,2026-03-01,160.0,161.1,7.6,2.0,14,0,83.7,0,False,2025-06-21,,2.8,10350.0,1
EMP0210,Team A,Engineering,Developer,EMP0193,Remote,2025-10-01,160.0,152.3,10.3,1.2,18,0,97.8,2,False,2021-11-02,,4.13,9226.25,1
EMP0463,Team F,Operations,Ops Analyst,EMP0453,HQ,2026-05-01,160.0,155.2,3.4,0.1,47,40,84.7,2,False,2025-07-16,,3.97,5129.6,1
EMP0191,Team E,Engineering,QA Engineer,EMP0147,Remote,2026-07-01,160.0,154.0,5.7,2.7,16,0,64.8,2,False,2023-11-14,,3.45,6827.1,1
EMP0269,Team D,Sales,SDR,EMP0100,HQ,2026-08-01,160.0,157.5,1.2,0.2,29,150,63.7,1,False,2022-01-05,,3.53,4460.4,1
EMP0335,Team I,Engineering,DevOps Engineer,EMP0187,HQ,2026-08-01,160.0,162.5,2.5,0.9,9,0,70.5,0,False,2023-07-24,,3.59,9642.5,1
EMP0130,Team G,Sales,SDR,EMP0351,HQ,2026-08-01,160.0,157.8,5.2,1.9,46,150,74.4,6,False,2025-04-15,,3.57,4636.8,1
EMP0492,  Team B  ,Support,Support Lead,EMP0162,Remote,2026-06-01,160.0,162.7,2.7,,88,60,62.6,1,False,2022-05-06,,3.65,5669.5,1
EMP0466,Team F,Sales,SDR,EMP0422,Remote,2026-06-01,160.0,161.0,1.0,0.3,48,150,84.7,2,False,2025-03-16,,3.34,4550.0,1
EMP0067,Team F,Engineering,Developer,EMP0355,Remote,2026-07-01,160.0,158.0,7.1,1.8,17,0,94.6,0,False,2022-11-18,,4.16,9275.75,1
EMP0410,Team H,Engineering,Developer,EMP0061,HQ,2025-12-01,160.0,168.9,21.2,2.3,10,0,74.7,0,False,2024-09-20,,4.57,11038.5,1
EMP0256,Team F,Sales,Account Executive,EMP0300,Remote,2026-01-01,160.0,162.9,24.9,8.2,21,2000,79.3,2,True,2025-12-14,2026-04-05,4.15,8010.0,1
EMP0395,Team C,Sales,SDR,EMP0376,Remote,2025-12-01,160.0,158.9,4.8,0.0,28,150,68.2,1,False,2021-09-13,,2.78,4650.8,1
EMP0423,Team D,Engineering,QA Engineer,EMP0277,HQ,2025-09-01,160.0,142.2,27.4,2.1,29,0,61.6,2,False,2022-02-23,,3.25,7698.6,1
EMP0372,Team H,ENGINEERING,Data Engineer,EMP0301,,2026-06-01,160.0,164.4,4.4,0.3,15,0,73.2,0,False,2022-07-05,,3.91,10260.0,1
EMP0469,Team J,Engineering,Data Engineer,EMP0185,Remote,2025-11-01,160.0,173.2,21.5,1.7,23,0,67.5,0,False,2022-07-22,,3.57,12327.0,1
EMP0451,Team A,Operations,Ops Analyst,EMP0100,Remote,2026-04-01,160.0,153.2,7.6,1.8,54,40,99.7,0,False,2023-05-13,,3.88,5267.2,1
EMP0372,Team H,Engineering,Data Engineer,EMP0301,HQ,2026-04-01,160.0,166.4,6.4,2.3,13,0,81.5,0,False,2022-07-05,,3.38,10560.0,1
EMP0331,Team E,Sales,SDR,EMP0449,Branch-West,2026-04-01,160.0,165.1,8.4,1.2,41,150,87.1,0,False,2025-01-10,,2.84,4975.6,1
EMP0129,Team J,Engineering,DevOps Engineer,EMP0033,Remote,2025-09-01,160.0,158.3,3.9,0.3,11,0,79.3,0,False,2022-04-11,,2.86,9520.7,1
EMP0319,Team A,Engineering,QA Engineer,EMP0482,Branch-West,2025-12-01,160.0,146.6,6.2,2.2,22,0,70.7,5,False,2023-06-16,,3.55,6547.8,1
EMP0161,Team E,Sales,Account Executive,EMP0277,Branch-West,2026-08-01,160.0,169.8,19.0,1.0,15,2000,63.1,0,False,2021-09-11,,3.23,7932.0,1
EMP0485,Team D,Sales,SDR,EMP0471,HQ,2025-12-01,160.0,161.4,4.1,7.4,31,150,84.0,0,False,2024-05-27,,2.55,4691.4,1
EMP0343,Team E,Engineering,QA Engineer,EMP0277,Branch-East,2026-04-01,160.0,161.3,10.1,,28,0,44.5,1,False,2024-02-08,,,7410.9,1
EMP0007,Team E,Engineering,Data Engineer,EMP0355,Branch-West,2026-02-01,160.0,160.7,0.7,0.3,14,0,72.3,3,False,2022-05-29,,3.56,9705.0,1
EMP0266,Team I,Operations,Ops Coordinator,EMP0033,,2026-05-01,160.0,151.5,2.9,2.7,59,35,87.1,0,False,2024-05-19,,4.49,4207.95,1
EMP0219,Team A,Support,Support Agent,EMP0480,Branch-East,2025-09-01,160.0,160.3,0.3,1.0,122,50,86.7,0,False,2021-12-22,,,3858.0,1
EMP0392,Team I,Sales,Account Executive,EMP0351,Branch-West,2026-04-01,160.0,155.0,0.5,3.0,10,2000,73.7,1,False,2023-03-21,,4.19,6230.0,1
EMP0083,  Team D  ,Sales,Account Executive,EMP0320,HQ,2026-06-01,160.0,159.7,3.8,3.8,14,2000,77.5,1,False,2025-05-17,,2.87,6616.0,1
EMP0124,Team D,Engineering,QA Engineer,EMP0085,Remote,2025-11-01,160.0,146.1,3.9,0.1,28,0,91.4,0,False,2022-06-11,,4.6,6381.9,1
EMP0309,Team H,Operations,Ops Analyst,EMP0351,,2025-10-01,160.0,161.9,1.9,0.3,80,40,82.3,0,False,2024-04-22,,2.7,5272.0,1
EMP0231,Team H,Operations,Ops Coordinator,EMP0251,Branch-East,2026-07-01,160.0,151.6,0.6,1.6,71,35,90.8,0,False,2023-05-27,,4.37,4117.5,1
EMP0429,Team I,Sales,Sales Manager,EMP0344,Branch-East,2025-09-01,160.0,160.6,7.3,1.5,8,2500,72.9,0,False,2022-08-12,,2.64,8920.6,1
EMP0452,Team C,Sales,SDR,EMP0085,Remote,2026-06-01,160.0,153.9,6.8,1.5,47,150,56.5,4,False,2025-12-27,,3.27,4594.8,1
EMP0458,Team H,Sales,SDR,EMP0177,Remote,2025-11-01,160.0,159.4,0.2,3.9,37,150,84.7,1,False,2024-02-18,,3.29,4471.6,1
EMP0429,Team I,Sales,Sales Manager,EMP0344,Branch-East,2026-04-01,160.0,159.2,1.1,,10,2500,89.1,0,False,2022-08-12,,3.48,8364.2,1
EMP0115,Team A,Support,Support Agent,EMP0085,Remote,2026-04-01,160.0,151.8,5.8,0.4,146,50,54.1,0,False,2023-09-29,,3.66,3852.0,1
EMP0040,Team D,Sales,SDR,EMP0006,HQ,2026-04-01,160.0,155.8,2.7,5.0,48,150,63.5,1,False,2022-09-05,,3.3,4475.8,1
EMP0328,Team F,Support,Support Lead,EMP0167,Branch-East,2025-09-01,160.0,170.7,10.7,0.2,92,60,81.9,0,False,2024-09-18,,4.61,6349.5,1
EMP0437,Team B,Engineering,DevOps Engineer,EMP0035,Remote,2026-02-01,160.0,161.1,3.3,1.1,14,0,79.5,1,False,2024-12-13,,4.88,9630.9,1
EMP0300,Team J,Engineering,QA Engineer,EMP0480,HQ,2026-04-01,160.0,153.6,4.5,1.7,24,0,83.4,0,False,2024-10-03,,3.83,6734.7,1
EMP0140,Team I,Marketing,Marketing Specialist,EMP0482,HQ,2026-08-01,160.0,163.8,11.7,4.1,13,300,95.3,3,False,2025-07-21,,3.97,5984.55,1
EMP0165,Team C,Engineering,DevOps Engineer,EMP0071,Remote,2026-01-01,160.0,159.9,15.0,0.4,11,0,97.1,1,True,2023-06-22,2026-05-31,3.67,10579.2,1
EMP0099,Team J,Engineering,Data Engineer,EMP0344,Branch-East,2026-06-01,160.0,158.7,0.4,3.2,26,0,51.0,1,False,2025-06-21,,3.41,9558.0,1
EMP0130,Team G,Sales,SDR,EMP0351,HQ,2026-07-01,160.0,165.6,5.6,3.4,32,150,76.0,0,False,2025-04-15,,4.09,4872.0,1
EMP0233,Team D,Sales,Sales Manager,EMP0218,Branch-West,2026-01-01,160.0,149.5,2.3,1.6,10,2500,79.4,3,True,2022-03-08,2026-03-31,2.63,7953.4,1
EMP0008,Team B,Marketing,Marketing Specialist,EMP0457,Remote,2026-06-01,160.0,160.1,9.4,0.7,14,300,44.0,1,False,2025-09-18,,2.65,5748.6,1
EMP0225,Team I,Engineering,Data Engineer,EMP0351,HQ,2026-01-01,160.0,158.8,2.7,0.0,16,0,74.6,1,False,2021-12-22,,4.84,9771.0,1
EMP0253,Team G,Operations,Ops Coordinator,EMP0450,HQ,2026-07-01,160.0,158.7,2.8,0.4,80,35,70.3,1,False,2022-07-28,,3.44,4398.3,1
EMP0386,Team H,Operations,Ops Coordinator,EMP0259,HQ,2026-07-01,160.0,161.3,1.3,1.1,61,35,78.6,0,False,2023-10-22,,3.82,4407.75,1
EMP0391,Team G,Marketing,Marketing Specialist,EMP0293,Remote,2026-03-01,160.0,145.9,1.0,,14,300,96.6,1,False,2023-05-28,,3.49,4864.2,1
EMP0236,Team J,Support,Support Agent,EMP0225,Remote,2025-10-01,160.0,164.1,7.6,0.5,133,50,88.4,4,False,2021-11-04,,2.54,4212.0,1
EMP0042,Team D,Sales,Account Executive,EMP0187,Remote,2026-06-01,160.0,159.8,1.9,1.9,16,2000,94.1,1,False,2025-05-18,,3.16,6506.0,1
EMP0441,Team E,Engineering,Developer,EMP0006,Branch-East,2025-12-01,160.0,164.0,4.0,0.8,22,0,81.9,3,False,2024-06-21,,3.92,9350.0,1
EMP0189,Team I,Sales,SDR,EMP0218,HQ,2026-04-01,160.0,164.8,9.1,0.1,45,150,84.3,0,False,2021-12-23,,2.34,4996.6,1
EMP0460,Team F,Engineering,Data Engineer,EMP0071,HQ,2026-06-01,160.0,154.5,7.7,1.1,16,0,74.3,6,False,2022-10-30,,2.88,9963.0,1
EMP0347,Team B,Support,Support Agent,EMP0453,HQ,2026-05-01,160.0,159.1,5.8,,144,50,95.5,4,False,2023-01-12,,2.85,4027.2,1
EMP0322,Team E,Support,Support Lead,EMP0100,Branch-West,2026-03-01,160.0,163.0,3.0,0.0,79,60,54.1,0,False,2023-11-17,,3.92,5695.0,1
EMP0156,Team J,engineering,DevOps Engineer,EMP0293,Remote,2026-08-01,160.0,163.1,3.7,0.4,17,0,35.4,1,False,2024-11-11,,3.58,9781.7,1
EMP0490,Team I,Marketing,Marketing Specialist,EMP0199,,2026-07-01,160.0,155.4,0.1,0.2,5,300,88.9,0,False,2024-07-08,,3.77,5133.15,1
EMP0085,Team C,Sales,SDR,EMP0147,Remote,2026-02-01,160.0,146.7,2.3,1.2,37,150,88.5,1,False,2022-10-24,,3.56,4204.2,1
EMP0051,Team G,Marketing,Marketing Specialist,EMP0392,Remote,2025-09-01,160.0,150.8,1.8,1.4,11,300,49.2,0,False,2024-07-19,,3.19,5065.5,1
EMP0014,Team C,Engineering,DevOps Engineer,EMP0185,Branch-West,2026-04-01,160.0,158.4,1.5,0.1,10,0,41.0,8,False,2026-02-19,,3.84,9317.7,1
EMP0138,Team F,Support,Support Lead,EMP0245,Remote,2026-08-01,160.0,155.4,1.7,0.2,104,60,71.5,3,False,2024-02-26,,2.81,5370.3,1
EMP0382,Team C,Support,Support Agent,EMP0277,HQ,2026-08-01,160.0,147.9,4.0,2.5,149,50,92.0,1,False,2024-11-18,,3.47,3693.6,1
EMP0479,Team C,Marketing,Content Creator,EMP0450,HQ,2026-04-01,160.0,170.6,20.1,0.4,11,150,52.2,9,False,2025-12-24,,2.62,6022.5,1
EMP0115,Team A,Support,Support Agent,EMP0085,Remote,2025-10-01,160.0,138.0,6.5,1.7,143,50,78.5,2,False,2023-09-29,,2.64,3546.0,1
EMP0384,Team G,Marketing,Marketing Specialist,EMP0480,HQ,2026-02-01,160.0,169.9,17.3,0.7,16,300,89.5,1,False,2025-06-13,,3.12,6463.05,1
EMP0178,Team D,Sales,Account Executive,EMP0480,Remote,2026-02-01,160.0,171.1,11.1,6.3,15,2000,71.4,0,False,2024-12-18,,4.57,7510.0,1
EMP0321,Team F,Sales,Sales Manager,EMP0193,HQ,2026-03-01,160.0,149.2,6.5,0.1,13,2500,53.6,1,False,2023-05-01,,4.31,8265.4,1
EMP0056,Team B,Marketing,Content Creator,EMP0301,Remote,2025-10-01,160.0,161.7,2.6,0.4,16,150,91.9,1,False,2024-02-12,,2.93,4968.0,1
EMP0322,Team E,Support,Support Lead,EMP0100,Branch-West,2025-12-01,160.0,167.3,7.3,0.5,81,60,56.0,11,False,2023-11-17,,3.48,6060.5,1
EMP0202,Team F,Engineering,QA Engineer,EMP0434,HQ,2026-03-01,160.0,162.7,2.7,0.9,25,0,,0,False,2025-07-01,,2.55,7003.5,1
EMP0095,Team D,Operations,Ops Analyst,EMP0177,Branch-West,2026-08-01,160.0,155.1,10.3,4.9,67,40,95.9,1,False,2024-03-12,,,5457.6,1
EMP0252,Team G,Sales,Account Executive,EMP0033,HQ,2026-04-01,160.0,153.8,2.8,0.3,19,2000,96.1,0,False,2025-06-22,,3.64,6320.0,1
EMP0054,Team H,Marketing,Marketing Specialist,EMP0476,HQ,2025-10-01,160.0,164.4,9.4,0.5,16,300,,1,True,2023-10-07,2026-05-02,3.23,5890.5,1
EMP0182,Team H,Engineering,Developer,EMP0217,Branch-East,2025-10-01,160.0,152.5,0.1,0.6,19,0,77.5,0,False,2025-08-26,,3.51,8395.75,1
EMP0392,Team I,Sales,Account Executive,EMP0351,Branch-West,2025-12-01,160.0,140.8,2.5,0.2,13,2000,74.1,3,False,2023-03-21,,4.55,5782.0,1
EMP0449,Team F,Sales,Sales Manager,EMP0450,HQ,2025-10-01,160.0,156.2,3.0,0.1,11,2500,70.8,0,False,2025-01-09,,3.44,8356.4,1
EMP0400,Team A,Operations,Ops Coordinator,EMP0434,HQ,2026-04-01,160.0,146.2,2.0,4.6,80,35,65.9,1,False,2022-01-07,,2.72,4028.4,1
EMP0160,Team C,Support,Support Agent,EMP0450,HQ,2026-01-01,160.0,163.7,11.6,0.5,161,50,68.3,0,False,2024-08-10,,4.32,4346.4,1
EMP0065,Team C,Engineering,DevOps Engineer,EMP0199,HQ,2025-10-01,160.0,154.0,11.8,,13,0,73.4,0,False,2025-05-06,,3.53,9958.6,1
EMP0490,Team I,Marketing,Marketing Specialist,EMP0199,Remote,2025-09-01,160.0,161.8,4.6,0.2,13,300,70.5,4,False,2024-07-08,,4.08,5567.1,1
EMP0098,Team J,Sales,SDR,EMP0162,Branch-West,2026-06-01,160.0,163.0,3.0,2.9,43,150,57.7,0,False,2022-07-17,,3.33,4690.0,1
EMP0499,Team C,Marketing,Marketing Specialist,EMP0177,HQ,2026-03-01,160.0,155.2,1.1,0.1,13,300,90.9,0,False,2025-03-25,,3.04,5176.05,1
EMP0473,Team H,Engineering,Developer,EMP0071,HQ,2026-04-01,160.0,163.0,3.0,0.1,19,0,79.1,0,False,2025-08-28,,4.16,9212.5,1
EMP0168,Team C,Engineering,DevOps Engineer,EMP0392,HQ,2025-12-01,160.0,163.5,3.5,2.0,11,0,96.3,0,False,2025-06-23,,3.35,9787.5,1
EMP0453,Team H,Sales,SDR,EMP0193,Remote,2026-08-01,160.0,156.5,0.4,1.7,48,150,65.1,0,False,2024-07-05,,3.77,4398.8,1
EMP0410,Team H,Engineering,Developer,EMP0061,HQ,2026-06-01,160.0,158.6,3.7,0.2,16,0,83.3,3,False,2024-09-20,,3.84,9028.25,1
EMP0015,Team H,Engineering,Developer,EMP0457,HQ,2026-08-01,160.0,161.7,9.6,1.8,12,0,57.7,0,False,2023-09-11,,,9685.5,1
EMP0266,Team I,Operations,Ops Coordinator,EMP0033,HQ,2026-06-01,160.0,149.3,20.1,1.6,85,35,90.4,1,False,2024-05-19,,3.96,4845.15,1
EMP0292,Team A,Engineering,QA Engineer,EMP0225,Remote,2025-10-01,160.0,160.5,0.5,0.8,27,0,52.7,0,False,2023-01-21,,3.68,6772.5,1
EMP0110,Team B,Engineering,DevOps Engineer,EMP0217,HQ,2025-10-01,160.0,156.8,4.8,0.1,17,0,86.3,0,False,2024-10-04,,4.47,9512.0,1
EMP0496,Team E,Sales,Account Executive,EMP0303,HQ,2025-09-01,160.0,162.3,3.8,0.7,18,2000,62.1,3,False,2023-10-04,,2.57,6720.0,1
EMP0442,Team A,Marketing,Marketing Specialist,EMP0280,Branch-East,2025-12-01,160.0,163.6,6.8,0.2,10,300,78.3,4,False,2022-02-19,,3.89,5735.4,1
EMP0029,Team I,Sales,Sales Manager,EMP0047,HQ,2025-12-01,160.0,161.0,1.0,2.2,8,2500,69.0,1,True,2024-10-22,2026-02-25,2.58,8450.0,1
EMP0094,Team E,Sales,Sales Manager,EMP0480,Branch-East,2026-02-01,160.0,156.5,2.0,0.3,8,2500,87.6,1,False,2022-10-05,,4.45,8294.0,1
EMP0287,Team D,Sales,SDR,EMP0033,Branch-West,2026-01-01,160.0,165.7,7.1,5.4,34,150,84.3,2,False,2025-01-08,,2.69,4937.8,1
EMP0478,Team C,Sales,Account Executive,EMP0457,HQ,2026-07-01,160.0,157.8,3.1,3.2,15,2000,63.6,1,False,2025-12-26,,3.98,6498.0,1
EMP0489,Team C,Marketing,Marketing Specialist,EMP0471,Remote,2026-08-01,160.0,154.6,0.3,3.9,6,300,81.6,1,False,2024-06-30,,4.05,5116.65,1
EMP0345,Team H,Sales,Sales Manager,EMP0301,Remote,2025-10-01,160.0,151.0,0.4,0.7,13,2500,84.4,1,False,2022-01-29,,4.29,7883.2,1
EMP0427,Team G,Sales,Account Executive,EMP0482,HQ,2026-04-01,160.0,145.9,2.9,1.8,16,2000,77.6,3,False,2021-11-10,,3.84,6010.0,1
EMP0095,Team D,Operations,Ops Analyst,EMP0177,Branch-West,2026-02-01,160.0,157.6,7.6,,67,40,48.4,0,False,2024-03-12,,3.66,5408.0,1
EMP0399,Team G,Operations,Ops Analyst,EMP0061,HQ,2026-02-01,160.0,155.5,1.4,1.7,57,40,87.4,0,False,2025-12-09,,3.08,5043.2,1
EMP0472,Team A,Marketing,Marketing Specialist,EMP0471,Remote,2026-03-01,160.0,153.4,11.4,3.2,14,300,79.5,0,False,2023-02-14,,3.54,5626.5,1
EMP0169,Team J,Engineering,Data Engineer,EMP0301,,2026-08-01,160.0,167.3,13.3,1.1,15,0,93.4,1,False,2023-06-29,,3.96,11235.0,1
EMP0477,Team F,Engineering,DevOps Engineer,EMP0102,Remote,2026-05-01,160.0,150.2,11.0,0.3,16,0,78.2,2,False,2025-09-07,,3.64,9668.6,1
EMP0305,Team G,Support,Support Lead,EMP0376,Remote,2026-04-01,160.0,154.7,0.6,0.3,87,60,86.5,1,False,2022-09-18,,3.52,5290.4,1
EMP0259,Team F,Sales,SDR,EMP0147,Remote,2025-10-01,160.0,158.8,1.3,0.6,48,150,91.4,1,False,2024-09-25,,3.58,4501.0,1
EMP0289,Team B,Engineering,DevOps Engineer,EMP0480,Remote,2025-10-01,160.0,154.6,19.5,0.2,14,0,,0,False,2023-10-15,,2.83,10663.3,1
EMP0100,Team F,Engineering,Developer,EMP0480,Branch-West,2025-12-01,160.0,165.3,5.3,1.1,13,0,66.0,1,False,2023-06-05,,3.07,9528.75,1
EMP0452,Team C,Sales,SDR,EMP0085,Remote,2026-02-01,160.0,160.5,0.5,0.1,42,150,81.2,0,False,2025-12-27,,3.74,4515.0,1
EMP0225,Team I,Engineering,Data Engineer,EMP0351,HQ,2026-08-01,160.0,161.9,7.7,1.0,20,0,48.4,1,False,2021-12-22,,4.32,10407.0,1
EMP0351,Team F,Sales,Sales Manager,,Branch-West,2026-03-01,160.0,160.7,0.7,0.4,12,2500,70.7,3,False,2022-07-22,,3.62,8411.0,1
EMP0484,Team J,Support,Support Agent,EMP0450,Remote,2026-06-01,160.0,165.0,8.9,,111,50,94.5,0,False,2022-10-05,,4.04,4280.4,1
EMP0099,Team J,Engineering,Data Engineer,EMP0344,Branch-East,2026-08-01,160.0,166.6,25.6,2.5,16,0,89.1,1,False,2025-06-21,,4.24,12300.0,1
EMP0283,Team E,Sales,SDR,EMP0199,Branch-East,2026-02-01,160.0,156.9,19.1,1.7,35,150,87.4,0,True,2023-01-10,2026-05-03,4.08,5195.4,1
EMP0250,Team A,Operations,Ops Analyst,EMP0225,HQ,2026-05-01,160.0,163.0,4.8,0.5,54,40,96.1,3,False,2022-08-19,,3.75,5446.4,1
EMP0328,Team F,Support,Support Lead,EMP0167,Branch-East,2026-03-01,160.0,171.1,11.1,0.7,98,60,63.4,0,False,2024-09-18,,3.33,6383.5,1
EMP0442,Team A,  Marketing  ,Marketing Specialist,EMP0280,Branch-East,2026-04-01,160.0,155.5,0.6,0.4,8,300,56.8,0,False,2022-02-19,,3.61,5161.2,1
EMP0365,Team I,Marketing,Content Creator,EMP0301,HQ,2026-03-01,160.0,159.5,3.1,0.5,18,150,81.0,1,False,2024-09-30,,3.37,4924.5,1
EMP0397,Team A,Operations,Ops Analyst,EMP0301,Remote,2026-06-01,160.0,163.1,3.1,1.0,48,40,96.3,0,False,2021-08-20,,4.77,5368.0,1
EMP0146,Team I,Engineering,Developer,EMP0162,,2026-03-01,160.0,164.4,23.7,1.9,23,0,76.2,0,False,2022-10-13,,4.34,10997.25,1
EMP0140,Team I,Marketing,Marketing Specialist,EMP0482,HQ,2026-05-01,160.0,162.7,7.5,0.9,11,300,65.9,1,False,2025-07-21,,3.26,5740.35,1
EMP0026,Team F,Operations,Ops Analyst,EMP0185,Remote,2026-04-01,160.0,144.1,0.0,0.5,67,40,81.1,0,False,2025-04-06,,4.05,4611.2,1
EMP0247,Team J,Sales,Sales Manager,EMP0476,Remote,2026-03-01,160.0,162.7,2.7,2.5,9,2500,66.0,0,False,2025-10-10,,3.22,8671.0,1
EMP0094,Team E,Sales,Sales Manager,EMP0480,Branch-East,2025-12-01,160.0,158.2,4.4,2.0,7,2500,60.3,0,False,2022-10-05,,3.35,8569.6,1
EMP0384,Team G,Marketing,Marketing Specialist,EMP0480,HQ,2026-07-01,160.0,174.9,17.9,0.1,12,300,88.4,0,False,2025-06-13,,3.35,6657.75,1
EMP0218,Team D,Operations,Ops Coordinator,EMP0147,HQ,2025-12-01,160.0,160.7,0.7,0.4,55,35,50.6,6,False,2022-05-08,,4.08,4367.25,1
EMP0277,Team A,Operations,Ops Coordinator,EMP0480,HQ,2026-06-01,160.0,158.1,18.2,2.1,71,35,49.7,3,False,2024-02-14,,2.66,5005.8,1
EMP0024,Team G,Sales,SDR,EMP0434,Remote,2026-04-01,160.0,136.9,2.1,0.3,47,150,54.8,1,False,2024-05-13,,3.08,3921.4,1
EMP0372,Team H,Engineering,Data Engineer,EMP0301,HQ,2025-09-01,160.0,153.4,14.3,1.6,13,0,74.3,0,False,2022-07-05,,3.01,10491.0,1
EMP0175,Team D,Support,Support Lead,EMP0344,HQ,2026-03-01,160.0,156.7,7.6,1.9,106,60,70.4,5,False,2022-10-14,,5.0,5715.4,1
EMP0492,Team B,Support,Support Lead,EMP0162,Remote,2026-08-01,160.0,147.2,16.2,0.6,78,60,45.6,3,False,2022-05-06,,3.88,5831.0,1
EMP0289,Team B,Engineering,DevOps Engineer,EMP0480,Remote,2025-09-01,160.0,160.1,0.4,1.7,14,0,26.0,0,False,2023-10-15,,3.28,9320.6,1
EMP0093,Team G,Operations,Ops Coordinator,EMP0147,Remote,2026-06-01,160.0,146.7,6.0,0.3,68,35,62.3,0,False,2022-12-17,,2.89,4203.9,1
EMP0301,Team I,Engineering,DevOps Engineer,EMP0450,Remote,2026-05-01,160.0,166.6,8.3,5.9,16,0,89.7,1,False,2022-05-13,,2.39,10384.9,1
EMP0026,Team F,Operations,Ops Analyst,EMP0185,Remote,2026-08-01,160.0,148.6,2.8,0.7,51,40,78.1,0,False,2025-04-06,,,4889.6,1
EMP0068,Team J,Operations,Ops Analyst,EMP0434,Remote,2026-05-01,160.0,166.1,19.3,0.6,47,40,74.8,0,False,2024-04-02,,4.42,6241.6,1
EMP0466,Team F,Sales,SDR,EMP0422,Remote,2026-08-01,160.0,159.0,3.6,0.7,43,150,87.0,0,False,2025-03-16,,3.98,4603.2,1
EMP0190,Team D,Engineering,QA Engineer,EMP0259,Remote,2025-11-01,160.0,140.0,9.4,1.8,28,0,75.4,0,False,2022-09-18,,3.63,6472.2,1
EMP0308,Team B,Sales,Sales Manager,EMP0177,HQ,2026-04-01,160.0,164.4,8.6,0.5,14,2500,82.3,2,False,2025-11-07,,3.01,9219.6,1
EMP0116,Team G,Marketing,Marketing Specialist,EMP0162,Remote,2026-03-01,160.0,161.2,1.2,0.7,12,300,84.7,4,False,2024-08-31,,4.16,5379.0,1
EMP0488,Team I,Engineering,QA Engineer,EMP0480,HQ,2026-03-01,160.0,161.2,1.2,0.8,24,0,89.5,1,False,2023-12-14,,4.85,6846.0,1
EMP0357,  Team D  ,Engineering,Developer,EMP0309,HQ,2026-05-01,160.0,147.6,2.0,1.6,15,0,90.5,0,False,2025-04-27,,4.39,8283.0,1
EMP0431,Team D,Engineering,QA Engineer,EMP0225,Remote,2026-01-01,160.0,153.7,4.1,5.0,29,0,80.9,3,False,2024-08-13,,4.41,6713.7,1
EMP0401,Team D,Engineering,Data Engineer,EMP0071,HQ,2025-11-01,160.0,151.2,1.2,0.4,17,0,91.4,2,False,2023-05-29,,3.19,9180.0,1
EMP0373,Team B,Engineering,QA Engineer,EMP0006,HQ,2026-07-01,160.0,132.6,30.3,1.0,27,0,83.1,1,False,2021-12-23,,3.41,7478.1,1
EMP0308,Team B,Sales,Sales Manager,EMP0177,HQ,2026-01-01,160.0,165.6,5.6,3.3,9,2500,59.3,0,False,2025-11-07,,4.27,9048.0,1
EMP0190,Team D,Engineering,QA Engineer,EMP0259,Remote,2026-04-01,160.0,155.4,11.9,1.9,28,0,54.0,0,False,2022-09-18,,4.31,7276.5,1
EMP0062,Team D,Engineering,QA Engineer,EMP0187,Branch-West,2026-01-01,160.0,162.5,22.3,0.4,25,0,87.6,2,False,2024-11-23,,4.6,8229.9,1
EMP0248,Team H,Marketing,Marketing Specialist,EMP0061,HQ,2026-03-01,160.0,167.6,7.6,0.1,13,300,46.9,8,False,2022-06-20,,4.5,5907.0,1
EMP0446,Team G,Marketing,Content Creator,EMP0061,Remote,2026-05-01,160.0,154.7,4.2,2.2,26,150,84.8,0,False,2022-06-10,,2.77,4830.0,1
EMP0188,Team E,Sales,Account Executive,EMP0420,Branch-East,2026-08-01,160.0,161.4,1.4,1.2,9,2000,92.3,0,False,2025-09-26,,2.49,6540.0,1
EMP0164,Team E,Sales,Sales Manager,EMP0422,Remote,2026-02-01,160.0,158.6,4.1,0.0,11,2500,90.2,1,False,2023-03-02,,3.29,8567.0,1
EMP0253,Team G,Operations,Ops Coordinator,EMP0450,HQ,2025-11-01,160.0,140.7,0.8,1.7,67,35,75.3,0,False,2022-07-28,,3.82,3831.3,1
EMP0025,Team B,Sales,SDR,EMP0077,Remote,2026-05-01,160.0,167.0,7.0,0.2,31,150,,0,False,2021-10-07,,3.74,4970.0,1
EMP0086,Team H,Sales,Sales Manager,EMP0217,Branch-East,2025-11-01,160.0,161.6,1.6,1.3,13,2500,42.1,0,False,2023-08-16,,3.78,8528.0,1
EMP0455,Team B,engineering,DevOps Engineer,EMP0251,Remote,2026-07-01,160.0,162.9,2.9,5.0,15,0,59.4,2,False,2025-01-25,,4.67,9700.5,1
EMP0124,Team D,Engineering,QA Engineer,EMP0085,Remote,2026-06-01,160.0,153.4,0.9,1.1,27,0,81.9,0,False,2022-06-11,,4.4,6499.5,1
EMP0114,Team A,Operations,Ops Coordinator,EMP0309,Remote,2025-11-01,160.0,159.3,6.5,4.5,63,35,79.8,0,False,2025-11-30,,,4564.35,1
EMP0195,Team I,Sales,Account Executive,EMP0453,HQ,2026-04-01,160.0,159.3,26.4,2.1,16,2000,81.3,0,False,2025-07-05,,3.71,7956.0,1
EMP0056,Team B,Marketing,Content Creator,EMP0301,Remote,2026-07-01,160.0,168.7,8.7,0.2,20,150,80.9,1,False,2024-02-12,,3.27,5452.5,1
EMP0417,Team E,Engineering,Developer,EMP0450,,2025-11-01,160.0,164.4,4.4,0.8,23,0,77.8,7,False,2022-10-07,,3.76,9405.0,1
EMP0049,Team C,  Sales  ,SDR,EMP0225,Remote,2026-03-01,160.0,160.6,0.8,3.6,30,150,80.4,6,False,2025-12-31,,3.23,4530.4,1
EMP0221,Team D,Support,Support Agent,EMP0420,HQ,2026-02-01,160.0,158.6,22.1,2.9,76,50,61.1,2,False,2022-04-21,,3.05,4602.0,1
EMP0133,Team E,Engineering,Developer,EMP0147,HQ,2025-11-01,160.0,161.6,1.6,0.7,21,0,93.2,2,False,2025-01-07,,3.32,9020.0,1
EMP0383,Team I,Support,Support Agent,EMP0457,Remote,2026-01-01,160.0,160.4,6.2,0.1,135,50,79.0,4,False,2021-09-07,,4.19,4072.8,1
EMP0001,Team G,Sales,SDR,EMP0218,,2026-05-01,160.0,151.5,0.8,0.6,36,150,62.0,1,False,2025-02-25,,4.53,4275.6,1
EMP0340,Team E,Engineering,Data Engineer,EMP0100,Remote,2026-03-01,160.0,155.6,7.3,1.5,14,0,73.0,0,False,2021-11-09,,3.64,9993.0,1
EMP0331,Team E,Sales,SDR,EMP0449,Branch-West,2026-02-01,160.0,137.7,4.6,0.5,42,150,63.3,0,False,2025-01-10,,4.59,4048.8,1
EMP0145,Team E,Engineering,QA Engineer,EMP0453,Branch-East,2026-07-01,160.0,165.0,5.0,2.2,25,0,80.3,0,False,2024-09-23,,5.0,7245.0,1
EMP0121,Team C,Operations,Ops Coordinator,EMP0047,Remote,2026-06-01,160.0,155.7,0.8,2.7,71,35,64.7,0,False,2026-02-03,,4.11,4236.3,1
EMP0180,Team G,Engineering,QA Engineer,EMP0199,Branch-West,2026-06-01,160.0,160.6,0.6,8.7,24,0,95.5,4,False,2024-11-03,,3.89,6783.0,1
EMP0079,Team J,Sales,Account Executive,EMP0077,Branch-East,2026-04-01,160.0,139.4,4.1,0.9,14,2000,96.6,3,False,2023-01-21,,3.06,5822.0,1
EMP0102,Team E,Support,Support Lead,EMP0351,HQ,2026-04-01,160.0,163.0,3.0,3.3,79,60,92.0,3,False,2024-04-04,,4.04,5695.0,1
EMP0475,Team C,Sales,Account Executive,EMP0457,HQ,2026-04-01,160.0,160.7,13.4,0.5,8,2000,51.6,7,False,2024-06-18,,3.77,7232.0,1
EMP0252,Team G,Sales,Account Executive,EMP0033,HQ,2026-06-01,160.0,151.8,2.0,5.6,14,2000,87.7,0,False,2025-06-22,,3.69,6192.0,1
EMP0198,Team C,Marketing,Content Creator,EMP0162,Remote,2025-09-01,160.0,161.5,1.5,0.0,25,150,75.1,0,False,2024-12-29,,4.06,4912.5,1
EMP0128,Team C,Marketing,Marketing Specialist,EMP0077,HQ,2026-08-01,160.0,162.4,5.2,1.5,13,300,86.4,3,False,2022-10-12,,3.65,5616.6,1
EMP0178,Team D,Sales,Account Executive,EMP0480,Remote,2025-10-01,160.0,140.3,12.2,,15,2000,38.0,0,False,2024-12-18,,3.43,6344.0,1
EMP0470,Team F,Marketing,Marketing Specialist,EMP0450,Branch-West,2026-01-01,160.0,147.2,5.8,0.8,13,300,79.9,0,False,2022-02-18,,3.19,5144.7,1
EMP0045,Team H,Engineering,DevOps Engineer,EMP0225,Remote,2025-12-01,160.0,163.3,4.3,,6,0,65.7,5,False,2023-02-23,,3.2,9845.5,1
EMP0089,Team J,Marketing,Content Creator,EMP0301,Remote,2025-10-01,160.0,161.3,1.3,0.9,17,150,59.2,0,True,2024-05-05,2025-12-02,1.94,4897.5,1
EMP0452,Team C,Sales,SDR,EMP0085,Remote,2026-08-01,160.0,164.5,10.3,1.4,50,150,49.8,0,False,2025-12-27,,3.97,5038.6,1
EMP0080,Team E,Engineering,Developer,EMP0422,Remote,2025-12-01,160.0,165.0,5.0,5.2,15,0,90.4,1,False,2024-11-08,,3.68,9487.5,1
EMP0174,Team B,Engineering,Developer,EMP0185,Branch-West,2026-04-01,160.0,149.2,18.2,2.3,19,0,55.3,5,False,2024-12-21,,4.55,9707.5,1
EMP0351,Team F,Sales,Sales Manager,,Branch-West,2026-01-01,160.0,164.1,4.1,4.5,10,2500,82.7,0,False,2022-07-22,,3.85,8853.0,1
EMP0492,Team B,Support,Support Lead,EMP0162,Remote,2026-02-01,160.0,150.9,10.9,0.0,67,60,82.1,2,False,2022-05-06,,3.17,5686.5,1
EMP0494,Team C,Engineering,Data Engineer,EMP0210,HQ,2026-02-01,160.0,157.7,1.4,0.8,24,0,71.8,0,False,2024-08-06,,2.92,9588.0,1
EMP0439,Team J,Support,Support Agent,EMP0147,Branch-East,2025-12-01,160.0,154.2,24.1,0.8,98,50,95.6,0,True,2022-11-12,2026-03-22,3.66,4568.4,1
EMP0090,Team A,Sales,SDR,EMP0280,Branch-East,2025-10-01,160.0,165.6,5.6,0.5,37,150,,0,False,2023-05-20,,4.45,4872.0,1
EMP0245,Team H,Engineering,QA Engineer,EMP0351,HQ,2026-04-01,160.0,161.9,1.9,3.2,22,0,80.8,1,False,2024-08-16,,2.5,6919.5,1
EMP0110,Team B,Engineering,DevOps Engineer,EMP0217,HQ,2025-12-01,160.0,159.3,8.3,1.0,13,0,50.0,2,False,2024-10-04,,3.82,9961.5,1
EMP0303,Team D,Sales,Sales Manager,EMP0351,Branch-West,2025-12-01,160.0,164.9,4.9,2.9,10,2500,71.3,2,False,2024-10-26,,4.23,8957.0,1
EMP0054,Team H,Marketing,Marketing Specialist,EMP0476,HQ,2025-09-01,160.0,167.9,7.9,0.3,12,300,,6,True,2023-10-07,2026-05-02,2.44,5931.75,1
EMP0413,Team I,Marketing,Content Creator,EMP0301,Branch-East,2026-02-01,160.0,156.5,0.1,,24,150,86.7,0,False,2023-10-30,,4.06,4699.5,1
EMP0344,Team A,Sales,SDR,EMP0450,Remote,2026-08-01,160.0,162.4,2.4,0.8,61,150,54.1,0,False,2022-08-19,,3.73,4648.0,1
EMP0417,Team E,Engineering,Developer,EMP0450,Remote,2025-12-01,160.0,156.5,1.0,0.3,10,0,71.4,0,False,2022-10-07,,3.46,8690.0,1
EMP0172,Team G,Engineering,Developer,EMP0071,Branch-West,2026-02-01,160.0,160.2,0.2,0.6,19,0,86.2,0,False,2024-03-09,,3.5,8827.5,1
EMP0062,Team D,Engineering,QA Engineer,EMP0187,Branch-West,2025-11-01,160.0,151.0,43.6,0.4,30,0,80.6,1,False,2024-11-23,,3.25,9088.8,1
EMP0057,Team H,Engineering,Data Engineer,EMP0245,Remote,2026-07-01,160.0,153.5,6.0,1.8,14,0,,1,False,2025-05-07,,3.02,9750.0,1
EMP0275,Team E,Sales,Sales Manager,EMP0420,Remote,2026-08-01,160.0,148.9,9.2,2.2,14,2500,69.2,0,False,2025-03-15,,4.2,8460.4,1
EMP0314,Team E,Marketing,Content Creator,EMP0422,Remote,2026-03-01,160.0,158.7,3.3,0.0,19,150,84.3,1,False,2025-11-14,,4.23,4909.5,1
EMP0035,Team H,Marketing,Content Creator,EMP0351,Remote,2025-11-01,160.0,164.8,6.9,6.8,16,150,91.8,1,False,2022-07-26,,3.58,5254.5,1
EMP0310,Team B,Engineering,DevOps Engineer,EMP0147,Remote,2025-09-01,160.0,155.6,3.0,3.1,12,0,83.6,0,True,2024-12-09,2025-10-17,2.82,9285.8,1
EMP0337,Team I,Operations,Ops Coordinator,EMP0243,Remote,2026-06-01,160.0,154.1,7.0,1.5,78,35,95.4,0,False,2022-12-31,,3.98,4444.2,1
EMP0044,Team E,Marketing,Marketing Specialist,EMP0035,Remote,2025-10-01,160.0,141.0,3.7,1.9,8,300,87.7,0,False,2023-11-14,,3.29,4836.15,1
EMP0189,Team I,Sales,SDR,EMP0218,HQ,2026-03-01,160.0,163.7,3.7,0.0,40,150,89.2,0,False,2021-12-23,,3.08,4739.0,1
EMP0393,Team J,Sales,Account Executive,EMP0476,,2026-06-01,160.0,162.9,2.9,0.2,14,2000,66.4,0,False,2024-08-12,,3.78,6690.0,1
EMP0246,Team B,Marketing,Marketing Specialist,EMP0355,HQ,2026-08-01,160.0,154.0,3.7,1.4,9,300,87.5,0,False,2024-11-20,,3.65,5265.15,1
EMP0207,Team F,Engineering,DevOps Engineer,EMP0167,Remote,2025-10-01,160.0,161.5,10.0,0.4,16,0,,3,False,2025-05-18,,3.3,10237.0,1
EMP0154,Team C,Sales,SDR,EMP0344,HQ,2025-09-01,160.0,152.4,1.7,2.4,42,150,73.4,7,False,2025-09-02,,4.94,4338.6,1
EMP0232,Team H,Sales,Sales Manager,EMP0318,HQ,2026-01-01,160.0,152.9,3.5,1.4,8,2500,34.2,0,False,2023-10-14,,4.5,8223.8,1
EMP0356,Team B,Support,Support Lead,EMP0457,Remote,2026-01-01,160.0,163.2,3.2,1.2,107,60,71.1,2,False,2026-01-04,,2.78,5712.0,1
EMP0152,Team F,ENGINEERING,QA Engineer,EMP0100,HQ,2026-01-01,160.0,151.1,13.2,0.6,24,0,89.8,2,False,2024-12-13,,3.02,7177.8,1
EMP0098,Team J,Sales,SDR,EMP0162,Branch-West,2026-03-01,160.0,157.9,1.1,1.5,43,150,96.2,0,False,2022-07-17,,3.01,4467.4,1
EMP0447,Team D,  Marketing  ,Content Creator,EMP0167,Branch-East,2026-06-01,160.0,161.5,1.5,1.3,22,150,73.8,0,False,2025-09-02,,3.01,4912.5,1
EMP0053,Team B,Marketing,Marketing Specialist,EMP0100,Remote,2026-06-01,160.0,171.3,23.2,1.0,15,300,88.2,2,False,2022-09-20,,5.0,6801.3,1
EMP0018,Team H,Sales,Sales Manager,EMP0280,Branch-East,2025-11-01,160.0,160.3,0.3,0.0,11,2500,68.0,3,False,2022-01-08,,,8359.0,1
EMP0370,Team E,Engineering,DevOps Engineer,EMP0259,HQ,2026-02-01,160.0,157.3,0.2,1.0,18,0,87.3,0,False,2025-12-26,,3.21,9140.8,1
EMP0458,Team H,Sales,SDR,EMP0177,Remote,2026-07-01,160.0,155.1,2.8,0.6,42,150,91.6,3,False,2024-02-18,,3.35,4460.4,1
EMP0437,Team B,Engineering,DevOps Engineer,EMP0035,Remote,2025-09-01,160.0,159.0,9.2,0.3,14,0,88.0,1,False,2024-12-13,,4.11,10022.4,1
EMP0058,Team D,Engineering,Developer,EMP0482,Branch-East,2025-09-01,160.0,147.5,3.1,0.3,13,0,89.8,0,False,2021-12-24,,3.71,8368.25,1
EMP0399,Team G,Operations,Ops Analyst,EMP0061,HQ,2026-08-01,160.0,151.6,0.2,0.4,65,40,89.7,0,False,2025-12-09,,3.43,4860.8,1
EMP0363,Team E,SALES,Sales Manager,EMP0277,HQ,2026-06-01,160.0,152.7,10.7,1.3,9,2500,76.6,1,False,2022-06-02,,3.88,8775.0,1
EMP0276,Team F,Sales,SDR,EMP0077,Remote,2025-12-01,160.0,149.3,1.0,1.8,47,150,66.8,1,False,2022-12-15,,,4222.4,1
EMP0333,Team A,Engineering,QA Engineer,EMP0480,Branch-West,2026-04-01,160.0,158.8,0.0,4.5,24,0,61.2,0,False,2022-09-22,,3.8,6669.6,1
EMP0408,Team A,Engineering,Data Engineer,EMP0301,Branch-West,2026-01-01,160.0,162.7,2.7,1.4,18,0,72.3,0,False,2022-03-01,,3.75,10005.0,1
EMP0221,Team D,Support,Support Agent,EMP0420,,2025-11-01,160.0,160.6,0.6,1.5,130,50,74.0,0,False,2022-04-21,,,3876.0,1
EMP0265,Team B,Marketing,Marketing Specialist,EMP0006,Branch-West,2025-11-01,160.0,154.8,4.9,1.3,8,300,77.8,0,False,2022-09-06,,3.46,5350.95,1
EMP0283,Team E,Sales,SDR,EMP0199,Branch-East,2026-03-01,160.0,162.9,2.9,2.0,28,150,84.6,1,True,2023-01-10,2026-05-03,3.97,4683.0,1
EMP0039,Team J,Support,Support Agent,EMP0300,Remote,2025-09-01,160.0,162.0,2.0,0.9,84,50,85.9,0,False,2025-06-06,,3.14,3960.0,1
EMP0086,Team H,Sales,Sales Manager,EMP0217,Branch-East,2026-04-01,160.0,160.5,0.5,0.9,12,2500,72.3,4,False,2023-08-16,,4.6,8385.0,1
EMP0187,Team C,Operations,Ops Analyst,EMP0351,HQ,2025-12-01,160.0,151.9,0.3,2.8,48,40,78.0,2,False,2025-09-30,,1.73,4875.2,1
EMP0037,Team I,Sales,Account Executive,EMP0277,Remote,2026-06-01,160.0,162.0,2.0,,15,2000,95.5,3,False,2022-07-03,,4.19,6600.0,1
EMP0265,Team B,Marketing,Marketing Specialist,EMP0006,Branch-West,2026-04-01,160.0,160.3,13.7,6.3,13,300,66.3,3,False,2022-09-06,,3.63,5968.05,1
EMP0439,Team J,Support,Support Agent,EMP0147,Branch-East,2026-02-01,160.0,160.6,0.6,1.1,129,50,41.4,6,True,2022-11-12,2026-03-22,2.76,3876.0,1
EMP0111,Team I,Engineering,Developer,EMP0293,HQ,2026-04-01,160.0,167.9,12.4,0.0,22,0,60.6,3,False,2023-08-02,,3.98,10257.5,1
EMP0269,Team D,Sales,SDR,EMP0100,HQ,2026-07-01,160.0,166.4,13.6,0.1,38,150,80.6,0,False,2022-01-05,,,5230.4,1
EMP0408,  Team A  ,Engineering,Data Engineer,EMP0301,Branch-West,2025-10-01,160.0,165.8,5.8,2.7,18,0,65.2,0,False,2022-03-01,,3.62,10470.0,1
EMP0134,Team F,Sales,Sales Manager,EMP0193,Remote,2026-08-01,160.0,167.0,7.0,,11,2500,,1,False,2023-03-16,,2.86,9230.0,1
EMP0219,Team A,Support,Support Agent,EMP0480,Branch-East,2025-11-01,160.0,158.9,1.6,0.1,166,50,70.1,1,False,2021-12-22,,3.22,3871.2,1
EMP0466,Team F,Sales,SDR,EMP0422,Remote,2025-11-01,160.0,162.9,2.9,1.2,48,150,86.6,2,False,2025-03-16,,3.46,4683.0,1
EMP0268,Team G,Support,Support Lead,EMP0147,HQ,2026-02-01,160.0,163.1,3.1,6.4,130,60,82.2,2,False,2022-06-15,,3.69,5703.5,1
EMP0345,Team H,Sales,Sales Manager,EMP0301,Remote,2025-11-01,160.0,151.9,0.2,2.7,11,2500,65.2,5,False,2022-01-29,,4.35,7914.4,1
EMP0430,Team I,Engineering,Data Engineer,EMP0318,HQ,2026-04-01,160.0,160.1,0.1,4.0,11,0,76.3,2,False,2025-11-18,,3.11,9615.0,1
EMP0491,Team B,Sales,Sales Manager,EMP0193,Remote,2026-02-01,160.0,159.7,7.0,10.6,9,2500,46.4,4,False,2023-07-23,,3.78,8850.4,1
EMP0118,Team F,Engineering,QA Engineer,EMP0392,HQ,2026-01-01,160.0,160.8,18.4,0.7,30,0,89.0,0,False,2023-06-17,,3.84,7912.8,1
EMP0304,Team F,Support,Support Lead,EMP0457,HQ,2026-03-01,160.0,161.9,1.9,2.6,92,60,38.1,1,False,2022-04-22,,3.74,5601.5,1
EMP0306,Team H,Marketing,Content Creator,EMP0333,HQ,2026-01-01,160.0,151.8,19.1,0.7,25,150,68.2,7,False,2025-10-08,,3.44,5413.5,1
EMP0143,Team G,Sales,SDR,EMP0047,HQ,2025-10-01,160.0,162.8,2.8,1.8,43,150,77.7,1,False,2022-05-23,,3.86,4676.0,1
EMP0241,TEAM I,Marketing,Content Creator,EMP0251,HQ,2025-10-01,160.0,160.7,0.7,5.2,22,150,88.5,1,False,2021-12-06,,3.76,4852.5,1
EMP0273,Team E,Marketing,Content Creator,EMP0438,Branch-West,2026-03-01,160.0,176.7,21.5,0.9,21,150,60.6,2,False,2025-06-28,,3.58,6268.5,1
EMP0422,Team A,Operations,Ops Coordinator,EMP0147,Remote,2026-06-01,160.0,151.4,0.5,0.5,73,35,59.7,3,False,2024-02-15,,3.58,4108.05,1
EMP0147,Team A,Support,Support Lead,,Branch-West,2025-10-01,160.0,160.9,2.6,4.7,110,60,74.3,6,False,2023-04-22,,3.64,5603.2,1
EMP0088,Team E,Support,Support Agent,EMP0199,Branch-East,2026-04-01,160.0,173.0,13.0,0.7,104,50,82.5,0,False,2025-04-28,,3.46,4620.0,1
EMP0230,Team G,Support,Support Lead,EMP0280,HQ,2026-02-01,160.0,170.6,20.7,0.6,93,60,95.8,0,False,2024-09-03,,4.71,6856.1,1
EMP0301,TEAM I,Engineering,DevOps Engineer,EMP0450,Remote,2026-08-01,160.0,154.3,2.1,0.7,18,0,54.9,0,False,2022-05-13,,3.12,9132.1,1
EMP0441,Team E,Engineering,Developer,EMP0006,Branch-East,2026-02-01,160.0,160.9,0.9,1.3,18,0,90.4,2,False,2024-06-21,,3.41,8923.75,1
EMP0126,Team I,Sales,Sales Manager,EMP0077,,2026-01-01,160.0,141.6,2.5,0.9,11,2500,83.2,1,False,2024-08-28,,3.66,7558.2,1
EMP0241,Team I,Marketing,Content Creator,EMP0251,HQ,2026-05-01,160.0,161.9,1.9,0.4,24,150,21.2,1,False,2021-12-06,,3.55,4942.5,1
EMP0085,Team C,Sales,SDR,EMP0147,Remote,2026-03-01,160.0,148.4,3.4,0.3,46,150,75.1,0,False,2022-10-24,,3.43,4298.0,1
EMP0319,Team A,Engineering,QA Engineer,EMP0482,Branch-West,2025-11-01,160.0,162.2,2.2,2.7,22,0,63.5,0,False,2023-06-16,,2.65,6951.0,1
EMP0058,Team D,Engineering,Developer,EMP0482,Branch-East,2026-07-01,160.0,149.9,15.4,0.6,20,0,77.5,0,False,2021-12-24,,3.74,9515.0,1
EMP0020,Team B,Engineering,DevOps Engineer,EMP0344,HQ,2026-07-01,160.0,149.8,10.2,0.3,20,0,70.2,1,False,2025-08-14,,3.32,9575.8,1
EMP0163,Team I,Support,Support Agent,EMP0471,Branch-East,2026-06-01,160.0,156.8,1.0,2.2,151,50,95.1,2,False,2024-08-22,,3.84,3799.2,1
EMP0202,Team F,Engineering,QA Engineer,EMP0434,HQ,2025-09-01,160.0,170.4,10.4,3.5,14,0,70.8,0,False,2025-07-01,,2.52,7812.0,1
EMP0092,Team J,Support,Support Lead,EMP0333,Remote,2025-10-01,160.0,144.6,13.2,0.7,104,60,81.1,1,False,2023-04-05,,,5589.6,1
EMP0064,Team J,Sales,Account Executive,EMP0077,Branch-East,2026-01-01,160.0,156.7,1.7,,19,2000,84.1,6,False,2021-09-07,,2.87,6370.0,1
EMP0492,Team B,Support,Support Lead,EMP0162,Remote,2026-03-01,160.0,147.5,0.3,1.6,98,60,76.7,0,False,2022-05-06,,3.86,5030.3,1
EMP0196,Team B,sales,Sales Manager,EMP0245,HQ,2026-02-01,160.0,162.9,2.9,1.6,11,2500,59.3,1,False,2024-03-06,,2.72,8697.0,1
EMP0016,Team H,Engineering,QA Engineer,EMP0147,HQ,2026-06-01,160.0,147.8,9.0,0.3,21,0,59.3,1,False,2024-01-03,,5.0,6774.6,1
EMP0329,Team B,Sales,SDR,EMP0006,Remote,2026-08-01,160.0,153.9,5.4,0.8,45,150,79.4,1,False,2026-01-16,,4.92,4536.0,1
EMP0294,Team C,Sales,Account Executive,EMP0318,Remote,2026-04-01,160.0,165.9,5.9,0.1,9,2000,42.7,9,False,2023-01-18,,3.46,6990.0,1
EMP0456,Team F,Sales,Sales Manager,EMP0351,HQ,2026-04-01,160.0,162.6,10.2,0.2,11,2500,60.3,0,False,2025-12-25,,2.83,9250.8,1
EMP0062,Team D,Engineering,QA Engineer,EMP0187,Branch-West,2026-06-01,160.0,146.9,9.5,0.6,28,0,64.3,1,False,2024-11-23,,3.19,6768.3,1
EMP0088,Team E,Support,Support Agent,EMP0199,Branch-East,2026-05-01,160.0,156.3,8.1,0.8,180,50,41.0,0,False,2025-04-28,,3.49,4042.8,1
EMP0144,Team D,Sales,Account Executive,EMP0471,HQ,2025-09-01,160.0,159.6,8.2,0.2,12,2000,71.1,0,False,2025-08-20,,3.69,6876.0,1
EMP0055,Team G,Sales,Sales Manager,EMP0392,,2026-06-01,160.0,160.2,0.2,1.5,8,2500,64.2,2,False,2025-10-15,,3.03,8346.0,1
EMP0481,Team D,Support,Support Lead,EMP0476,HQ,2025-10-01,160.0,143.9,8.9,6.0,91,60,78.6,1,False,2022-01-26,,3.65,5346.5,1
EMP0461,Team C,Engineering,DevOps Engineer,EMP0453,HQ,2026-03-01,160.0,153.9,0.5,3.6,14,0,80.6,4,False,2023-10-09,,4.09,8969.7,1
EMP0488,Team I,Engineering,QA Engineer,EMP0480,HQ,2025-10-01,160.0,161.2,1.2,0.7,22,0,86.4,0,False,2023-12-14,,3.07,6846.0,1
EMP0365,Team I,Marketing,Content Creator,EMP0301,HQ,2026-04-01,160.0,146.1,0.3,0.5,14,150,68.5,0,False,2024-09-30,,3.58,4396.5,1
EMP0275,Team E,Sales,Sales Manager,EMP0420,Remote,2026-01-01,160.0,146.1,4.3,2.3,10,2500,67.8,0,False,2025-03-15,,3.9,7932.6,1
EMP0255,Team F,Engineering,DevOps Engineer,EMP0243,HQ,2026-07-01,160.0,158.4,8.0,3.0,13,0,54.7,0,False,2024-02-04,,4.07,9883.2,1
EMP0442,Team A,Marketing,Marketing Specialist,EMP0280,Branch-East,2025-10-01,160.0,156.6,0.2,0.2,10,300,85.9,0,False,2022-02-19,,3.17,5177.7,1
EMP0185,Team B,ENGINEERING,QA Engineer,EMP0450,HQ,2025-11-01,160.0,160.9,0.9,0.6,32,0,76.7,3,False,2025-08-09,,4.51,6814.5,1
EMP0065,Team C,Engineering,DevOps Engineer,EMP0199,HQ,2025-11-01,160.0,159.7,0.2,1.1,10,0,88.3,4,False,2025-05-06,,3.77,9280.0,1
EMP0308,Team B,Sales,Sales Manager,EMP0177,HQ,2026-06-01,160.0,162.0,2.0,1.3,9,2500,,0,False,2025-11-07,,3.35,8580.0,1
EMP0064,Team J,Sales,Account Executive,EMP0077,Branch-East,2026-07-01,160.0,149.7,5.2,0.1,15,2000,87.3,3,False,2021-09-07,,2.4,6300.0,1
EMP0364,Team H,Sales,Account Executive,EMP0243,HQ,2026-03-01,160.0,162.1,2.1,5.1,12,2000,86.1,0,False,2023-08-09,,3.69,6610.0,1
EMP0404,Team I,Operations,Ops Analyst,EMP0167,HQ,2026-03-01,160.0,162.3,4.0,1.6,57,40,74.0,0,False,2022-03-08,,3.69,5385.6,1
EMP0312,Team B,Engineering,DevOps Engineer,EMP0320,Branch-West,2026-03-01,160.0,162.1,19.3,0.4,14,0,62.3,0,False,2023-02-28,,4.2,11080.9,1
EMP0209,Team D,Engineering,Developer,EMP0422,HQ,2026-07-01,160.0,161.0,1.5,0.3,25,0,74.7,8,False,2026-01-08,,3.59,8978.75,1
EMP0256,Team F,Sales,Account Executive,EMP0300,Remote,2025-12-01,160.0,162.9,2.9,0.8,12,2000,84.0,1,True,2025-12-14,2026-04-05,2.95,6690.0,1
EMP0319,Team A,Engineering,QA Engineer,EMP0482,Branch-West,2026-05-01,160.0,158.7,2.7,0.8,24,0,75.9,0,False,2023-06-16,,3.71,6835.5,1
EMP0380,Team G,Engineering,Developer,EMP0318,HQ,2026-03-01,160.0,160.4,0.4,0.5,20,0,95.9,0,False,2021-10-15,,3.36,8855.0,1
EMP0292,Team A,Engineering,QA Engineer,EMP0225,Remote,2026-01-01,160.0,157.7,2.4,0.3,29,0,62.2,1,False,2023-01-21,,3.25,6774.6,1
EMP0093,Team G,Operations,Ops Coordinator,EMP0147,Remote,2026-04-01,160.0,154.8,2.2,,67,35,87.8,1,False,2022-12-17,,3.55,4268.7,1
EMP0055,Team G,Sales,Sales Manager,EMP0392,Branch-East,2026-05-01,160.0,160.6,4.4,3.0,8,2500,65.2,0,False,2025-10-15,,3.51,8694.4,1
EMP0395,Team C,Sales,SDR,EMP0376,Remote,2026-01-01,160.0,150.7,3.7,0.4,32,150,64.3,0,False,2021-09-13,,3.8,4375.0,1
EMP0189,Team I,Sales,SDR,EMP0218,HQ,2025-11-01,160.0,144.9,6.3,0.8,51,150,77.9,0,False,2021-12-23,,3.74,4321.8,1
EMP0203,Team B,Engineering,DevOps Engineer,EMP0280,,2026-01-01,160.0,159.5,3.2,0.4,13,0,91.0,0,False,2025-08-16,,3.42,9529.4,1
EMP0230,Team G,Support,Support Lead,EMP0280,HQ,2026-06-01,160.0,152.4,4.3,0.3,101,60,91.0,2,False,2024-09-03,,3.13,5400.9,1
EMP0187,Team C,Operations,Ops Analyst,EMP0351,HQ,2026-05-01,160.0,152.2,24.0,0.4,63,40,63.0,6,False,2025-09-30,,3.26,6022.4,1
EMP0163,Team I,Support,Support Agent,EMP0471,Branch-East,2026-07-01,160.0,161.8,1.8,3.9,108,50,94.7,1,False,2024-08-22,,3.69,3948.0,1
EMP0363,Team E,Sales,Sales Manager,EMP0277,HQ,2026-07-01,160.0,163.0,3.0,0.2,11,2500,46.2,1,False,2022-06-02,,3.8,8710.0,1
EMP0487,Team H,Engineering,QA Engineer,EMP0355,Remote,2026-06-01,160.0,160.1,0.1,0.9,31,0,,0,True,2022-10-01,2026-07-11,1.96,6730.5,1
EMP0209,Team D,Engineering,Developer,EMP0422,HQ,2026-08-01,160.0,152.3,0.3,5.8,18,0,91.3,0,False,2026-01-08,,3.59,8401.25,1
EMP0442,Team A,Marketing,Marketing Specialist,EMP0280,Branch-East,2026-08-01,160.0,154.6,0.3,0.3,13,300,84.1,2,False,2022-02-19,,3.61,5116.65,1
EMP0369,Team F,Engineering,Developer,EMP0100,Remote,2025-11-01,160.0,160.5,0.8,1.0,20,0,78.0,4,False,2023-07-03,,4.18,8893.5,1
EMP0456,Team F,Sales,Sales Manager,EMP0351,HQ,2026-03-01,160.0,164.3,4.3,5.1,10,2500,86.4,2,False,2025-12-25,,3.48,8879.0,1
EMP0178,Team D,Sales,Account Executive,EMP0480,Remote,2025-09-01,160.0,161.0,10.6,2.7,21,2000,74.8,0,False,2024-12-18,,3.82,7076.0,1
EMP0085,Team C,Sales,SDR,EMP0147,Remote,2025-11-01,160.0,160.7,3.6,1.7,42,150,59.9,1,False,2022-10-24,,4.82,4650.8,1
EMP0061,Team J,Sales,Account Executive,EMP0193,Branch-East,2025-12-01,160.0,146.8,4.9,1.8,5,2000,68.2,4,False,2021-08-20,,3.07,6166.0,1
EMP0218,Team D,Operations,Ops Coordinator,EMP0147,HQ,2026-06-01,160.0,165.7,14.3,0.2,71,35,74.8,1,False,2022-05-08,,,5053.05,1
EMP0400,Team A,Operations,Ops Coordinator,EMP0434,HQ,2025-10-01,160.0,158.4,31.9,0.4,102,35,65.3,2,False,2022-01-07,,3.74,5568.75,1
EMP0431,Team D,Engineering,QA Engineer,EMP0225,Remote,2026-06-01,160.0,163.1,3.1,5.4,28,0,53.5,3,False,2024-08-13,,3.5,7045.5,1
EMP0438,Team C,Operations,Ops Analyst,EMP0147,HQ,2025-09-01,160.0,154.1,7.8,1.4,52,40,79.5,1,False,2022-07-07,,3.45,5305.6,1
EMP0158,Team J,Operations,Ops Analyst,EMP0006,Branch-West,2026-02-01,160.0,168.7,8.7,0.6,51,40,73.0,2,False,2023-12-14,,,5816.0,1
EMP0433,Team E,Support,Support Agent,EMP0100,Branch-West,2026-07-01,160.0,174.0,14.0,3.2,112,50,86.2,1,False,2022-08-29,,4.2,4680.0,1
EMP0295,Team F,Engineering,Developer,EMP0035,Remote,2025-12-01,160.0,165.9,9.1,1.2,19,0,72.9,1,False,2023-06-07,,4.82,9875.25,1
EMP0280,Team I,Operations,Ops Coordinator,EMP0193,Branch-East,2026-06-01,160.0,156.6,2.3,2.1,75,35,76.0,1,False,2022-01-05,,3.06,4321.35,1
EMP0108,Team J,Operations,Ops Analyst,EMP0061,Branch-East,2026-01-01,160.0,161.1,1.1,6.2,51,40,85.0,2,False,2022-03-17,,3.52,5208.0,1
EMP0177,Team A,Support,Support Agent,EMP0351,HQ,2026-02-01,160.0,153.5,3.2,2.6,117,50,77.8,0,False,2023-11-30,,2.94,3799.2,1
EMP0496,Team E,Sales,Account Executive,EMP0303,HQ,2026-03-01,160.0,150.7,11.7,1.8,14,2000,86.4,1,False,2023-10-04,,4.1,6730.0,1
EMP0129,Team J,Engineering,DevOps Engineer,EMP0033,Remote,2026-03-01,160.0,161.5,1.5,2.4,15,0,73.3,0,False,2022-04-11,,3.59,9497.5,1
EMP0463,Team F,Operations,Ops Analyst,EMP0453,HQ,2025-09-01,160.0,166.0,6.0,2.3,67,40,71.2,1,False,2025-07-16,,3.13,5600.0,1
EMP0482,Team H,Support,Support Lead,EMP0450,Remote,2026-02-01,160.0,158.2,0.7,6.6,132,60,44.0,0,False,2024-06-22,,2.77,5414.5,1
EMP0182,Team H,Engineering,Developer,EMP0217,Branch-East,2026-05-01,160.0,151.1,4.3,2.6,21,0,47.9,6,False,2025-08-26,,3.44,8665.25,1
EMP0431,Team D,Engineering,QA Engineer,EMP0225,Remote,2026-02-01,160.0,169.8,9.8,2.2,23,0,81.0,5,False,2024-08-13,,3.54,7749.0,1
EMP0103,Team I,Sales,Sales Manager,EMP0035,Remote,2026-02-01,160.0,168.3,16.6,0.3,12,2500,45.4,5,False,2021-12-02,,3.7,10046.4,1
EMP0333,Team A,Engineering,QA Engineer,EMP0480,Branch-West,2025-10-01,160.0,142.8,10.5,1.5,24,0,66.7,1,False,2022-09-22,,4.27,6659.1,1
EMP0133,Team E,Engineering,Developer,EMP0147,HQ,2026-06-01,160.0,162.0,23.0,4.0,18,0,77.5,3,False,2025-01-07,,4.32,10807.5,1
EMP0048,Team J,Sales,Account Executive,EMP0217,Remote,2025-12-01,160.0,180.2,25.2,1.9,10,2000,86.4,3,False,2023-11-16,,2.96,8720.0,1
EMP0357,Team D,Engineering,Developer,EMP0309,HQ,2025-10-01,160.0,167.6,13.3,2.4,18,0,57.8,0,False,2025-04-27,,3.77,10315.25,1
EMP0164,Team E,Sales,Sales Manager,EMP0422,Remote,2026-04-01,160.0,173.3,19.4,1.7,11,2500,81.6,0,False,2023-03-02,,3.29,10524.8,1
EMP0471,Team D,Engineering,QA Engineer,EMP0147,Branch-East,2025-10-01,160.0,149.2,3.1,2.6,22,0,98.4,0,False,2024-07-01,,3.58,6461.7,1
EMP0435,Team A,Engineering,QA Engineer,EMP0277,,2026-08-01,160.0,179.7,40.4,4.1,22,0,89.4,2,False,2025-06-23,,3.72,10092.6,1
EMP0269,Team D,Sales,SDR,EMP0100,HQ,2026-05-01,160.0,166.0,6.0,0.0,49,150,68.9,1,False,2022-01-05,,3.43,4900.0,1
EMP0261,Team B,SUPPORT,Support Lead,EMP0480,HQ,2026-07-01,160.0,148.3,0.8,0.0,91,60,82.8,8,False,2023-09-20,,2.95,5083.0,1
EMP0266,Team I,Operations,Ops Coordinator,EMP0033,HQ,2026-08-01,160.0,160.7,0.7,0.8,78,35,90.9,0,False,2024-05-19,,3.85,4367.25,1
EMP0138,Team F,Support,Support Lead,EMP0245,Remote,2026-04-01,160.0,153.8,2.3,0.1,104,60,82.1,0,False,2024-02-26,,,5346.5,1
EMP0075,Team H,Support,Support Agent,EMP0420,Remote,2026-05-01,160.0,163.2,3.2,2.0,154,50,56.4,4,False,2021-11-30,,,4032.0,1
EMP0374,Team H,Support,Support Agent,EMP0344,Branch-West,2026-05-01,160.0,164.1,4.1,1.6,120,50,78.7,0,False,2022-05-23,,3.15,4086.0,1
EMP0495,Team E,Sales,Sales Manager,EMP0476,Remote,2025-12-01,160.0,151.8,8.3,0.5,11,2500,75.2,0,False,2025-09-22,,3.62,8541.0,1
EMP0088,TEAM E,Support,Support Agent,EMP0199,Branch-East,2025-09-01,160.0,164.3,4.3,1.5,122,50,91.9,0,False,2025-04-28,,3.92,4098.0,1
EMP0115,Team A,Support,Support Agent,EMP0085,Remote,2025-12-01,160.0,157.4,5.3,0.6,81,50,81.1,1,False,2023-09-29,,4.22,3968.4,1
EMP0101,TEAM A,Engineering,QA Engineer,EMP0457,Branch-East,2026-02-01,160.0,166.3,6.3,0.7,26,0,68.7,1,False,2021-09-29,,3.14,7381.5,1
EMP0135,Team C,Marketing,Content Creator,EMP0471,,2025-09-01,160.0,163.5,18.7,1.6,23,150,44.1,2,False,2021-10-07,,5.0,5746.5,1
EMP0055,Team G,Sales,Sales Manager,EMP0392,Branch-East,2025-11-01,160.0,160.4,0.4,3.3,14,2500,64.8,0,False,2025-10-15,,4.06,8372.0,1
EMP0111,Team I,Engineering,Developer,EMP0293,HQ,2025-10-01,160.0,150.5,7.2,1.7,22,0,92.4,2,False,2023-08-02,,3.69,8871.5,1
EMP0114,Team A,Operations,Ops Coordinator,EMP0309,Remote,2026-04-01,160.0,161.3,1.3,1.3,44,35,,0,False,2025-11-30,,3.22,4407.75,1
EMP0491,TEAM B,Sales,Sales Manager,EMP0193,Remote,2026-06-01,160.0,159.7,6.0,6.5,7,2500,88.6,1,False,2023-07-23,,4.13,8772.4,1
EMP0279,Team J,Support,Support Lead,EMP0320,HQ,2026-08-01,160.0,143.8,8.5,0.4,94,60,59.1,1,False,2024-01-02,,3.37,5322.7,1
EMP0226,Team G,Engineering,DevOps Engineer,EMP0392,HQ,2026-07-01,160.0,155.7,3.5,4.6,12,0,77.7,0,False,2025-12-09,,1.22,9335.1,1
EMP0411,Team G,Sales,Account Executive,EMP0100,Remote,2026-08-01,160.0,168.1,8.1,0.4,18,2000,,2,False,2025-11-25,,3.55,7210.0,1
EMP0006,Team E,Engineering,Developer,EMP0351,HQ,2026-05-01,160.0,153.4,1.7,0.7,22,0,77.4,1,False,2023-08-19,,,8577.25,1
EMP0297,Team F,Operations,Ops Coordinator,EMP0185,HQ,2025-09-01,160.0,163.3,3.3,0.9,68,35,81.4,0,False,2022-01-30,,3.07,4542.75,1
EMP0193,Team E,Marketing,Content Creator,,HQ,2025-09-01,160.0,151.8,2.1,,24,150,46.9,4,False,2023-03-18,,4.41,4648.5,1
EMP0266,Team I,Operations,Ops Coordinator,EMP0033,HQ,2026-01-01,160.0,160.0,5.6,0.3,77,35,42.3,0,False,2024-05-19,,3.99,4546.8,1
EMP0499,Team C,marketing,Marketing Specialist,EMP0177,HQ,2026-04-01,160.0,161.5,1.5,2.9,7,300,49.8,7,False,2025-03-25,,4.07,5403.75,1
EMP0109,Team G,Engineering,DevOps Engineer,EMP0450,HQ,2025-11-01,160.0,152.9,25.3,1.2,16,0,69.0,2,False,2023-03-05,,3.86,11069.3,1
EMP0300,Team J,Engineering,QA Engineer,EMP0480,HQ,2026-08-01,160.0,155.6,3.6,0.0,29,0,54.2,0,False,2024-10-03,,2.84,6762.0,1
EMP0325,Team B,Marketing,Content Creator,EMP0376,Remote,2025-09-01,160.0,161.1,1.1,0.4,20,150,82.7,0,False,2024-06-07,,,4882.5,1
EMP0318,Team G,Engineering,QA Engineer,EMP0450,Remote,2025-10-01,160.0,159.6,3.6,1.5,22,0,58.6,0,False,2022-01-13,,3.99,6930.0,1
EMP0095,Team D,Operations,Ops Analyst,EMP0177,Branch-West,2025-12-01,160.0,161.9,2.2,0.0,47,40,79.9,1,False,2024-03-12,,3.84,5286.4,1
EMP0109,Team G,Engineering,DevOps Engineer,EMP0450,HQ,2026-01-01,160.0,168.9,8.9,0.6,18,0,78.6,0,False,2023-03-05,,2.78,10570.5,1
EMP0019,Team G,Sales,Account Executive,EMP0006,HQ,2026-02-01,160.0,169.0,24.4,4.4,19,2000,89.6,0,False,2025-03-26,,3.86,8224.0,1
EMP0384,Team G,Marketing,Marketing Specialist,EMP0480,HQ,2025-11-01,160.0,169.1,9.1,1.0,12,300,66.9,1,False,2025-06-13,,3.9,6030.75,1
EMP0208,Team H,Support,Support Lead,EMP0376,HQ,2026-04-01,160.0,165.4,6.3,0.9,93,60,78.5,0,False,2022-11-05,,2.69,5944.9,1
EMP0225,Team I,Engineering,Data Engineer,EMP0351,HQ,2026-06-01,160.0,157.8,19.8,0.2,20,0,,0,False,2021-12-22,,3.69,11250.0,1
EMP0371,Team H,Engineering,QA Engineer,EMP0225,Branch-East,2026-07-01,160.0,155.8,3.6,2.8,19,0,49.9,1,False,2024-02-11,,2.96,6770.4,1
EMP0495,Team E,Sales,Sales Manager,EMP0476,Remote,2026-01-01,160.0,160.0,7.7,0.3,11,2500,75.9,6,False,2025-09-22,,4.06,8920.6,1
EMP0202,Team F,Engineering,QA Engineer,EMP0434,HQ,2026-08-01,160.0,155.2,21.5,1.2,27,0,79.1,1,False,2025-07-01,,4.48,7872.9,1
EMP0391,Team G,Marketing,Marketing Specialist,EMP0293,Remote,2025-11-01,160.0,144.4,23.8,2.3,10,300,56.1,0,False,2023-05-28,,3.27,5943.3,1
EMP0149,Team J,Engineering,QA Engineer,EMP0071,,2026-04-01,160.0,150.1,12.6,1.3,33,0,26.7,0,False,2022-08-29,,3.04,7098.0,1
EMP0373,TEAM B,Engineering,QA Engineer,EMP0006,HQ,2026-04-01,160.0,156.6,5.0,2.7,27,0,57.0,4,False,2021-12-23,,4.85,6892.2,1
EMP0022,Team E,Engineering,QA Engineer,EMP0245,Remote,2026-06-01,160.0,161.4,1.4,0.3,22,0,85.6,3,False,2023-06-03,,3.93,6867.0,1
EMP0342,Team G,Sales,SDR,EMP0061,Branch-West,2026-06-01,160.0,160.4,4.8,,31,150,72.8,0,False,2023-09-30,,5.0,4692.8,1
EMP0192,Team G,Marketing,Marketing Specialist,EMP0457,HQ,2025-09-01,160.0,161.0,1.0,0.3,8,300,92.4,3,False,2024-01-17,,3.74,5362.5,1
EMP0394,Team F,Operations,Ops Coordinator,EMP0259,Remote,2026-05-01,160.0,160.1,0.1,6.8,60,35,71.9,16,False,2025-03-27,,3.78,4326.75,1
EMP0455,Team B,Engineering,DevOps Engineer,EMP0251,Remote,2026-05-01,160.0,161.5,1.5,1.2,15,0,92.9,2,False,2025-01-25,,3.91,9497.5,1
EMP0141,Team B,Marketing,Marketing Specialist,EMP0318,Remote,2026-03-01,160.0,157.3,8.0,0.3,8,300,,5,False,2025-10-26,,2.87,5586.9,1
EMP0218,Team D,Operations,Ops Coordinator,EMP0147,HQ,2026-01-01,160.0,149.3,6.5,3.1,42,35,81.8,1,False,2022-05-08,,3.1,4294.35,1
EMP0071,Team E,Operations,Ops Analyst,EMP0193,HQ,2026-01-01,160.0,158.0,2.4,0.4,68,40,57.8,0,False,2022-11-07,,3.46,5171.2,1
EMP0113,Team F,Marketing,Content Creator,EMP0476,Remote,2026-06-01,160.0,156.1,2.3,0.6,18,150,50.3,5,False,2025-12-11,,4.53,4786.5,1
EMP0439,Team J,Support,Support Agent,EMP0147,Branch-East,2025-09-01,160.0,147.0,0.3,0.2,114,50,79.9,0,True,2022-11-12,2026-03-22,3.55,3538.8,1
EMP0301,Team I,Engineering,DevOps Engineer,EMP0450,Remote,2025-09-01,160.0,164.6,4.6,2.7,13,0,82.8,1,False,2022-05-13,,4.11,9947.0,1
EMP0177,Team A,Support,Support Agent,EMP0351,HQ,2026-05-01,160.0,160.9,3.8,,109,50,89.4,2,False,2023-11-30,,3.11,3998.4,1
EMP0294,Team C,Sales,Account Executive,EMP0318,Remote,2025-10-01,160.0,160.7,6.7,1.4,16,2000,70.2,0,False,2023-01-18,,3.54,6830.0,1
EMP0105,Team F,Marketing,Marketing Specialist,EMP0303,HQ,2025-12-01,160.0,163.9,3.9,1.9,11,300,75.8,0,False,2022-11-12,,2.98,5601.75,1
EMP0424,Team G,Sales,Account Executive,EMP0471,Remote,2026-04-01,160.0,149.0,3.0,0.9,11,2000,42.9,1,False,2025-03-25,,3.21,6140.0,1
EMP0226,Team G,Engineering,DevOps Engineer,EMP0392,HQ,2026-05-01,160.0,162.3,2.3,6.5,16,0,72.6,4,False,2025-12-09,,3.25,9613.5,1
EMP0032,Team A,Engineering,QA Engineer,EMP0351,Branch-West,2025-10-01,160.0,168.1,8.1,0.5,35,0,77.1,0,False,2024-01-28,,3.73,7570.5,1
EMP0228,Team C,Sales,SDR,EMP0476,Remote,2026-08-01,160.0,166.5,6.5,,38,150,84.8,0,False,2021-12-21,,4.61,4935.0,1
EMP0142,Team E,Engineering,Developer,EMP0457,Branch-West,2026-04-01,160.0,139.9,5.1,0.2,23,0,56.9,3,False,2025-03-29,,4.39,8115.25,1
EMP0105,Team F,Marketing,Marketing Specialist,EMP0303,HQ,2025-11-01,160.0,161.2,9.0,2.5,11,300,67.4,3,False,2022-11-12,,3.56,5765.1,1
EMP0216,Team G,Engineering,DevOps Engineer,EMP0293,Remote,2025-12-01,160.0,160.2,1.9,0.4,8,0,73.7,2,False,2025-01-28,,3.86,9456.9,1
EMP0423,Team D,Engineering,QA Engineer,EMP0277,,2026-02-01,160.0,164.7,4.7,5.8,23,0,86.1,8,False,2022-02-23,,4.44,7213.5,1
EMP0175,Team D,Support,Support Lead,EMP0344,HQ,2025-11-01,160.0,159.0,1.5,0.8,99,60,59.6,0,False,2022-10-14,,3.51,5482.5,1
EMP0323,Team C,Support,Support Agent,EMP0071,Remote,2026-04-01,160.0,160.7,13.8,4.3,85,50,41.2,15,False,2023-12-31,,3.9,4353.6,1
EMP0389,Team A,Operations,Ops Analyst,EMP0006,HQ,2026-05-01,160.0,170.4,10.4,2.7,60,40,58.1,0,False,2025-05-01,,3.57,5952.0,1
EMP0278,Team G,Support,Support Agent,EMP0199,Remote,2025-12-01,160.0,166.8,31.4,0.4,67,50,84.9,5,False,2024-09-27,,3.72,5133.6,1
EMP0333,Team A,Engineering,QA Engineer,EMP0480,Branch-West,2025-12-01,160.0,170.0,10.0,4.6,23,0,65.3,0,False,2022-09-22,,3.48,7770.0,1
EMP0347,Team B,Support,Support Agent,EMP0453,HQ,2025-10-01,160.0,163.3,3.3,1.4,134,50,77.6,1,False,2023-01-12,,3.79,4038.0,1
EMP0355,Team D,Engineering,Data Engineer,EMP0193,Remote,2025-10-01,160.0,156.7,2.5,0.4,15,0,84.3,0,False,2022-01-13,,4.23,9627.0,1
EMP0151,Team J,Marketing,Marketing Specialist,EMP0245,Remote,2025-12-01,160.0,158.2,0.7,0.3,11,300,61.0,1,False,2024-07-08,,3.8,5255.25,1
EMP0191,Team E,Engineering,QA Engineer,EMP0147,Remote,2026-02-01,160.0,162.5,2.5,0.5,27,0,50.7,0,False,2023-11-14,,4.16,6982.5,1
EMP0045,Team H,Engineering,DevOps Engineer,EMP0225,Remote,2026-02-01,160.0,149.5,4.3,1.0,14,0,71.6,6,False,2023-02-23,,2.18,9045.1,1
EMP0487,Team H,Engineering,QA Engineer,EMP0355,Remote,2026-07-01,160.0,160.5,1.6,0.8,25,0,64.8,4,True,2022-10-01,2026-07-11,3.39,6841.8,1
EMP0401,Team D,Engineering,Data Engineer,EMP0071,HQ,2026-06-01,160.0,161.4,1.4,2.3,15,0,72.5,1,False,2023-05-29,,3.62,9810.0,1
EMP0304,Team F,Support,Support Lead,EMP0457,HQ,2026-01-01,160.0,144.7,0.2,0.9,124,60,62.7,0,False,2022-04-22,,3.2,4930.0,1
EMP0290,Team B,Sales,Sales Manager,EMP0453,Remote,2026-03-01,160.0,164.6,5.0,0.3,13,2500,82.8,5,False,2022-01-31,,2.6,8949.2,1
EMP0036,Team H,Operations,Ops Analyst,EMP0296,Branch-East,2026-08-01,160.0,168.3,11.2,2.7,58,40,73.3,0,False,2023-07-24,,3.4,5923.2,1
EMP0218,Team D,Operations,Ops Coordinator,EMP0147,HQ,2026-05-01,160.0,160.3,0.3,1.0,84,35,67.9,0,False,2022-05-08,,3.5,4340.25,1
EMP0114,Team A,Operations,Ops Coordinator,EMP0309,Remote,2026-06-01,160.0,162.7,2.7,2.3,76,35,92.5,0,False,2025-11-30,,3.21,4502.25,1
EMP0401,Team D,Engineering,Data Engineer,EMP0071,HQ,2026-02-01,160.0,158.9,13.1,1.1,11,0,,1,False,2023-05-29,,3.52,10713.0,1
EMP0215,Team I,Support,Support Agent,EMP0193,Branch-East,2026-08-01,160.0,159.8,4.8,,132,50,72.1,2,False,2022-11-10,,2.77,4008.0,1
EMP0182,Team H,Engineering,Developer,EMP0217,Branch-East,2025-11-01,160.0,148.6,2.4,3.2,13,0,81.5,1,False,2025-08-26,,,8371.0,1
EMP0106,Team J,Engineering,Data Engineer,EMP0309,HQ,2026-07-01,160.0,138.8,7.3,1.6,9,0,77.2,8,False,2025-03-01,,2.87,8985.0,1
EMP0247,Team J,  Sales  ,Sales Manager,EMP0476,Remote,2025-12-01,160.0,151.7,1.4,1.2,5,2500,85.1,2,False,2025-10-10,,5.0,7997.6,1
EMP0002,Team D,Marketing,Marketing Specialist,EMP0344,,2026-08-01,160.0,155.1,3.5,3.0,17,300,67.2,0,False,2022-03-21,,3.72,5291.55,1
EMP0206,Team C,Engineering,DevOps Engineer,EMP0476,HQ,2026-06-01,160.0,166.9,6.9,8.2,19,0,86.7,0,False,2025-06-19,,3.85,10280.5,1
EMP0164,Team E,Sales,Sales Manager,EMP0422,Remote,2026-06-01,160.0,162.8,18.5,4.8,9,2500,70.8,1,False,2023-03-02,,4.36,9908.6,1
EMP0267,Team F,Support,Support Agent,EMP0185,Remote,2026-03-01,160.0,150.4,0.7,1.5,141,50,63.3,1,False,2025-11-23,,2.47,3634.8,1
EMP0409,Team D,Marketing,Marketing Specialist,EMP0320,Branch-East,2026-07-01,160.0,170.0,10.8,1.9,12,300,90.0,2,False,2023-07-23,,3.45,6144.6,1
EMP0287,Team D,Sales,SDR,EMP0033,Branch-West,2026-07-01,160.0,160.9,0.9,1.7,34,150,75.1,1,False,2025-01-08,,2.93,4543.0,1
EMP0414,Team A,Sales,SDR,EMP0225,Remote,2026-03-01,160.0,146.6,3.8,0.4,45,150,65.0,1,False,2024-03-18,,3.89,4264.4,1
EMP0248,Team H,Marketing,Marketing Specialist,EMP0061,HQ,2025-10-01,160.0,152.9,7.7,0.7,14,300,66.4,0,False,2022-06-20,,4.43,5426.85,1
EMP0233,team d,Sales,Sales Manager,EMP0218,Branch-West,2025-09-01,160.0,164.9,4.9,0.2,12,2500,84.0,0,True,2022-03-08,2026-03-31,2.52,8957.0,1
EMP0046,Team A,Support,Support Agent,EMP0162,HQ,2026-08-01,160.0,170.9,10.9,3.1,131,50,76.3,1,False,2025-11-19,,,4494.0,1
EMP0108,Team J,Operations,Ops Analyst,EMP0061,Branch-East,2025-10-01,160.0,156.6,11.6,0.7,77,40,77.2,0,False,2022-03-17,,3.85,5568.0,1
EMP0009,Team C,Support,Support Lead,EMP0061,,2025-11-01,160.0,158.9,20.6,1.1,68,60,83.6,3,False,2025-06-23,,2.01,6453.2,1
EMP0143,Team G,Sales,SDR,EMP0047,HQ,2026-07-01,160.0,149.4,0.1,0.1,38,150,80.0,3,False,2022-05-23,,3.18,4187.4,1
EMP0394,Team F,Operations,Ops Coordinator,EMP0259,Remote,2026-01-01,160.0,149.6,9.6,1.0,55,35,56.9,2,False,2025-03-27,,4.21,4428.0,1
EMP0028,Team A,  Sales  ,Account Executive,EMP0047,Remote,2026-05-01,160.0,161.9,21.8,1.2,17,2000,95.5,0,False,2024-12-15,,4.1,7784.0,1
EMP0249,Team I,Marketing,Content Creator,EMP0035,Remote,2026-02-01,160.0,161.4,1.4,5.4,18,150,72.6,1,False,2023-06-24,,4.6,4905.0,1
EMP0047,Team C,Sales,Account Executive,EMP0450,Remote,2025-10-01,160.0,165.0,5.0,0.4,16,2000,78.4,0,False,2023-12-23,,3.98,6900.0,1
EMP0021,Team H,Support,Support Agent,EMP0035,Branch-East,2026-03-01,160.0,161.7,1.7,,138,50,83.2,0,False,2023-09-07,,4.36,3942.0,1
EMP0258,Team I,Support,Support Agent,EMP0210,Branch-East,2026-03-01,160.0,153.4,2.3,1.2,146,50,81.6,0,False,2025-07-29,,3.64,3764.4,1
EMP0138,Team F,Support,Support Lead,EMP0245,Remote,2025-09-01,160.0,155.8,0.6,1.5,60,60,78.8,2,False,2024-02-26,,3.16,5327.8,1
EMP0023,Team E,Engineering,QA Engineer,EMP0147,Remote,2026-03-01,160.0,161.4,1.4,2.0,29,0,81.5,2,False,2023-07-21,,3.4,6867.0,1
EMP0285,Team C,Sales,Account Executive,EMP0035,HQ,2025-12-01,160.0,161.9,10.9,2.7,11,2000,79.0,0,False,2024-09-15,,2.2,7130.0,1
EMP0060,Team J,Sales,Sales Manager,EMP0296,Remote,2026-07-01,160.0,165.7,6.0,0.5,10,2500,36.7,0,False,2025-12-17,,3.41,9084.4,1
EMP0449,Team F,Sales,Sales Manager,EMP0450,HQ,2025-12-01,160.0,142.7,4.9,0.8,10,2500,76.7,9,False,2025-01-09,,2.6,7802.6,1
EMP0225,Team I,Engineering,Data Engineer,EMP0351,HQ,2026-07-01,160.0,162.0,2.0,,14,0,96.0,1,False,2021-12-22,,3.73,9900.0,1
EMP0414,Team A,Sales,SDR,EMP0225,Remote,2026-01-01,160.0,159.0,1.7,1.9,38,150,82.1,10,False,2024-03-18,,3.66,4523.4,1
EMP0229,Team C,Marketing,Marketing Specialist,EMP0449,HQ,2025-10-01,160.0,149.2,7.3,,13,300,89.1,1,False,2024-07-13,,1.96,5284.95,1
EMP0068,Team J,Operations,Ops Analyst,EMP0434,Remote,2025-09-01,160.0,160.0,24.2,0.3,46,40,89.9,1,False,2024-04-02,,3.33,6281.6,1
EMP0334,Team G,Engineering,DevOps Engineer,EMP0450,Branch-East,2026-02-01,160.0,145.4,0.5,0.5,14,0,71.7,0,False,2023-08-04,,3.48,8476.7,1
EMP0229,Team C,Marketing,Marketing Specialist,EMP0449,HQ,2025-12-01,160.0,166.4,6.7,0.7,9,300,96.6,1,False,2024-07-13,,3.31,5822.85,1
EMP0478,Team C,Sales,Account Executive,EMP0457,HQ,2026-05-01,160.0,161.7,2.9,0.6,16,2000,55.0,3,False,2025-12-26,,3.48,6642.0,1
EMP0331,Team E,Sales,SDR,EMP0449,Branch-West,2026-06-01,160.0,161.9,1.9,0.9,36,150,61.6,3,False,2025-01-10,,3.57,4613.0,1
EMP0401,Team D,Engineering,Data Engineer,EMP0071,HQ,2026-08-01,160.0,160.6,0.6,0.6,20,0,71.9,0,False,2023-05-29,,3.44,9690.0,1
EMP0355,Team D,Engineering,Data Engineer,EMP0193,Remote,2025-11-01,160.0,154.4,1.8,1.5,23,0,37.3,2,False,2022-01-13,,3.59,9426.0,1
EMP0080,Team E,Engineering,Developer,EMP0422,Remote,2025-10-01,160.0,163.8,3.8,1.1,24,0,89.2,2,False,2024-11-08,,3.49,9322.5,1
EMP0350,  Team B  ,Support,Support Lead,EMP0167,HQ,2025-12-01,160.0,152.3,0.4,3.9,79,60,73.4,3,False,2024-03-17,,,5198.6,1
EMP0354,Team C,Engineering,QA Engineer,EMP0422,Branch-East,2026-05-01,160.0,155.5,27.5,2.9,27,0,41.1,0,False,2023-12-07,,3.94,8263.5,1
EMP0392,Team I,Sales,Account Executive,EMP0351,Branch-West,2026-08-01,160.0,160.4,0.4,3.6,15,2000,82.4,0,False,2023-03-21,,2.61,6440.0,1
EMP0332,Team G,Operations,Ops Analyst,EMP0476,HQ,2025-11-01,160.0,163.2,3.2,1.9,61,40,62.1,0,False,2022-09-30,,2.91,5376.0,1
EMP0490,Team I,marketing,Marketing Specialist,EMP0199,Remote,2025-12-01,160.0,160.0,3.8,,8,300,87.9,3,False,2024-07-08,,3.62,5468.1,1
EMP0070,Team J,Marketing,Content Creator,EMP0006,Branch-West,2026-01-01,160.0,143.6,6.2,,21,150,93.6,4,False,2025-03-03,,3.68,4587.0,1
EMP0329,Team B,Sales,SDR,EMP0006,Remote,2026-04-01,160.0,150.0,4.3,4.7,56,150,87.7,6,False,2026-01-16,,,4380.6,1
EMP0308,Team B,sales,Sales Manager,EMP0177,HQ,2025-12-01,160.0,163.0,11.6,1.6,9,2500,71.0,0,False,2025-11-07,,3.76,9380.8,1
EMP0392,Team I,Sales,Account Executive,EMP0351,Branch-West,2026-05-01,160.0,139.5,12.3,2.8,11,2000,85.4,0,False,2023-03-21,,4.13,6318.0,1
EMP0217,Team I,Sales,Account Executive,EMP0480,Branch-West,2026-05-01,160.0,140.7,2.7,,17,2000,92.8,0,False,2025-12-23,,2.82,5790.0,1
EMP0363,Team E,Sales,Sales Manager,EMP0277,HQ,2025-10-01,160.0,146.4,1.0,2.6,8,2500,71.1,4,False,2022-06-02,,,7690.8,1
EMP0184,Team E,Marketing,Marketing Specialist,EMP0100,HQ,2025-10-01,160.0,144.6,10.5,0.1,12,300,91.5,0,False,2025-08-01,,2.59,5291.55,1
EMP0049,Team C,Sales,SDR,EMP0225,Remote,2026-07-01,160.0,148.9,13.5,0.4,44,150,62.7,3,False,2025-12-31,,3.3,4736.2,1
EMP0168,Team C,Engineering,DevOps Engineer,EMP0392,HQ,2026-05-01,160.0,161.1,1.1,2.2,14,0,60.0,0,False,2025-06-23,,4.22,9439.5,1
EMP0223,Team B,ENGINEERING,QA Engineer,EMP0071,HQ,2026-01-01,160.0,145.4,10.1,2.5,35,0,84.9,0,False,2022-12-17,,3.61,6743.1,1
EMP0339,Team H,Sales,Account Executive,EMP0035,HQ,2025-10-01,160.0,152.7,2.7,2.2,15,2000,75.5,0,False,2024-04-19,,3.05,6270.0,1
EMP0232,Team H,sales,Sales Manager,EMP0318,HQ,2026-04-01,160.0,165.1,13.1,6.7,11,2500,75.6,0,False,2023-10-14,,3.9,9607.0,1
EMP0080,Team E,Engineering,Developer,EMP0422,Remote,2026-01-01,160.0,162.6,2.6,,23,0,93.1,4,False,2024-11-08,,2.99,9157.5,1
EMP0053,Team B,Marketing,Marketing Specialist,EMP0100,Remote,2025-10-01,160.0,161.8,1.8,0.6,14,300,70.3,0,False,2022-09-20,,2.5,5428.5,1
EMP0053,Team B,Marketing,Marketing Specialist,EMP0100,Remote,2025-11-01,160.0,151.9,6.2,4.4,10,300,76.6,4,False,2022-09-20,,4.13,5319.6,1
EMP0292,Team A,Engineering,QA Engineer,EMP0225,,2025-09-01,160.0,170.2,10.2,0.4,22,0,46.3,0,False,2023-01-21,,3.99,7791.0,1
EMP0408,Team A,Engineering,Data Engineer,EMP0301,Branch-West,2026-05-01,160.0,149.7,9.5,0.1,14,0,50.1,3,False,2022-03-01,,3.53,9837.0,1
EMP0240,Team E,Engineering,DevOps Engineer,EMP0259,Branch-East,2025-12-01,160.0,158.8,6.3,1.1,11,0,80.8,3,False,2025-10-21,,3.04,9758.5,1
EMP0221,Team D,Support,Support Agent,EMP0420,,2025-10-01,160.0,157.9,3.9,1.0,115,50,49.0,1,False,2022-04-21,,2.7,3930.0,1
EMP0483,Team J,Sales,Account Executive,EMP0392,HQ,2026-05-01,160.0,160.9,0.9,3.2,19,2000,69.9,0,True,2024-12-03,2026-07-15,3.6,6490.0,1
EMP0368,Team D,  Marketing  ,Content Creator,EMP0449,HQ,2025-10-01,160.0,144.1,2.4,0.3,21,150,99.1,2,False,2025-05-23,,3.0,4431.0,1
EMP0473,Team H,Engineering,Developer,EMP0071,HQ,2026-06-01,160.0,163.3,3.3,1.1,27,0,78.1,2,False,2025-08-28,,4.04,9253.75,1
EMP0290,Team B,Sales,Sales Manager,EMP0453,Remote,2025-10-01,160.0,161.8,1.8,,9,2500,70.7,1,False,2022-01-31,,3.35,8554.0,1
EMP0151,team j,Marketing,Marketing Specialist,EMP0245,Remote,2026-06-01,160.0,159.4,17.9,7.5,13,300,49.0,0,False,2024-07-08,,4.17,6146.25,1
EMP0187,Team C,Operations,Ops Analyst,EMP0351,HQ,2026-02-01,160.0,165.3,5.3,0.5,72,40,90.9,2,False,2025-09-30,,3.4,5544.0,1
EMP0066,Team D,Sales,Account Executive,EMP0167,HQ,2025-12-01,160.0,149.5,11.6,0.1,13,2000,95.1,2,True,2023-03-26,2026-01-05,2.51,6676.0,1
EMP0482,Team H,Support,Support Lead,EMP0450,Remote,2026-08-01,160.0,145.4,15.6,0.1,86,60,59.1,2,False,2024-06-22,,3.76,5739.2,1
EMP0402,Team H,Marketing,Marketing Specialist,EMP0085,Branch-West,2025-10-01,160.0,159.1,11.6,1.1,10,300,80.6,7,False,2022-02-23,,3.35,5824.5,1
EMP0037,Team I,Sales,Account Executive,EMP0277,Remote,2026-05-01,160.0,152.8,4.0,1.1,16,2000,78.5,1,False,2022-07-03,,2.92,6352.0,1
EMP0272,Team J,Operations,Ops Analyst,EMP0167,HQ,2026-03-01,160.0,150.2,4.7,1.3,80,40,90.0,5,False,2025-10-20,,3.31,5032.0,1
EMP0012,Team H,Marketing,Marketing Specialist,EMP0100,Branch-West,2025-09-01,160.0,161.0,1.0,0.1,11,300,81.7,0,False,2022-11-03,,3.53,5362.5,1
EMP0433,Team E,Support,Support Agent,EMP0100,Branch-West,2026-02-01,160.0,162.1,2.1,0.7,96,50,51.6,0,False,2022-08-29,,2.67,3966.0,1
EMP0315,Team A,Operations,Ops Analyst,EMP0210,Remote,2026-04-01,160.0,158.8,1.8,2.2,80,40,86.1,1,False,2026-01-11,,3.61,5168.0,1
EMP0221,Team D,Support,Support Agent,EMP0420,HQ,2026-07-01,160.0,157.8,26.9,0.6,111,50,86.1,2,False,2022-04-21,,3.27,4755.6,1
EMP0367,  Team I  ,Marketing,Content Creator,EMP0061,Remote,2025-09-01,160.0,155.1,3.0,0.2,20,150,47.9,0,False,2021-09-10,,4.36,4788.0,1
EMP0161,Team E,Sales,Account Executive,EMP0277,Branch-West,2025-12-01,160.0,165.0,6.4,7.3,16,2000,94.1,2,False,2021-09-11,,3.38,6984.0,1
EMP0300,Team J,Engineering,QA Engineer,EMP0480,HQ,2026-03-01,160.0,165.6,5.6,3.0,31,0,89.3,5,False,2024-10-03,,,7308.0,1
EMP0098,Team J,Sales,SDR,EMP0162,Branch-West,2025-11-01,160.0,157.9,1.2,0.8,41,150,,2,False,2022-07-17,,2.86,4471.6,1
EMP0252,Team G,Sales,Account Executive,EMP0033,HQ,2025-09-01,160.0,133.8,9.3,1.3,15,2000,59.7,1,False,2025-06-22,,4.28,5910.0,1
EMP0367,Team I,Marketing,Content Creator,EMP0061,Remote,2026-02-01,160.0,158.0,4.2,1.4,22,150,80.0,1,False,2021-09-10,,4.66,4929.0,1
EMP0290,team b,Sales,Sales Manager,EMP0453,Remote,2025-11-01,160.0,153.9,5.2,0.4,11,2500,81.0,0,False,2022-01-31,,4.23,8408.4,1
EMP0389,Team A,Operations,Ops Analyst,EMP0006,HQ,2025-09-01,160.0,161.9,1.9,0.1,61,40,77.6,0,False,2025-05-01,,3.96,5272.0,1
EMP0314,Team E,Marketing,Content Creator,EMP0422,Remote,2026-08-01,160.0,154.9,2.3,3.8,17,150,85.1,1,False,2025-11-14,,3.67,4750.5,1
EMP0241,Team I,Marketing,Content Creator,EMP0251,HQ,2026-06-01,160.0,162.8,2.8,1.2,19,150,64.6,1,False,2021-12-06,,5.0,5010.0,1
EMP0471,Team D,Engineering,QA Engineer,EMP0147,Branch-East,2026-07-01,160.0,153.0,1.2,2.5,28,0,83.3,0,False,2024-07-01,,3.49,6501.6,1
EMP0430,Team I,Engineering,Data Engineer,EMP0318,HQ,2026-08-01,160.0,172.3,18.6,0.2,17,0,60.5,0,False,2025-11-18,,4.29,12012.0,1
EMP0218,Team D,Operations,Ops Coordinator,EMP0147,HQ,2026-07-01,160.0,153.1,4.1,3.8,75,35,71.4,2,False,2022-05-08,,4.94,4299.75,1
EMP0384,Team G,Marketing,Marketing Specialist,EMP0480,HQ,2025-12-01,160.0,161.4,1.4,,8,300,78.1,1,False,2025-06-13,,3.78,5395.5,1
EMP0258,Team I,SUPPORT,Support Agent,EMP0210,Branch-East,2026-01-01,160.0,155.5,2.0,8.5,101,50,68.9,4,False,2025-07-29,,3.3,3804.0,1
EMP0204,Team G,Marketing,Content Creator,EMP0035,Remote,2025-10-01,160.0,159.5,3.5,0.3,19,150,66.8,1,False,2023-12-04,,,4942.5,1
EMP0433,Team E,Support,Support Agent,EMP0100,Branch-West,2025-11-01,160.0,144.8,1.6,2.1,134,50,75.2,0,False,2022-08-29,,2.63,3532.8,1
EMP0079,Team J,Sales,Account Executive,EMP0077,Branch-East,2026-03-01,160.0,153.5,4.7,2.6,15,2000,64.7,2,False,2023-01-21,,3.46,6422.0,1
EMP0129,Team J,Engineering,DevOps Engineer,EMP0033,Remote,2026-05-01,160.0,167.2,12.3,3.5,11,0,72.9,5,False,2022-04-11,,3.73,10767.7,1
EMP0467,Team A,Engineering,DevOps Engineer,EMP0303,Branch-East,2025-10-01,160.0,163.1,3.1,1.9,15,0,75.4,6,False,2023-08-15,,,9729.5,1
EMP0481,Team D,Support,Support Lead,EMP0476,HQ,2025-09-01,160.0,160.1,31.4,0.2,83,60,58.9,3,False,2022-01-26,,2.65,7044.8,1
EMP0260,Team C,Engineering,QA Engineer,EMP0187,HQ,2025-12-01,160.0,151.4,6.6,3.9,14,0,58.3,0,False,2025-12-23,,3.36,6774.6,1
EMP0464,Team J,Sales,Account Executive,EMP0277,HQ,2026-05-01,160.0,138.9,1.4,0.1,17,2000,66.4,1,False,2024-07-31,,2.96,5640.0,1
EMP0142,Team E,Engineering,Developer,EMP0457,Branch-West,2026-01-01,160.0,165.4,16.7,0.6,18,0,84.4,1,False,2025-03-29,,5.0,10474.75,1
EMP0124,Team D,Engineering,QA Engineer,EMP0085,Remote,2026-07-01,160.0,156.7,5.9,0.4,26,0,65.7,2,False,2022-06-11,,,6953.1,1
EMP0489,Team C,Marketing,Marketing Specialist,EMP0471,Remote,2026-05-01,160.0,170.6,11.0,1.1,9,300,92.2,0,False,2024-06-30,,3.11,6174.3,1
EMP0044,Team E,Marketing,Marketing Specialist,EMP0035,Remote,2025-11-01,160.0,151.2,6.2,0.1,15,300,57.7,2,False,2023-11-14,,3.63,5296.5,1
EMP0166,Team I,operations,Ops Coordinator,EMP0035,Branch-West,2026-08-01,160.0,162.8,2.8,1.6,66,35,71.6,5,False,2024-10-04,,4.21,4509.0,1
EMP0037,Team I,Sales,Account Executive,EMP0277,Remote,2026-01-01,160.0,168.2,8.5,1.5,18,2000,83.6,0,False,2022-07-03,,4.17,7238.0,1
EMP0281,Team D,Marketing,Marketing Specialist,EMP0376,HQ,2026-03-01,160.0,164.6,9.2,0.6,17,300,80.8,0,False,2024-05-11,,3.43,5887.2,1
EMP0023,Team E,Engineering,QA Engineer,EMP0147,Remote,2025-12-01,160.0,164.7,4.7,2.0,15,0,65.9,3,False,2023-07-21,,3.27,7213.5,1
EMP0433,Team E,Support,Support Agent,EMP0100,Branch-West,2026-08-01,160.0,152.8,10.3,0.1,189,50,63.4,0,False,2022-08-29,,4.02,4038.0,1
EMP0015,Team H,Engineering,Developer,EMP0457,HQ,2025-10-01,160.0,159.0,2.7,1.9,22,0,71.5,2,False,2023-09-11,,3.03,8967.75,1
EMP0446,Team G,Marketing,Content Creator,EMP0061,Remote,2026-07-01,160.0,161.1,1.1,,19,150,86.9,0,False,2022-06-10,,3.69,4882.5,1
EMP0041,Team D,Engineering,DevOps Engineer,EMP0162,,2026-02-01,160.0,163.5,3.5,1.5,13,0,62.4,1,False,2022-04-09,,3.76,9787.5,1
EMP0209,Team D,Engineering,Developer,EMP0422,HQ,2026-01-01,160.0,164.1,8.3,0.2,17,0,70.7,3,False,2026-01-08,,2.43,9710.25,1
EMP0009,Team C,Support,Support Lead,EMP0061,Branch-West,2025-10-01,160.0,164.7,4.7,4.9,77,60,,4,False,2025-06-23,,3.4,5839.5,1
EMP0085,Team C,Sales,SDR,EMP0147,Remote,2026-08-01,160.0,154.2,14.4,2.1,52,150,96.5,1,False,2022-10-24,,3.73,4922.4,1
EMP0104,Team J,sales,Account Executive,EMP0453,Remote,2026-06-01,160.0,149.8,0.4,1.8,16,2000,87.5,0,False,2022-03-09,,3.52,6016.0,1
EMP0271,Team I,Operations,Ops Analyst,EMP0102,HQ,2026-04-01,160.0,161.4,1.4,1.0,64,40,86.7,2,False,2023-12-03,,3.58,5232.0,1
EMP0457,Team G,Engineering,Data Engineer,EMP0147,Remote,2026-05-01,160.0,158.8,2.8,0.3,14,0,78.8,0,False,2022-07-06,,3.48,9780.0,1
EMP0280,Team I,Operations,Ops Coordinator,EMP0193,Branch-East,2026-05-01,160.0,160.8,8.4,3.6,66,35,67.7,6,False,2022-01-05,,4.1,4681.8,1
EMP0392,Team I,Sales,Account Executive,EMP0351,Branch-West,2026-02-01,160.0,167.3,34.2,,15,2000,89.1,1,False,2023-03-21,,3.29,8744.0,1
EMP0292,Team A,Engineering,QA Engineer,EMP0225,Remote,2025-12-01,160.0,136.8,0.7,1.8,26,0,,0,False,2023-01-21,,4.07,5789.7,1
EMP0086,Team H,Sales,Sales Manager,EMP0217,Branch-East,2026-07-01,160.0,178.1,23.6,0.9,12,2500,48.7,1,False,2023-08-16,,4.08,11102.0,1
EMP0008,Team B,Marketing,Marketing Specialist,EMP0457,Remote,2026-02-01,160.0,163.8,3.8,0.3,10,300,73.0,1,False,2025-09-18,,3.58,5593.5,1
EMP0225,Team I,Engineering,Data Engineer,EMP0351,HQ,2026-04-01,160.0,165.3,14.9,0.0,13,0,61.0,1,False,2021-12-22,,3.2,11259.0,1
EMP0463,Team F,Operations,Ops Analyst,EMP0453,HQ,2026-07-01,160.0,154.8,5.3,0.9,71,40,69.6,0,False,2025-07-16,,3.81,5208.0,1
EMP0461,Team C,Engineering,DevOps Engineer,EMP0453,HQ,2025-10-01,160.0,166.0,6.0,1.3,10,0,56.3,3,False,2023-10-09,,3.95,10150.0,1
EMP0300,Team J,Engineering,QA Engineer,EMP0480,HQ,2026-02-01,160.0,157.9,8.1,8.3,31,0,64.6,1,False,2024-10-03,,4.99,7142.1,1
EMP0300,Team J,Engineering,QA Engineer,EMP0480,HQ,2025-11-01,160.0,134.0,8.1,4.9,25,0,84.3,6,False,2024-10-03,,4.69,6138.3,1
EMP0228,Team C,Sales,SDR,EMP0476,Remote,2026-06-01,160.0,165.2,5.2,1.1,40,150,83.7,3,False,2021-12-21,,3.35,4844.0,1
EMP0268,Team G,Support,Support Lead,EMP0147,HQ,2026-04-01,160.0,169.9,9.9,1.0,108,60,70.3,6,False,2022-06-15,,4.5,6281.5,1
EMP0423,Team D,Engineering,QA Engineer,EMP0277,HQ,2025-10-01,160.0,160.2,3.6,0.2,15,0,81.9,3,False,2022-02-23,,3.71,6955.2,1
EMP0400,Team A,Operations,Ops Coordinator,EMP0434,HQ,2026-03-01,160.0,159.1,4.9,2.5,76,35,45.4,2,False,2022-01-07,,3.69,4494.15,1
EMP0419,Team E,Support,Support Agent,EMP0449,HQ,2025-10-01,160.0,158.9,4.6,1.3,126,50,76.6,0,False,2024-08-22,,3.26,3979.2,1
EMP0218,Team D,Operations,Ops Coordinator,EMP0147,HQ,2025-10-01,160.0,166.0,6.0,2.0,90,35,76.9,2,False,2022-05-08,,4.03,4725.0,1
EMP0042,Team D,Sales,Account Executive,EMP0187,Remote,2026-07-01,160.0,152.4,22.7,0.3,14,2000,89.8,0,False,2025-05-18,,4.44,7458.0,1
EMP0040,Team D,Sales,SDR,EMP0006,HQ,2025-10-01,160.0,165.6,7.7,0.3,44,150,66.6,0,False,2022-09-05,,3.67,4960.2,1
EMP0479,Team C,Marketing,Content Creator,EMP0450,HQ,2026-06-01,160.0,157.0,3.2,2.9,24,150,86.3,0,False,2025-12-24,,3.29,4854.0,1
EMP0353,Team A,Support,Support Lead,EMP0470,Remote,2026-06-01,160.0,166.3,6.3,1.5,116,60,81.4,1,False,2023-08-26,,3.77,5975.5,1
EMP0010,Team I,Support,Support Lead,EMP0259,Branch-West,2026-06-01,160.0,140.0,4.3,0.6,92,60,,0,False,2022-08-16,,3.95,4979.3,1
EMP0307,Team B,Sales,Sales Manager,EMP0320,Remote,2025-11-01,160.0,161.2,31.5,1.9,8,2500,38.4,1,False,2022-12-08,,3.51,10839.4,1
EMP0265,Team B,Marketing,Marketing Specialist,EMP0006,Branch-West,2026-08-01,160.0,160.0,0.0,5.2,11,300,84.7,1,False,2022-09-06,,3.42,5280.0,1
EMP0434,Team I,Engineering,Developer,EMP0480,Branch-East,2026-02-01,160.0,160.0,0.0,2.3,12,0,74.5,0,False,2022-01-28,,3.91,8800.0,1
EMP0288,Team I,Sales,SDR,EMP0471,Remote,2026-08-01,160.0,154.1,0.6,3.4,41,150,60.8,1,False,2023-09-20,,3.2,4340.0,1
EMP0193,Team E,Marketing,Content Creator,,HQ,2026-07-01,160.0,163.2,7.4,0.1,14,150,,0,False,2023-03-18,,2.56,5229.0,1
EMP0146,Team I,Engineering,Developer,EMP0162,Branch-West,2026-05-01,160.0,161.7,1.9,1.6,18,0,89.6,1,False,2022-10-13,,3.92,9050.25,1
EMP0338,Team D,Support,Support Agent,EMP0422,Remote,2026-03-01,160.0,144.8,1.1,0.8,108,50,73.0,0,False,2025-09-16,,3.0,3514.8,1
EMP0288,Team I,Sales,SDR,EMP0471,Remote,2026-01-01,160.0,162.5,5.9,0.2,44,150,68.1,1,False,2023-09-20,,4.2,4797.8,1
EMP0279,Team J,Support,Support Lead,EMP0320,HQ,2025-10-01,160.0,151.2,1.2,4.6,88,60,39.6,2,False,2024-01-02,,3.14,5202.0,1
EMP0485,Team D,Sales,SDR,EMP0471,HQ,2026-06-01,160.0,164.1,4.1,3.7,46,150,57.1,5,False,2024-05-27,,3.98,4767.0,1
EMP0159,Team E,Engineering,DevOps Engineer,EMP0185,Remote,2025-09-01,160.0,148.0,5.4,0.9,13,0,92.9,3,False,2024-07-19,,3.23,9053.8,1
EMP0472,TEAM A,Marketing,Marketing Specialist,EMP0471,Remote,2026-07-01,160.0,151.8,0.2,3.4,12,300,75.7,0,False,2023-02-14,,4.04,5019.3,1
EMP0172,Team G,Engineering,Developer,EMP0071,Branch-West,2026-07-01,160.0,143.4,5.2,0.6,23,0,77.8,0,False,2024-03-09,,3.73,8316.0,1
EMP0483,Team J,Sales,Account Executive,EMP0392,HQ,2026-02-01,160.0,155.4,1.0,1.8,15,2000,92.8,1,True,2024-12-03,2026-07-15,3.9,6276.0,1
EMP0442,Team A,Marketing,Marketing Specialist,EMP0280,Branch-East,2025-09-01,160.0,160.0,8.4,4.3,11,300,88.3,0,False,2022-02-19,,3.94,5695.8,1
EMP0482,Team H,Support,Support Lead,EMP0450,Remote,2026-05-01,160.0,153.5,1.3,0.8,72,60,98.2,0,False,2024-06-22,,2.89,5285.3,1
EMP0178,Team D,Sales,Account Executive,EMP0480,Remote,2026-06-01,160.0,160.0,24.4,0.6,13,2000,66.7,8,False,2024-12-18,,3.87,7864.0,1
EMP0236,Team J,Support,Support Agent,EMP0225,Remote,2025-11-01,160.0,155.0,3.2,2.2,126,50,97.5,8,False,2021-11-04,,,3835.2,1
EMP0193,Team E,  Marketing  ,Content Creator,,HQ,2025-11-01,160.0,164.9,5.9,1.9,20,150,63.0,13,False,2023-03-18,,3.07,5212.5,1
EMP0071,Team E,Operations,Ops Analyst,EMP0193,HQ,2026-07-01,160.0,160.8,4.8,0.7,41,40,78.3,2,False,2022-11-07,,4.75,5376.0,1
EMP0245,Team H,Engineering,QA Engineer,EMP0351,HQ,2026-05-01,160.0,161.6,5.6,0.3,34,0,28.0,2,False,2024-08-16,,3.46,7140.0,1
EMP0289,Team B,Engineering,DevOps Engineer,EMP0480,Remote,2026-01-01,160.0,145.5,17.0,4.4,15,0,77.2,5,False,2023-10-15,,3.29,9918.0,1
EMP0050,Team J,Engineering,Developer,EMP0471,,2026-05-01,160.0,155.9,5.1,1.0,16,0,82.0,1,False,2022-02-18,,4.73,8995.25,1
EMP0047,Team C,Sales,Account Executive,EMP0450,Remote,2025-12-01,160.0,170.9,19.0,2.1,17,2000,,4,False,2023-12-23,,,7976.0,1
EMP0277,Team A,Operations,Ops Coordinator,EMP0480,HQ,2026-01-01,160.0,153.1,6.0,2.1,67,35,56.7,0,False,2024-02-14,,3.5,4376.7,1
EMP0440,Team G,Engineering,Developer,EMP0318,HQ,2026-06-01,160.0,160.5,2.1,1.4,20,0,90.3,0,False,2025-09-25,,3.39,9000.75,1
EMP0017,Team D,Sales,SDR,EMP0102,HQ,2026-07-01,160.0,163.1,4.5,1.7,43,150,72.5,0,False,2025-08-06,,3.52,4755.8,1
EMP0350,Team B,Support,Support Lead,EMP0167,HQ,2026-02-01,160.0,170.2,10.2,1.4,76,60,69.7,1,False,2024-03-17,,5.0,6307.0,1
EMP0486,Team A,Marketing,Marketing Specialist,EMP0453,,2026-03-01,160.0,148.2,14.1,3.8,11,300,84.0,0,False,2021-10-11,,3.29,5588.55,1
EMP0255,Team F,Engineering,DevOps Engineer,EMP0243,HQ,2025-12-01,160.0,161.2,3.5,1.6,11,0,81.2,2,False,2024-02-04,,3.37,9654.1,1
EMP0338,Team D,Support,Support Agent,EMP0422,Remote,2026-08-01,160.0,164.8,8.2,0.2,104,50,68.9,0,False,2025-09-16,,4.43,4250.4,1
EMP0382,Team C,Support,Support Agent,EMP0277,HQ,2025-10-01,160.0,163.1,5.8,0.5,132,50,89.3,6,False,2024-11-18,,,4123.2,1
EMP0227,Team A,Marketing,Content Creator,EMP0351,Remote,2025-09-01,160.0,155.4,24.6,,22,150,37.6,1,False,2022-02-05,,3.84,5769.0,1
EMP0211,Team H,Sales,SDR,EMP0217,HQ,2026-05-01,160.0,162.5,2.5,2.5,46,150,60.2,4,False,2023-02-27,,4.28,4655.0,1
EMP0091,Team B,Engineering,QA Engineer,EMP0035,Branch-East,2026-04-01,160.0,162.8,2.8,0.1,24,0,,0,False,2022-10-13,,3.76,7014.0,1
EMP0145,Team E,Engineering,QA Engineer,EMP0453,Branch-East,2026-03-01,160.0,139.3,1.5,2.0,26,0,58.6,0,False,2024-09-23,,5.0,5945.1,1
EMP0370,Team E,Engineering,DevOps Engineer,EMP0259,HQ,2026-03-01,160.0,153.4,4.6,2.1,15,0,87.1,5,False,2025-12-26,,3.43,9297.4,1
EMP0076,Team H,Support,Support Lead,EMP0309,Remote,2025-09-01,160.0,152.1,2.7,0.7,110,60,72.6,2,False,2024-05-03,,4.28,5309.1,1
EMP0230,Team G,Support,Support Lead,EMP0280,HQ,2025-09-01,160.0,141.1,4.1,,95,60,74.8,1,False,2024-09-03,,3.77,5006.5,1
EMP0246,Team B,Marketing,Marketing Specialist,EMP0355,,2026-03-01,160.0,165.1,6.3,5.4,11,300,51.3,0,False,2024-11-20,,4.05,5760.15,1
EMP0270,Team H,Engineering,DevOps Engineer,EMP0392,Remote,2026-06-01,160.0,160.5,0.5,0.7,16,0,87.6,2,False,2022-08-13,,4.22,9352.5,1
EMP0416,Team D,Sales,Account Executive,EMP0450,Branch-East,2025-12-01,160.0,167.2,7.7,0.2,10,2000,75.0,0,False,2025-02-23,,,7150.0,1
EMP0122,Team H,Marketing,Content Creator,EMP0471,Branch-West,2025-12-01,160.0,144.7,0.6,0.2,16,150,81.9,0,False,2022-09-10,,3.53,4368.0,1
EMP0051,Team G,Marketing,Marketing Specialist,EMP0392,Remote,2026-07-01,160.0,143.7,11.6,0.3,11,300,95.1,1,False,2024-07-19,,3.18,5316.3,1
EMP0422,Team A,Operations,Ops Coordinator,EMP0147,Remote,2026-05-01,160.0,163.4,3.4,0.7,53,35,93.2,2,False,2024-02-15,,4.61,4549.5,1
EMP0270,Team H,Engineering,DevOps Engineer,EMP0392,Remote,2026-04-01,160.0,160.6,5.6,0.1,15,0,97.4,0,False,2022-08-13,,2.84,9802.0,1
EMP0400,Team A,Operations,Ops Coordinator,EMP0434,HQ,2025-09-01,160.0,163.7,3.7,1.5,77,35,50.5,0,False,2022-01-07,,3.8,4569.75,1
EMP0343,Team E,Engineering,QA Engineer,EMP0277,Branch-East,2026-05-01,160.0,159.7,16.0,0.2,29,0,87.1,0,False,2024-02-08,,3.68,7715.4,1
EMP0155,Team E,Marketing,Marketing Specialist,EMP0251,Remote,2026-01-01,160.0,140.2,37.7,1.4,11,300,72.2,2,False,2022-03-02,,3.13,6492.75,1
EMP0418,Team J,Sales,Account Executive,EMP0392,Branch-West,2025-12-01,160.0,160.7,0.7,2.3,18,2000,45.4,3,False,2025-06-01,,4.05,6470.0,1
EMP0220,Team I,Operations,Ops Analyst,EMP0210,HQ,2026-03-01,160.0,154.5,5.6,0.7,48,40,75.6,0,False,2024-02-16,,3.38,5212.8,1
EMP0258,Team I,Support,Support Agent,EMP0210,Branch-East,2025-12-01,160.0,153.1,3.5,3.3,100,50,90.3,0,False,2025-07-29,,3.5,3800.4,1
EMP0276,  Team F  ,Sales,SDR,EMP0077,Remote,2026-05-01,160.0,147.2,3.2,3.7,37,150,71.1,0,False,2022-12-15,,3.27,4256.0,1
EMP0204,Team G,MARKETING,Content Creator,EMP0035,Remote,2026-06-01,160.0,162.6,2.6,1.3,29,150,44.8,0,False,2023-12-04,,3.42,4995.0,1
EMP0079,Team J,Sales,Account Executive,EMP0077,Branch-East,2025-10-01,160.0,154.6,1.3,2.5,17,2000,75.0,2,False,2023-01-21,,3.44,6262.0,1
EMP0493,Team J,Engineering,Developer,EMP0033,Branch-West,2026-04-01,160.0,171.2,19.3,1.1,22,0,89.0,0,False,2024-12-30,,3.2,11008.25,1
EMP0386,Team H,  Operations  ,Ops Coordinator,EMP0259,HQ,2026-06-01,160.0,167.2,7.2,5.8,90,35,49.3,7,False,2023-10-22,,2.86,4806.0,1
EMP0042,Team D,Sales,Account Executive,EMP0187,Remote,2026-04-01,160.0,160.5,16.4,1.5,22,2000,73.0,1,False,2025-05-18,,,7404.0,1
EMP0012,Team H,Marketing,Marketing Specialist,EMP0100,Branch-West,2026-04-01,160.0,164.7,4.7,1.2,11,300,79.8,0,False,2022-11-03,,3.16,5667.75,1
EMP0423,Team D,Engineering,QA Engineer,EMP0277,HQ,2026-01-01,160.0,157.6,14.7,2.1,24,0,,4,False,2022-02-23,,3.7,7545.3,1
EMP0271,Team I,Operations,Ops Analyst,EMP0102,HQ,2026-01-01,160.0,160.6,0.6,1.5,64,40,78.3,0,False,2023-12-03,,4.05,5168.0,1
EMP0083,Team D,Sales,Account Executive,EMP0320,HQ,2026-05-01,160.0,154.2,0.9,4.7,17,2000,88.3,1,False,2025-05-17,,3.65,6222.0,1
EMP0141,Team B,Marketing,Marketing Specialist,EMP0318,Remote,2026-02-01,160.0,161.5,1.5,2.9,12,300,,0,False,2025-10-26,,,5403.75,1
EMP0139,Team H,Sales,Sales Manager,EMP0033,HQ,2026-02-01,160.0,166.5,6.5,1.4,13,2500,83.0,0,False,2025-03-14,,,9165.0,1
EMP0215,Team I,Support,Support Agent,EMP0193,Branch-East,2025-12-01,160.0,161.2,1.2,3.7,127,50,91.8,0,False,2022-11-10,,2.67,3912.0,1
EMP0157,Team G,Support,Support Lead,EMP0035,Branch-East,2026-07-01,160.0,167.9,7.9,4.1,100,60,,1,False,2024-11-27,,3.88,6111.5,1
EMP0163,Team I,Support,Support Agent,EMP0471,Branch-East,2026-02-01,160.0,149.3,2.9,0.0,138,50,79.0,1,False,2024-08-22,,3.34,3687.6,1
EMP0179,Team B,Marketing,Marketing Specialist,EMP0449,Branch-West,2025-10-01,160.0,153.9,4.1,0.2,17,300,75.0,2,False,2023-03-01,,4.31,5281.65,1
EMP0488,Team I,Engineering,QA Engineer,EMP0480,HQ,2026-01-01,160.0,170.4,13.0,1.8,23,0,90.4,1,False,2023-12-14,,2.96,7975.8,1
EMP0040,Team D,Sales,SDR,EMP0006,HQ,2026-06-01,160.0,161.3,9.8,0.3,56,150,94.7,2,False,2022-09-05,,3.2,4928.0,1
EMP0231,Team H,Operations,Ops Coordinator,EMP0251,Branch-East,2026-04-01,160.0,164.7,4.7,1.4,61,35,84.1,1,False,2023-05-27,,3.6,4637.25,1
EMP0089,Team J,Marketing,Content Creator,EMP0301,Remote,2025-12-01,160.0,170.4,10.4,0.2,20,150,68.3,0,True,2024-05-05,2025-12-02,2.42,5580.0,1
EMP0053,Team B,Marketing,Marketing Specialist,EMP0100,,2026-08-01,160.0,151.6,10.8,4.9,14,300,98.3,1,False,2022-09-20,,4.03,5537.4,1
EMP0299,Team A,Support,Support Lead,EMP0035,HQ,2025-10-01,160.0,155.8,5.6,1.6,128,60,42.6,1,False,2024-09-07,,4.09,5582.8,1
EMP0136,Team F,Sales,SDR,EMP0318,HQ,2025-12-01,160.0,162.7,2.7,1.6,21,150,90.6,0,False,2024-10-13,,3.21,4669.0,1
EMP0397,Team A,Operations,Ops Analyst,EMP0301,Remote,2025-11-01,160.0,153.3,2.7,1.2,80,40,53.5,2,False,2021-08-20,,3.28,5035.2,1
EMP0461,Team C,Engineering,DevOps Engineer,EMP0453,HQ,2026-08-01,160.0,156.0,7.1,4.3,16,0,70.4,5,False,2023-10-09,,3.25,9665.7,1
EMP0213,Team E,Support,Support Agent,EMP0077,HQ,2026-01-01,160.0,156.3,0.4,1.1,121,50,73.6,0,False,2025-08-12,,3.58,3765.6,1
EMP0100,Team F,Engineering,Developer,EMP0480,Branch-West,2025-09-01,160.0,153.4,3.6,4.7,22,0,73.9,0,False,2023-06-05,,4.94,8734.0,1
EMP0046,Team A,Support,Support Agent,EMP0162,HQ,2026-02-01,160.0,171.9,16.0,2.2,152,50,84.4,5,False,2025-11-19,,3.1,4701.6,1
EMP0451,Team A,Operations,Ops Analyst,EMP0100,Remote,2026-02-01,160.0,169.7,10.2,1.1,62,40,98.0,0,False,2023-05-13,,3.12,5920.0,1
EMP0109,Team G,Engineering,DevOps Engineer,EMP0450,HQ,2025-12-01,160.0,160.2,0.2,5.1,13,0,96.3,0,False,2023-03-05,,,9309.0,1
EMP0194,team a,Support,Support Lead,EMP0320,HQ,2025-09-01,160.0,153.2,29.7,0.1,65,60,69.9,4,False,2022-07-10,,2.92,6723.5,1
EMP0438,Team C,Operations,Ops Analyst,EMP0147,HQ,2026-04-01,160.0,159.4,6.5,3.6,34,40,39.0,14,False,2022-07-07,,3.09,5412.8,1
EMP0070,Team J,Marketing,Content Creator,EMP0006,Branch-West,2026-05-01,160.0,153.5,4.0,0.3,22,150,69.4,4,False,2025-03-03,,3.92,4785.0,1
EMP0243,Team I,Marketing,Content Creator,EMP0450,HQ,2025-10-01,160.0,154.1,4.3,4.7,25,150,68.4,2,True,2025-03-13,2026-02-15,4.03,4816.5,1
EMP0065,Team C,Engineering,DevOps Engineer,EMP0199,HQ,2025-12-01,160.0,164.3,4.3,0.6,12,0,73.3,1,False,2025-05-06,,3.44,9903.5,1
EMP0239,Team C,Support,Support Agent,EMP0296,Remote,2026-05-01,160.0,140.8,4.6,0.3,130,50,84.5,0,False,2023-05-19,,3.15,3544.8,1
EMP0194,Team A,Support,Support Lead,EMP0320,HQ,2026-01-01,160.0,170.9,20.1,4.6,76,60,87.4,1,False,2022-07-10,,4.37,6835.7,1
EMP0282,Team D,Sales,Sales Manager,EMP0199,HQ,2026-08-01,160.0,159.3,7.3,0.3,11,2500,76.6,0,False,2022-10-28,,3.27,8853.0,1
EMP0284,Team I,Engineering,Developer,EMP0167,HQ,2026-07-01,160.0,155.6,2.6,1.0,18,0,91.4,0,False,2022-05-19,,3.14,8772.5,1
EMP0355,team d,Engineering,Data Engineer,EMP0193,Remote,2026-03-01,160.0,148.0,5.4,2.2,17,0,95.0,0,False,2022-01-13,,3.59,9366.0,1
EMP0271,Team I,Operations,Ops Analyst,EMP0102,HQ,2026-07-01,160.0,161.0,1.9,3.4,63,40,75.9,2,False,2023-12-03,,3.75,5243.2,1
EMP0346,Team H,Support,Support Lead,EMP0434,Remote,2025-11-01,160.0,168.6,8.6,0.9,111,60,78.9,0,False,2024-07-26,,2.92,6171.0,1
EMP0483,Team J,Sales,Account Executive,EMP0392,,2026-04-01,160.0,154.7,6.8,0.3,13,2000,70.5,0,True,2024-12-03,2026-07-15,3.58,6596.0,1
EMP0320,Team C,Engineering,Data Engineer,EMP0193,Remote,2026-02-01,160.0,154.5,4.7,0.1,14,0,61.4,5,False,2025-04-08,,4.08,9693.0,1
EMP0187,Team C,Operations,Ops Analyst,EMP0351,HQ,2026-04-01,160.0,165.0,10.9,0.3,29,40,50.2,10,False,2025-09-30,,3.1,5803.2,1
EMP0358,Team F,sales,SDR,EMP0077,Remote,2026-04-01,160.0,164.3,4.3,4.2,27,150,79.4,2,False,2022-11-05,,3.84,4781.0,1
EMP0039,Team J,Support,Support Agent,EMP0300,Remote,2026-06-01,160.0,162.3,2.3,,109,50,71.2,1,False,2025-06-06,,2.22,3978.0,1
EMP0250,Team A,Operations,Ops Analyst,EMP0225,,2026-02-01,160.0,147.7,4.3,0.7,55,40,52.9,2,False,2022-08-19,,3.52,4932.8,1
EMP0324,Team J,Engineering,QA Engineer,EMP0392,Remote,2025-10-01,160.0,160.6,0.6,5.5,27,0,41.4,6,False,2023-03-24,,4.18,6783.0,1
EMP0327,Team H,Sales,SDR,EMP0077,Branch-East,2025-09-01,160.0,167.3,16.7,1.6,42,150,71.3,0,False,2025-01-22,,,5385.8,1
EMP0086,Team H,Sales,Sales Manager,EMP0217,Branch-East,2025-09-01,160.0,154.2,1.2,0.6,10,2500,93.6,0,False,2023-08-16,,3.47,8112.0,1
EMP0055,Team G,Sales,Sales Manager,EMP0392,Branch-East,2025-12-01,160.0,167.9,12.1,1.4,5,2500,77.7,2,False,2025-10-15,,3.32,9674.6,1
EMP0009,Team C,Support,Support Lead,EMP0061,Branch-West,2026-03-01,160.0,162.4,2.4,4.9,100,60,90.1,0,False,2025-06-23,,3.92,5644.0,1
EMP0402,Team H,Marketing,Marketing Specialist,EMP0085,Branch-West,2026-02-01,160.0,153.2,8.4,4.5,14,300,87.8,0,False,2022-02-23,,3.52,5471.4,1
EMP0196,Team B,Sales,Sales Manager,EMP0245,HQ,2026-08-01,160.0,148.3,1.6,4.6,6,2500,73.1,5,False,2024-03-06,,3.15,7836.4,1
EMP0289,Team B,Engineering,DevOps Engineer,EMP0480,Remote,2025-11-01,160.0,160.5,0.5,0.5,12,0,57.8,0,False,2023-10-15,,3.73,9352.5,1
EMP0416,Team D,Sales,Account Executive,EMP0450,Branch-East,2026-03-01,160.0,156.7,10.8,0.7,19,2000,79.2,2,False,2025-02-23,,3.29,6916.0,1
EMP0299,Team A,Support,Support Lead,EMP0035,HQ,2026-03-01,160.0,177.7,47.1,0.2,59,60,55.8,4,False,2024-09-07,,4.15,8443.9,1
EMP0254,Team C,Sales,SDR,EMP0392,Remote,2025-10-01,160.0,159.1,1.4,0.1,39,150,92.4,0,False,2024-03-23,,3.56,4513.6,1
EMP0167,Team E,Sales,Account Executive,EMP0450,Remote,2026-03-01,160.0,157.6,27.9,1.1,12,2000,95.1,3,False,2026-02-10,,2.87,7978.0,1
EMP0106,Team J,Engineering,Data Engineer,EMP0309,HQ,2026-02-01,160.0,163.5,3.5,3.5,18,0,56.9,4,False,2025-03-01,,3.76,10125.0,1
EMP0194,Team A,Support,Support Lead,EMP0320,HQ,2026-08-01,160.0,160.6,0.6,1.6,101,60,53.7,1,False,2022-07-10,,3.67,5491.0,1
EMP0254,Team C,Sales,SDR,EMP0392,Remote,2025-11-01,160.0,154.7,17.3,1.0,46,150,90.1,1,False,2024-03-23,,3.8,5058.2,1
EMP0374,Team H,Support,Support Agent,EMP0344,Branch-West,2025-11-01,160.0,155.6,21.1,0.6,133,50,44.2,1,False,2022-05-23,,4.4,4494.0,1
EMP0023,Team E,Engineering,QA Engineer,EMP0147,Remote,2026-06-01,160.0,156.6,5.6,1.7,26,0,60.5,1,False,2023-07-21,,3.13,6930.0,1
EMP0306,Team H,Marketing,Content Creator,EMP0333,HQ,2026-04-01,160.0,151.4,0.3,0.9,21,150,93.6,1,False,2025-10-08,,,4555.5,1
EMP0405,Team B,Sales,SDR,EMP0309,Remote,2026-03-01,160.0,148.0,7.7,1.4,31,150,57.7,0,False,2024-10-13,,3.11,4467.4,1
EMP0114,Team A,Operations,Ops Coordinator,EMP0309,Remote,2026-05-01,160.0,157.0,2.8,3.5,69,35,94.9,0,False,2025-11-30,,3.06,4352.4,1
EMP0180,Team G,Engineering,QA Engineer,EMP0199,Branch-West,2025-09-01,160.0,157.3,3.8,2.9,30,0,71.8,2,False,2024-11-03,,4.9,6846.0,1
EMP0421,Team C,Operations,Ops Coordinator,EMP0303,Branch-East,2026-05-01,160.0,159.7,6.6,,74,35,55.0,1,False,2026-01-13,,3.3,4579.2,1
EMP0016,Team H,Engineering,QA Engineer,EMP0147,HQ,2026-07-01,160.0,161.3,7.7,1.2,16,0,74.5,5,False,2024-01-03,,3.81,7259.7,1
EMP0380,Team G,  Engineering  ,Developer,EMP0318,HQ,2026-06-01,160.0,158.6,7.1,5.4,24,0,74.3,3,False,2021-10-15,,4.96,9308.75,1
EMP0477,  Team F  ,Engineering,DevOps Engineer,EMP0102,Remote,2026-06-01,160.0,158.6,38.4,2.2,10,0,97.4,1,False,2025-09-07,,2.96,12539.6,1
EMP0441,Team E,Engineering,Developer,EMP0006,Branch-East,2026-05-01,160.0,150.3,4.0,0.7,18,0,97.4,1,False,2024-06-21,,4.42,8596.5,1
EMP0357,Team D,Engineering,Developer,EMP0309,HQ,2026-03-01,160.0,156.9,8.0,5.8,22,0,71.6,1,False,2025-04-27,,4.09,9289.5,1
EMP0332,Team G,Operations,Ops Analyst,EMP0476,HQ,2026-03-01,160.0,156.9,2.9,2.8,60,40,66.5,0,False,2022-09-30,,2.4,5160.0,1
EMP0407,Team I,Sales,Account Executive,EMP0187,Remote,2025-10-01,160.0,138.9,4.7,1.7,17,2000,80.8,3,False,2023-02-17,,3.61,5838.0,1
EMP0407,Team I,Sales,Account Executive,EMP0187,Remote,2026-03-01,160.0,164.1,4.1,2.6,16,2000,80.2,1,False,2023-02-17,,4.66,6810.0,1
EMP0180,Team G,Engineering,QA Engineer,EMP0199,Branch-West,2026-03-01,160.0,164.1,4.1,0.5,25,0,74.1,5,False,2024-11-03,,3.5,7150.5,1
EMP0323,Team C,Support,Support Agent,EMP0071,Remote,2026-01-01,160.0,167.7,23.8,0.6,148,50,,0,False,2023-12-31,,4.54,4881.6,1
EMP0327,Team H,Sales,SDR,EMP0077,Branch-East,2026-01-01,160.0,147.4,4.3,0.7,37,150,82.5,1,False,2025-01-22,,3.32,4307.8,1
EMP0143,Team G,Sales,SDR,EMP0047,HQ,2026-05-01,160.0,159.2,2.7,0.8,45,150,74.3,5,False,2022-05-23,,3.25,4571.0,1
EMP0485,Team D,Sales,SDR,EMP0471,HQ,2026-02-01,160.0,162.1,6.4,1.3,40,150,78.6,3,False,2024-05-27,,3.89,4807.6,1
EMP0288,Team I,Sales,SDR,EMP0471,Remote,2025-09-01,160.0,151.0,20.8,1.1,58,150,43.2,7,False,2023-09-20,,4.28,5101.6,1
EMP0352,Team H,Operations,Ops Analyst,EMP0100,Branch-West,2025-11-01,160.0,154.2,34.4,1.9,69,40,73.5,2,False,2024-01-17,,4.0,6585.6,1
EMP0453,Team H,Sales,SDR,EMP0193,Remote,2025-09-01,160.0,153.6,0.6,7.3,34,150,65.0,9,False,2024-07-05,,2.61,4326.0,1
EMP0471,Team D,Engineering,QA Engineer,EMP0147,Branch-East,2026-02-01,160.0,143.1,30.1,2.0,27,0,74.6,2,False,2024-07-01,,4.3,7906.5,1
EMP0356,team b,Support,Support Lead,EMP0457,Remote,2026-02-01,160.0,161.8,1.8,5.5,87,60,69.2,2,False,2026-01-04,,2.98,5593.0,1
EMP0146,Team I,Engineering,Developer,EMP0162,Branch-West,2025-09-01,160.0,162.1,5.4,0.0,18,0,74.1,5,False,2022-10-13,,3.75,9361.0,1
EMP0060,Team J,Sales,Sales Manager,EMP0296,Remote,2026-03-01,160.0,157.4,0.3,0.7,11,2500,71.9,2,False,2025-12-17,,2.9,8208.2,1
EMP0273,Team E,Marketing,Content Creator,EMP0438,Branch-West,2026-01-01,160.0,144.8,5.0,2.9,21,150,83.5,2,False,2025-06-28,,4.21,4569.0,1
EMP0004,Team J,Sales,Account Executive,EMP0296,HQ,2026-06-01,160.0,157.6,3.6,1.2,17,2000,88.1,0,False,2023-10-08,,3.61,6520.0,1
EMP0057,Team H,Engineering,Data Engineer,EMP0245,Remote,2025-09-01,160.0,168.6,17.4,1.0,13,0,81.8,2,False,2025-05-07,,3.49,11682.0,1
EMP0491,Team B,Sales,Sales Manager,EMP0193,Remote,2026-01-01,160.0,166.2,8.3,1.0,9,2500,80.4,0,False,2023-07-23,,3.21,9289.8,1
EMP0316,Team J,Support,Support Lead,EMP0100,,2026-02-01,160.0,163.7,3.7,2.4,77,60,,1,False,2025-11-19,,3.66,5754.5,1
EMP0024,Team G,Sales,SDR,EMP0434,Remote,2026-01-01,160.0,166.8,7.2,1.0,35,150,94.0,1,False,2024-05-13,,3.41,4972.8,1
EMP0135,Team C,Marketing,Content Creator,EMP0471,HQ,2025-11-01,160.0,153.7,6.1,1.3,18,150,68.6,0,False,2021-10-07,,4.14,4885.5,1
EMP0405,Team B,Sales,SDR,EMP0309,Remote,2026-07-01,160.0,157.0,8.9,1.8,35,150,76.4,0,False,2024-10-13,,3.02,4769.8,1
EMP0306,Team H,Marketing,Content Creator,EMP0333,HQ,2025-10-01,160.0,161.6,5.8,0.2,24,150,79.8,3,False,2025-10-08,,3.07,5109.0,1
EMP0393,Team J,Sales,Account Executive,EMP0476,HQ,2026-01-01,160.0,163.1,5.0,1.3,14,2000,69.9,5,False,2024-08-12,,,6824.0,1
EMP0145,Team E,Engineering,QA Engineer,EMP0453,Branch-East,2025-10-01,160.0,141.3,1.6,4.6,22,0,65.3,6,False,2024-09-23,,3.47,6035.4,1
EMP0026,Team F,Operations,Ops Analyst,EMP0185,Remote,2026-01-01,160.0,143.4,6.8,1.5,91,40,52.1,0,False,2025-04-06,,2.86,4915.2,1
EMP0284,Team I,Engineering,Developer,EMP0167,HQ,2026-04-01,160.0,160.2,0.2,0.2,22,0,87.2,0,False,2022-05-19,,4.57,8827.5,1
EMP0168,Team C,Engineering,DevOps Engineer,EMP0392,HQ,2026-07-01,160.0,158.6,15.6,3.5,20,0,84.3,0,False,2025-06-23,,3.43,10556.0,1
EMP0172,  Team G  ,Engineering,Developer,EMP0071,Branch-West,2025-12-01,160.0,164.3,4.3,5.6,19,0,97.1,1,False,2024-03-09,,3.03,9391.25,1
EMP0122,Team H,Marketing,Content Creator,EMP0471,Branch-West,2025-09-01,160.0,144.6,11.3,0.7,23,150,74.9,1,False,2022-09-10,,2.56,4846.5,1
EMP0084,Team A,Engineering,Developer,EMP0006,Branch-West,2026-08-01,160.0,150.7,26.9,0.8,16,0,43.7,7,False,2024-05-20,,3.62,10507.75,1
EMP0185,  Team B  ,Engineering,QA Engineer,EMP0450,HQ,2026-07-01,160.0,160.0,0.0,1.5,28,0,74.6,0,False,2025-08-09,,3.18,6720.0,1
EMP0250,  Team A  ,Operations,Ops Analyst,EMP0225,HQ,2026-04-01,160.0,160.7,0.7,0.3,63,40,85.7,4,False,2022-08-19,,3.4,5176.0,1
EMP0201,Team A,SUPPORT,Support Agent,EMP0303,Branch-East,2026-04-01,160.0,140.8,0.0,0.4,123,50,61.0,3,False,2024-07-09,,3.13,3379.2,1
EMP0034,Team J,Marketing,Content Creator,EMP0434,Branch-West,2026-08-01,160.0,154.7,1.7,1.9,17,150,64.8,6,False,2023-04-13,,4.64,4717.5,1
EMP0321,Team F,Sales,Sales Manager,EMP0193,HQ,2026-08-01,160.0,161.2,1.2,0.3,10,2500,,0,False,2023-05-01,,,8476.0,1
EMP0160,Team C,Support,Support Agent,EMP0450,,2025-12-01,160.0,162.9,2.9,0.5,105,50,,0,False,2024-08-10,,2.66,4014.0,1
EMP0280,Team I,Operations,Ops Coordinator,EMP0193,Branch-East,2025-10-01,160.0,154.5,2.7,3.6,60,35,96.8,1,False,2022-01-05,,4.43,4280.85,1
EMP0311,Team F,Sales,Sales Manager,EMP0199,Remote,2025-10-01,160.0,154.0,10.8,1.9,9,2500,79.6,5,False,2024-06-28,,3.66,8850.4,1
EMP0475,Team C,  Sales  ,Account Executive,EMP0457,HQ,2026-01-01,160.0,160.8,0.8,0.6,15,2000,83.0,1,False,2024-06-18,,4.11,6480.0,1
EMP0048,Team J,Sales,Account Executive,EMP0217,Remote,2026-08-01,160.0,146.2,1.6,2.7,15,2000,76.4,1,False,2023-11-16,,3.0,5944.0,1
EMP0290,Team B,Sales,Sales Manager,EMP0453,Remote,2026-01-01,160.0,160.5,21.0,1.1,15,2500,81.3,4,False,2022-01-31,,4.35,9984.0,1
EMP0366,Team H,Sales,SDR,EMP0434,HQ,2025-12-01,160.0,157.3,17.0,2.8,35,150,56.3,2,False,2022-12-12,,3.46,5118.4,1
EMP0403,Team J,Sales,Sales Manager,EMP0225,HQ,2026-03-01,160.0,163.7,3.7,0.8,10,2500,76.0,3,False,2024-10-14,,3.13,8801.0,1
EMP0352,Team H,Operations,Ops Analyst,EMP0100,Branch-West,2025-09-01,160.0,161.9,1.9,6.8,69,40,73.0,1,False,2024-01-17,,,5272.0,1
EMP0470,Team F,Marketing,Marketing Specialist,EMP0450,Branch-West,2026-01-01,160.0,147.2,5.8,0.8,13,300,79.9,0,False,2022-02-18,,3.19,5144.7,1
EMP0316,Team J,Support,Support Lead,EMP0100,HQ,2026-07-01,160.0,149.8,11.1,0.2,106,60,92.0,1,False,2025-11-19,,3.06,5659.3,1
EMP0081,Team H,Marketing,Content Creator,EMP0333,Remote,2026-08-01,160.0,157.9,8.4,1.0,23,150,82.1,4,False,2023-12-26,,2.71,5115.0,1
EMP0176,Team F,Engineering,DevOps Engineer,EMP0193,HQ,2026-04-01,160.0,152.6,7.7,0.7,12,0,85.8,2,False,2025-12-28,,4.19,9520.7,1
EMP0454,Team G,Marketing,Marketing Specialist,EMP0162,HQ,2025-12-01,160.0,163.3,4.0,0.4,5,300,82.8,1,False,2023-08-22,,3.71,5586.9,1
EMP0246,Team B,Marketing,Marketing Specialist,EMP0355,HQ,2026-04-01,160.0,154.7,2.6,0.6,10,300,46.8,5,False,2024-11-20,,3.81,5233.8,1
EMP0296,Team I,Sales,Account Executive,EMP0450,HQ,2025-11-01,160.0,165.6,5.6,0.6,12,2000,60.7,2,False,2023-04-24,,3.21,6960.0,1
EMP0394,Team F,Operations,Ops Coordinator,EMP0259,Remote,2026-06-01,160.0,166.3,6.3,3.6,70,35,92.2,1,False,2025-03-27,,4.1,4745.25,1
EMP0413,Team I,Marketing,Content Creator,EMP0301,Branch-East,2025-09-01,160.0,162.8,7.8,2.1,18,150,91.3,3,False,2023-10-30,,3.68,5235.0,1
EMP0473,Team H,Engineering,Developer,EMP0071,HQ,2026-07-01,160.0,163.4,3.8,1.3,19,0,64.8,1,False,2025-08-28,,3.3,9300.5,1
EMP0381,Team B,Engineering,Developer,EMP0259,Remote,2025-09-01,160.0,153.6,4.2,0.0,19,0,81.9,1,False,2025-04-07,,3.34,8794.5,1
EMP0128,Team C,Marketing,Marketing Specialist,EMP0077,HQ,2026-01-01,160.0,153.7,2.5,2.2,13,300,56.6,1,False,2022-10-12,,3.97,5195.85,1
EMP0338,Team D,Support,Support Agent,EMP0422,Remote,2025-09-01,160.0,163.2,21.5,0.1,113,50,71.1,1,False,2025-09-16,,3.28,4690.8,1
EMP0457,Team G,Engineering,Data Engineer,EMP0147,Remote,2025-11-01,160.0,146.0,6.5,1.1,17,0,82.8,0,False,2022-07-06,,2.56,9345.0,1
EMP0353,Team A,Support,Support Lead,EMP0470,Remote,2025-09-01,160.0,160.5,2.5,1.8,106,60,66.3,1,False,2023-08-26,,3.8,5584.5,1
EMP0421,Team C,Operations,Ops Coordinator,EMP0303,Branch-East,2026-04-01,160.0,160.5,0.5,1.7,51,35,27.1,16,False,2026-01-13,,2.71,4353.75,1
EMP0035,Team H,Marketing,Content Creator,EMP0351,Remote,2026-05-01,160.0,161.3,1.3,1.6,25,150,63.1,0,False,2022-07-26,,3.61,4897.5,1
EMP0401,Team D,Engineering,Data Engineer,EMP0071,HQ,2026-05-01,160.0,161.0,9.5,3.3,12,0,61.8,6,False,2023-05-29,,4.72,10515.0,1
EMP0469,Team J,Engineering,Data Engineer,EMP0185,Remote,2025-09-01,160.0,151.5,2.8,0.4,13,0,83.2,5,False,2022-07-22,,3.06,9342.0,1
EMP0257,Team A,Marketing,Marketing Specialist,EMP0476,Remote,2026-08-01,160.0,156.5,2.4,1.9,12,300,51.1,5,False,2025-05-28,,3.4,5283.3,1
EMP0465,Team A,Marketing,Content Creator,EMP0376,Remote,2026-07-01,160.0,166.7,6.7,0.9,16,150,97.5,0,False,2025-04-17,,3.53,5302.5,1
EMP0143,Team G,Sales,SDR,EMP0047,HQ,2025-11-01,160.0,147.8,0.2,0.0,47,150,44.5,1,False,2022-05-23,,,4146.8,1
EMP0067,Team F,Engineering,Developer,EMP0355,Remote,2025-12-01,160.0,160.8,0.8,0.6,15,0,82.9,6,False,2022-11-18,,4.04,8910.0,1
EMP0210,Team A,Engineering,Developer,EMP0193,Remote,2026-04-01,160.0,158.9,0.8,0.7,19,0,46.1,3,False,2021-11-02,,3.82,8805.5,1
EMP0064,Team J,Sales,Account Executive,EMP0077,Branch-East,2026-02-01,160.0,162.4,12.2,1.8,15,2000,78.9,4,False,2021-09-07,,3.58,7228.0,1
EMP0298,Team I,Engineering,Developer,EMP0309,Remote,2025-09-01,160.0,147.7,0.3,0.1,18,0,68.7,1,True,2021-10-22,2025-12-20,3.94,8148.25,1
EMP0250,Team A,Operations,Ops Analyst,EMP0225,HQ,2026-01-01,160.0,165.4,5.4,0.3,53,40,84.5,0,False,2022-08-19,,3.11,5552.0,1
EMP0267,Team F,Support,Support Agent,EMP0185,Remote,2026-07-01,160.0,165.9,5.9,0.7,130,50,71.3,7,False,2025-11-23,,4.47,4194.0,1
EMP0440,Team G,Engineering,Developer,EMP0318,HQ,2026-02-01,160.0,153.1,22.7,1.6,17,0,86.8,1,False,2025-09-25,,2.47,10293.25,1
EMP0222,Team I,Sales,SDR,EMP0218,Branch-East,2025-09-01,160.0,160.0,9.6,0.1,39,150,70.8,0,False,2023-02-12,,3.78,4883.2,1
EMP0343,Team E,Engineering,QA Engineer,EMP0277,Branch-East,2025-09-01,160.0,143.9,4.9,0.9,25,0,95.9,2,False,2024-02-08,,3.1,6352.5,1
EMP0322,Team E,Support,Support Lead,EMP0100,Branch-West,2025-09-01,160.0,163.1,3.1,2.1,92,60,65.7,0,False,2023-11-17,,4.7,5703.5,1
EMP0372,Team H,Engineering,Data Engineer,EMP0301,HQ,2026-02-01,160.0,167.2,7.6,6.3,18,0,95.0,0,False,2022-07-05,,4.36,10716.0,1
EMP0250,Team A,Operations,Ops Analyst,EMP0225,HQ,2026-08-01,160.0,163.1,6.7,1.0,69,40,83.9,4,False,2022-08-19,,2.53,5540.8,1
EMP0147,Team A,support,Support Lead,,Branch-West,2025-11-01,160.0,153.1,7.4,0.3,107,60,59.6,0,False,2023-04-22,,3.67,5582.8,1
EMP0291,Team F,Engineering,Developer,EMP0392,HQ,2025-10-01,160.0,164.5,4.8,0.9,18,0,85.3,0,True,2024-05-14,2026-01-29,3.36,9443.5,1
EMP0011,Team B,Engineering,Developer,EMP0217,Remote,2026-05-01,160.0,140.1,0.7,0.1,18,0,86.2,0,False,2025-08-31,,3.07,7763.25,1
EMP0181,Team F,Sales,SDR,EMP0309,HQ,2026-01-01,160.0,152.8,16.0,0.1,37,150,40.4,1,False,2024-12-27,,4.32,4950.4,1
EMP0149,Team J,Engineering,QA Engineer,EMP0071,HQ,2026-07-01,160.0,143.8,11.8,2.4,22,0,89.5,4,False,2022-08-29,,3.34,6783.0,1
EMP0240,Team E,Engineering,DevOps Engineer,EMP0259,Branch-East,2026-04-01,160.0,155.0,6.1,0.7,15,0,76.0,0,False,2025-10-21,,4.66,9520.7,1
EMP0124,Team D,Engineering,QA Engineer,EMP0085,Remote,2026-05-01,160.0,158.0,12.2,1.6,24,0,40.4,0,False,2022-06-11,,3.39,7404.6,1
EMP0267,  Team F  ,Support,Support Agent,EMP0185,Remote,2026-01-01,160.0,151.3,2.6,6.5,191,50,,1,False,2025-11-23,,4.16,3724.8,1
EMP0281,Team D,Marketing,Marketing Specialist,EMP0376,HQ,2026-07-01,160.0,150.8,0.9,2.6,10,300,86.1,6,False,2024-05-11,,3.53,5020.95,1
EMP0468,Team A,Marketing,Marketing Specialist,EMP0259,HQ,2025-09-01,160.0,160.7,0.7,1.4,16,300,54.6,0,False,2021-09-19,,3.56,5337.75,1
EMP0494,Team C,Engineering,Data Engineer,EMP0210,HQ,2025-12-01,160.0,149.3,2.3,0.2,9,0,89.1,1,False,2024-08-06,,4.14,9165.0,1
EMP0116,Team G,Marketing,Marketing Specialist,EMP0162,Remote,2026-04-01,160.0,168.1,13.9,0.2,11,300,84.1,2,False,2024-08-31,,3.48,6235.35,1
EMP0398,Team E,Sales,Sales Manager,EMP0243,Remote,2025-11-01,160.0,155.7,30.5,1.3,10,2500,93.9,1,False,2024-02-16,,3.15,10475.4,1
EMP0006,Team E,Engineering,Developer,EMP0351,HQ,2026-02-01,160.0,159.0,14.9,0.2,10,0,87.8,0,False,2023-08-19,,3.32,9974.25,1
EMP0465,Team A,Marketing,Content Creator,EMP0376,Remote,2026-01-01,160.0,161.5,1.5,1.7,20,150,57.2,0,False,2025-04-17,,2.38,4912.5,1
EMP0436,Team C,Support,Support Agent,EMP0420,Remote,2025-12-01,160.0,153.9,32.7,3.4,78,50,89.4,1,False,2025-06-01,,3.86,4870.8,1
EMP0500,Team B,Marketing,Content Creator,EMP0243,Branch-East,2026-03-01,160.0,153.9,9.4,2.4,20,150,95.9,2,False,2023-12-17,,3.47,5040.0,1
EMP0173,Team B,Sales,SDR,EMP0392,Remote,2025-11-01,160.0,154.9,1.9,0.8,41,150,94.8,1,False,2021-08-26,,4.54,4417.0,1
EMP0282,Team D,Sales,Sales Manager,EMP0199,HQ,2026-01-01,160.0,159.1,1.1,2.5,9,2500,48.7,3,False,2022-10-28,,2.4,8359.0,1
EMP0219,Team A,Support,Support Agent,EMP0480,Branch-East,2026-06-01,160.0,166.3,6.9,2.1,121,50,85.9,1,False,2021-12-22,,3.21,4239.6,1
EMP0368,Team D,Marketing,Content Creator,EMP0449,HQ,2025-11-01,160.0,168.6,27.8,2.1,20,150,55.8,1,False,2025-05-23,,3.03,6309.0,1
EMP0248,Team H,Marketing,Marketing Specialist,EMP0061,HQ,2026-05-01,160.0,140.1,1.7,1.6,13,300,69.1,2,False,2022-06-20,,3.53,4707.45,1
EMP0258,Team I,Support,Support Agent,EMP0210,Branch-East,2025-10-01,160.0,152.8,11.3,1.6,116,50,80.5,0,False,2025-07-29,,3.97,4074.0,1
EMP0328,Team F,Support,Support Lead,EMP0167,Branch-East,2026-01-01,160.0,162.2,2.2,2.2,86,60,76.0,0,False,2024-09-18,,3.63,5627.0,1
EMP0262,Team G,Marketing,Content Creator,EMP0309,Remote,2026-01-01,160.0,165.2,6.8,4.0,21,150,63.2,0,False,2025-10-18,,4.35,5262.0,1
EMP0378,Team D,Engineering,Developer,EMP0177,Remote,2026-06-01,160.0,170.0,10.0,1.0,11,0,75.6,0,False,2023-07-16,,3.92,10175.0,1
EMP0072,Team G,Engineering,Developer,EMP0218,HQ,2026-01-01,160.0,149.1,1.4,0.1,14,0,86.8,4,True,2025-02-03,2026-05-29,2.14,8316.0,1
EMP0474,Team F,Marketing,Marketing Specialist,EMP0035,HQ,2026-04-01,160.0,153.2,2.5,0.8,13,300,65.6,1,False,2024-08-21,,5.0,5179.35,1
EMP0110,Team B,Engineering,DevOps Engineer,EMP0217,HQ,2026-02-01,160.0,160.2,0.2,1.6,20,0,94.0,2,False,2024-10-04,,2.12,9309.0,1
EMP0369,Team F,Engineering,Developer,EMP0100,Remote,2025-09-01,160.0,164.2,26.2,2.4,23,0,96.2,0,False,2023-07-03,,3.74,11192.5,1
EMP0138,Team F,Support,Support Lead,EMP0245,Remote,2026-07-01,160.0,139.8,0.7,0.7,93,60,81.5,2,False,2024-02-26,,3.39,4788.9,1
EMP0497,Team A,Sales,Account Executive,EMP0351,Remote,2026-02-01,160.0,145.8,6.4,0.1,15,2000,95.6,1,False,2025-09-17,,4.35,6216.0,1
EMP0007,Team E,Engineering,Data Engineer,EMP0355,Branch-West,2026-08-01,160.0,136.9,0.5,5.6,17,0,97.7,3,False,2022-05-29,,3.45,8259.0,1
EMP0191,team e,Engineering,QA Engineer,EMP0147,Remote,2026-01-01,160.0,156.8,14.1,1.7,20,0,83.3,2,False,2023-11-14,,2.98,7473.9,1
EMP0498,Team J,Engineering,Developer,EMP0449,Branch-West,2026-01-01,160.0,155.0,14.6,0.1,17,0,66.5,6,False,2024-06-20,,3.25,9729.5,1
EMP0176,Team F,Engineering,DevOps Engineer,EMP0193,HQ,2025-12-01,160.0,163.3,3.3,4.8,14,0,60.8,2,False,2025-12-28,,2.89,9758.5,1
EMP0076,Team H,Support,Support Lead,EMP0309,Remote,2025-12-01,160.0,166.9,6.9,0.2,81,60,72.6,0,False,2024-05-03,,3.48,6026.5,1
EMP0427,Team G,Sales,Account Executive,EMP0482,HQ,2026-01-01,160.0,164.2,4.2,0.8,18,2000,80.0,0,False,2021-11-10,,2.42,6820.0,1
EMP0102,Team E,Support,Support Lead,EMP0351,HQ,2025-10-01,160.0,148.5,31.2,2.6,112,60,70.9,3,False,2024-04-04,,3.51,6640.2,1
EMP0268,TEAM G,Support,Support Lead,EMP0147,HQ,2025-10-01,160.0,156.1,1.7,0.2,77,60,59.6,0,False,2022-06-15,,4.05,5394.1,1
EMP0120,Team C,Sales,SDR,EMP0303,Branch-East,2025-12-01,160.0,159.2,9.9,1.4,28,150,87.6,1,False,2025-11-04,,3.31,4873.4,1
EMP0331,Team E,Sales,SDR,EMP0449,Branch-West,2026-03-01,160.0,166.1,13.0,,33,150,87.1,2,False,2025-01-10,,3.75,5196.8,1
EMP0261,Team B,Support,Support Lead,EMP0480,HQ,2026-05-01,160.0,141.5,0.8,0.8,94,60,80.6,2,False,2023-09-20,,4.11,4851.8,1
EMP0113,Team F,Marketing,Content Creator,EMP0476,Remote,2026-07-01,160.0,150.5,0.3,1.1,22,150,68.7,1,False,2025-12-11,,3.52,4528.5,1
EMP0125,Team G,Engineering,QA Engineer,EMP0033,HQ,2026-02-01,160.0,163.2,24.9,3.1,22,0,75.9,6,False,2022-05-04,,2.96,8423.1,1
EMP0294,Team C,Sales,Account Executive,EMP0318,Remote,2026-07-01,160.0,154.0,2.3,1.4,22,2000,65.8,6,False,2023-01-18,,,6298.0,1
EMP0440,Team G,Engineering,Developer,EMP0318,HQ,2026-07-01,160.0,161.3,3.9,0.9,15,0,73.8,1,False,2025-09-25,,4.0,9193.25,1
EMP0466,Team F,Sales,SDR,EMP0422,Remote,2025-10-01,160.0,161.7,1.7,0.1,33,150,60.0,0,False,2025-03-16,,4.04,4599.0,1
EMP0101,Team A,Engineering,QA Engineer,EMP0457,,2026-03-01,160.0,147.8,18.6,1.8,25,0,71.9,6,False,2021-09-29,,4.39,7379.4,1
EMP0409,Team D,Marketing,Marketing Specialist,EMP0320,Branch-East,2025-10-01,160.0,153.3,7.0,1.9,12,300,68.6,0,False,2023-07-23,,2.88,5405.4,1
EMP0269,Team D,Sales,SDR,EMP0100,HQ,2026-04-01,160.0,150.4,5.3,0.1,34,150,86.2,5,False,2022-01-05,,3.56,4433.8,1
EMP0158,Team J,Operations,Ops Analyst,EMP0006,Branch-West,2025-09-01,160.0,161.5,28.7,6.2,69,40,47.4,1,False,2023-12-14,,3.57,6545.6,1
EMP0485,Team D,Sales,SDR,EMP0471,HQ,2026-07-01,160.0,162.5,2.5,0.2,34,150,85.5,2,False,2024-05-27,,4.01,4655.0,1
EMP0181,Team F,Sales,SDR,EMP0309,HQ,2026-07-01,160.0,149.1,1.7,0.1,32,150,67.6,1,False,2024-12-27,,4.69,4246.2,1
EMP0341,Team C,Sales,Account Executive,EMP0061,Branch-East,2026-04-01,160.0,167.3,7.6,2.3,12,2000,31.1,12,False,2023-04-15,,3.11,7148.0,1
EMP0457,Team G,Engineering,Data Engineer,EMP0147,Remote,2026-06-01,160.0,153.5,32.9,1.5,9,0,57.9,0,False,2022-07-06,,3.6,12171.0,1
EMP0385,Team B,Operations,Ops Analyst,EMP0217,HQ,2026-08-01,160.0,167.1,7.1,3.3,49,40,89.0,1,False,2022-05-10,,4.24,5688.0,1
EMP0044,Team E,Marketing,Marketing Specialist,EMP0035,Remote,2026-06-01,160.0,147.1,4.2,3.2,14,300,53.6,0,False,2023-11-14,,4.31,5062.2,1
EMP0261,Team B,Support,Support Lead,EMP0480,HQ,2026-03-01,160.0,162.7,2.7,0.5,64,60,85.0,3,False,2023-09-20,,3.46,5669.5,1
EMP0111,Team I,Engineering,Developer,EMP0293,HQ,2025-11-01,160.0,153.3,2.2,0.4,20,0,69.2,2,False,2023-08-02,,4.18,8613.0,1
EMP0265,Team B,Marketing,Marketing Specialist,EMP0006,Branch-West,2025-10-01,160.0,159.2,0.0,2.5,12,300,73.1,0,False,2022-09-06,,3.58,5253.6,1
EMP0323,Team C,Support,Support Agent,EMP0071,Remote,2026-02-01,160.0,162.9,2.9,0.4,139,50,79.4,1,False,2023-12-31,,2.68,4014.0,1
EMP0066,Team D,Sales,Account Executive,EMP0167,HQ,2025-09-01,160.0,164.4,4.4,1.3,17,2000,90.3,0,True,2023-03-26,2026-01-05,4.58,6840.0,1
EMP0155,Team E,Marketing,Marketing Specialist,EMP0251,Remote,2025-10-01,160.0,153.8,1.0,1.1,15,300,58.1,2,False,2022-03-02,,3.61,5124.9,1
EMP0496,Team E,Sales,Account Executive,EMP0303,HQ,2025-11-01,160.0,159.7,1.2,2.7,11,2000,74.5,0,False,2023-10-04,,3.68,6460.0,1
EMP0368,Team D,Marketing,Content Creator,EMP0449,HQ,2026-06-01,160.0,144.6,5.8,1.2,22,150,57.2,2,False,2025-05-23,,3.92,4599.0,1
EMP0328,Team F,Support,Support Lead,EMP0167,Branch-East,2026-06-01,160.0,160.0,0.1,1.5,93,60,70.3,0,False,2024-09-18,,4.14,5445.1,1
EMP0331,Team E,Sales,SDR,EMP0449,Branch-West,2025-11-01,160.0,161.1,1.1,6.2,45,150,98.5,1,False,2025-01-10,,3.39,4557.0,1
EMP0461,Team C,Engineering,DevOps Engineer,EMP0453,HQ,2026-01-01,160.0,157.3,8.8,1.0,15,0,95.9,3,False,2023-10-09,,3.99,9889.0,1
EMP0064,Team J,Sales,Account Executive,EMP0077,Branch-East,2025-12-01,160.0,155.9,12.0,1.6,13,2000,97.3,3,False,2021-09-07,,3.55,6956.0,1
EMP0069,Team F,Engineering,QA Engineer,EMP0218,Branch-East,2025-11-01,160.0,150.0,21.2,4.4,32,0,87.8,5,False,2024-09-25,,3.69,7635.6,1
EMP0126,Team I,Sales,Sales Manager,EMP0077,Remote,2025-11-01,160.0,146.5,1.6,1.0,9,2500,85.9,1,False,2024-08-28,,2.59,7742.8,1
EMP0049,Team C,Sales,SDR,EMP0225,Remote,2026-01-01,160.0,154.1,6.1,,39,150,79.5,2,False,2025-12-31,,3.82,4571.0,1
EMP0158,Team J,Operations,Ops Analyst,EMP0006,Branch-West,2026-04-01,160.0,163.9,3.9,4.5,49,40,96.5,2,False,2023-12-14,,,5432.0,1
EMP0215,Team I,Support,Support Agent,EMP0193,Branch-East,2026-07-01,160.0,163.0,3.0,0.9,112,50,71.8,4,False,2022-11-10,,3.01,4020.0,1
EMP0469,Team J,Engineering,Data Engineer,EMP0185,Remote,2026-01-01,160.0,152.7,8.8,1.0,22,0,35.2,0,False,2022-07-22,,3.63,9954.0,1
EMP0316,Team J,Support,Support Lead,EMP0100,HQ,2025-11-01,160.0,160.8,0.8,0.6,85,60,60.5,1,False,2025-11-19,,3.83,5508.0,1
EMP0146,Team I,Engineering,Developer,EMP0162,Branch-West,2026-08-01,160.0,162.8,2.8,10.1,19,0,96.0,0,False,2022-10-13,,3.75,9185.0,1
EMP0468,Team A,Marketing,Marketing Specialist,EMP0259,HQ,2026-03-01,160.0,135.6,1.3,0.8,10,300,63.0,0,False,2021-09-19,,3.92,4539.15,1
EMP0375,Team A,Engineering,Data Engineer,EMP0187,Branch-East,2025-09-01,160.0,159.2,5.1,3.1,19,0,71.9,0,False,2024-12-29,,3.22,10011.0,1
EMP0104,Team J,Sales,Account Executive,EMP0453,Remote,2026-07-01,160.0,154.0,5.5,0.3,12,2000,68.5,1,False,2022-03-09,,3.15,6490.0,1
EMP0259,Team F,Sales,SDR,EMP0147,Remote,2025-12-01,160.0,181.2,28.5,0.3,41,150,87.8,2,False,2024-09-25,,3.41,6270.6,1
EMP0393,Team J,Sales,Account Executive,EMP0476,HQ,2026-03-01,160.0,170.5,10.5,1.3,14,2000,75.4,0,False,2024-08-12,,3.44,7450.0,1
EMP0005,Team C,Engineering,Developer,EMP0355,Remote,2026-05-01,160.0,160.8,1.0,0.7,17,0,60.5,2,False,2022-05-08,,3.17,8926.5,1
EMP0436,Team C,Support,Support Agent,EMP0420,Remote,2026-01-01,160.0,150.2,23.3,0.9,120,50,92.7,0,False,2025-06-01,,2.79,4443.6,1
EMP0318,Team G,Engineering,QA Engineer,EMP0450,Remote,2025-09-01,160.0,142.1,7.7,1.9,27,0,80.3,0,False,2022-01-13,,4.65,6453.3,1
EMP0087,Team E,Support,Support Lead,EMP0185,,2025-10-01,160.0,155.9,1.3,5.3,98,60,97.5,2,False,2023-12-17,,4.23,5366.9,1
EMP0108,Team J,Operations,Ops Analyst,EMP0061,,2026-03-01,160.0,162.3,4.4,0.2,78,40,92.4,0,False,2022-03-17,,3.06,5404.8,1
EMP0073,Team B,Engineering,Developer,EMP0035,HQ,2026-06-01,160.0,150.9,2.9,0.7,25,0,,1,False,2025-04-05,,2.64,8538.75,1
EMP0328,Team F,Support,Support Lead,EMP0167,Branch-East,2025-11-01,160.0,164.8,19.1,1.6,92,60,87.0,1,False,2024-09-18,,3.17,6577.3,1
EMP0264,Team A,Sales,Account Executive,EMP0187,Remote,2026-04-01,160.0,144.5,4.9,0.9,16,2000,66.6,3,False,2024-03-18,,,6074.0,1
EMP0493,Team J,Engineering,Developer,EMP0033,Branch-West,2026-05-01,160.0,158.2,1.4,1.6,20,0,88.9,4,False,2024-12-30,,4.0,8816.5,1
EMP0165,Team C,Engineering,DevOps Engineer,EMP0071,Remote,2026-02-01,160.0,174.5,20.2,1.2,21,0,71.9,0,True,2023-06-22,2026-05-31,4.46,11878.4,1
EMP0165,Team C,Engineering,DevOps Engineer,EMP0071,Remote,2025-09-01,160.0,161.1,1.1,4.9,11,0,78.9,2,True,2023-06-22,2026-05-31,3.63,9439.5,1
EMP0242,Team H,Marketing,Marketing Specialist,EMP0167,HQ,2026-05-01,160.0,164.4,23.4,0.1,6,300,62.4,5,False,2024-05-23,,3.54,6583.5,1
EMP0365,Team I,Marketing,Content Creator,EMP0301,HQ,2025-11-01,160.0,152.9,0.3,0.5,18,150,59.3,5,False,2024-09-30,,4.03,4600.5,1
EMP0430,Team I,Engineering,Data Engineer,EMP0318,HQ,2025-11-01,160.0,161.1,1.1,0.5,14,0,69.7,1,False,2025-11-18,,2.86,9765.0,1
EMP0463,Team F,Operations,Ops Analyst,EMP0453,HQ,2026-04-01,160.0,139.1,4.7,2.0,37,40,48.5,2,False,2025-07-16,,3.79,4676.8,1
EMP0343,Team E,Engineering,QA Engineer,EMP0277,Branch-East,2025-11-01,160.0,168.4,8.4,1.9,24,0,82.8,0,False,2024-02-08,,3.05,7602.0,1
EMP0454,Team G,Marketing,Marketing Specialist,EMP0162,HQ,2026-03-01,160.0,165.2,25.6,0.9,11,300,,0,False,2023-08-22,,2.77,6718.8,1
EMP0342,Team G,Sales,SDR,EMP0061,Branch-West,2026-07-01,160.0,167.4,9.2,1.0,46,150,52.5,1,False,2023-09-30,,4.85,5073.6,1
EMP0482,Team H,Support,Support Lead,EMP0450,Remote,2025-12-01,160.0,159.0,19.2,1.3,56,60,67.0,3,False,2024-06-22,,,6385.2,1
EMP0293,Team J,Operations,Ops Analyst,EMP0193,Remote,2025-11-01,160.0,153.0,16.7,3.3,54,40,76.5,2,False,2025-03-19,,3.23,5697.6,1
EMP0419,Team E,Support,Support Agent,EMP0449,HQ,2026-06-01,160.0,158.0,0.7,1.2,156,50,76.3,0,False,2024-08-22,,3.76,3817.2,1
EMP0494,Team C,Engineering,Data Engineer,EMP0210,HQ,2026-05-01,160.0,155.8,1.4,2.6,14,0,53.3,0,False,2024-08-06,,3.9,9474.0,1
EMP0262,Team G,Marketing,Content Creator,EMP0309,Remote,2025-11-01,160.0,142.8,1.1,1.1,25,150,,5,False,2025-10-18,,5.0,4333.5,1
EMP0139,Team H,Sales,Sales Manager,EMP0033,HQ,2026-05-01,160.0,160.6,0.6,2.4,10,2500,54.5,2,False,2025-03-14,,2.92,8398.0,1
EMP0396,Team J,Marketing,Content Creator,EMP0438,HQ,2026-08-01,160.0,160.9,0.9,1.9,20,150,76.6,2,False,2025-12-09,,,4867.5,1
EMP0141,Team B,Marketing,Marketing Specialist,EMP0318,Remote,2025-10-01,160.0,159.2,5.5,1.7,11,300,59.1,0,False,2025-10-26,,4.01,5525.85,1
EMP0120,Team C,Sales,SDR,EMP0303,Branch-East,2026-05-01,160.0,156.8,33.4,3.8,37,150,57.0,2,False,2025-11-04,,,5793.2,1
EMP0141,Team B,Marketing,Marketing Specialist,EMP0318,Remote,2026-07-01,160.0,168.0,9.7,,12,300,91.1,2,False,2025-10-26,,3.0,6024.15,1
EMP0395,Team C,Sales,SDR,EMP0376,Remote,2026-03-01,160.0,162.3,2.3,0.5,24,150,81.1,1,False,2021-09-13,,3.3,4641.0,1
EMP0179,Team B,Marketing,Marketing Specialist,EMP0449,Branch-West,2026-01-01,160.0,154.8,7.0,0.2,13,300,88.5,3,False,2023-03-01,,3.85,5454.9,1
EMP0148,Team E,Sales,Account Executive,EMP0376,HQ,2025-10-01,160.0,163.5,3.5,1.2,17,2000,75.7,2,False,2025-08-11,,3.61,6750.0,1
EMP0334,Team G,Engineering,DevOps Engineer,EMP0450,Branch-East,2025-10-01,160.0,152.5,0.7,1.3,18,0,62.3,0,False,2023-08-04,,4.4,8905.9,1
EMP0004,Team J,Sales,Account Executive,EMP0296,HQ,2025-11-01,160.0,160.3,0.3,0.4,20,2000,,5,False,2023-10-08,,3.69,6430.0,1
EMP0366,Team H,Sales,SDR,EMP0434,HQ,2026-08-01,160.0,164.3,4.3,1.9,38,150,72.8,3,False,2022-12-12,,3.35,4781.0,1
EMP0235,Team B,Engineering,DevOps Engineer,EMP0450,Remote,2026-01-01,160.0,156.9,4.5,2.4,12,0,64.7,2,False,2023-10-25,,3.97,9491.7,1
EMP0330,Team E,Engineering,DevOps Engineer,EMP0351,Branch-East,2026-02-01,160.0,165.2,5.2,0.0,15,0,83.6,0,False,2025-07-30,,3.9,10034.0,1
EMP0236,Team J,Support,Support Agent,EMP0225,Remote,2026-03-01,160.0,156.3,1.6,1.0,93,50,92.2,0,False,2021-11-04,,3.65,3808.8,1
EMP0221,Team D,Support,Support Agent,EMP0420,HQ,2025-09-01,160.0,165.0,23.3,1.4,99,50,86.0,0,False,2022-04-21,,4.4,4798.8,1
EMP0409,Team D,Marketing,Marketing Specialist,EMP0320,Branch-East,2026-06-01,160.0,158.7,5.5,0.1,17,300,87.1,0,False,2023-07-23,,2.94,5509.35,1
EMP0390,Team D,Operations,Ops Coordinator,EMP0355,Branch-West,2025-09-01,160.0,162.0,2.0,0.2,78,35,86.1,2,False,2023-02-12,,3.54,4455.0,1
EMP0129,Team J,Engineering,DevOps Engineer,EMP0033,Remote,2026-07-01,160.0,159.8,29.0,1.1,14,0,75.8,1,False,2022-04-11,,2.78,11791.4,1
EMP0035,Team H,Marketing,Content Creator,EMP0351,Remote,2026-07-01,160.0,163.4,3.4,0.9,18,150,49.1,7,False,2022-07-26,,3.79,5055.0,1
EMP0214,Team A,Engineering,Data Engineer,EMP0453,Remote,2025-11-01,160.0,153.1,9.9,0.5,18,0,83.1,0,False,2022-08-17,,3.75,10077.0,1
EMP0270,Team H,Engineering,DevOps Engineer,EMP0392,Remote,2025-11-01,160.0,160.3,0.3,0.2,12,0,84.5,0,False,2022-08-13,,3.12,9323.5,1
EMP0466,Team F,Sales,SDR,EMP0422,Remote,2026-03-01,160.0,155.1,0.2,0.2,50,150,49.1,0,False,2025-03-16,,3.82,4351.2,1
EMP0382,Team C,support,Support Agent,EMP0277,HQ,2025-11-01,160.0,157.7,30.6,1.3,120,50,86.8,2,False,2024-11-18,,3.2,4886.4,1
EMP0167,Team E,Sales,Account Executive,EMP0450,Remote,2026-08-01,160.0,160.1,7.1,0.7,19,2000,86.7,3,False,2026-02-10,,4.43,6830.0,1
EMP0473,Team H,Engineering,Developer,EMP0071,HQ,2026-08-01,160.0,163.4,3.4,0.1,20,0,77.8,2,False,2025-08-28,,2.46,9267.5,1
EMP0145,Team E,Engineering,QA Engineer,EMP0453,Branch-East,2025-11-01,160.0,149.8,20.0,0.3,15,0,91.8,0,False,2024-09-23,,4.4,7551.6,1
EMP0469,Team J,  Engineering  ,Data Engineer,EMP0185,Remote,2026-04-01,160.0,151.3,4.5,,19,0,70.1,8,False,2022-07-22,,4.29,9483.0,1
EMP0166,Team I,Operations,Ops Coordinator,EMP0035,Branch-West,2026-05-01,160.0,156.0,5.8,3.2,73,35,59.3,6,False,2024-10-04,,3.2,4446.9,1
EMP0398,Team E,Sales,Sales Manager,EMP0243,Remote,2026-05-01,160.0,166.1,6.1,0.9,12,2500,94.7,2,False,2024-02-16,,2.61,9113.0,1
EMP0119,Team I,Marketing,Content Creator,EMP0218,Remote,2025-09-01,160.0,169.5,25.2,1.0,19,150,75.7,1,False,2023-05-10,,3.31,6219.0,1
EMP0280,Team I,Operations,Ops Coordinator,EMP0193,Branch-East,2025-12-01,160.0,156.7,10.7,0.7,53,35,69.8,0,False,2022-01-05,,3.4,4664.25,1
EMP0169,Team J,Engineering,Data Engineer,EMP0301,Branch-East,2025-11-01,160.0,160.7,0.7,0.1,13,0,80.5,4,False,2023-06-29,,4.6,9705.0,1
EMP0400,Team A,Operations,Ops Coordinator,EMP0434,HQ,2026-07-01,160.0,145.1,0.8,0.8,80,35,75.4,1,False,2022-01-07,,4.18,3950.1,1
EMP0038,Team J,Engineering,DevOps Engineer,EMP0199,Branch-West,2025-09-01,160.0,162.3,2.3,4.6,13,0,55.0,0,False,2023-04-29,,2.83,9613.5,1
EMP0374,Team H,Support,Support Agent,EMP0344,Branch-West,2025-09-01,160.0,160.2,0.2,4.2,103,50,69.0,1,False,2022-05-23,,3.41,3852.0,1
EMP0190,Team D,Engineering,QA Engineer,EMP0259,Remote,2026-05-01,160.0,160.2,0.2,3.6,24,0,63.1,1,False,2022-09-18,,3.89,6741.0,1
EMP0136,Team F,Sales,SDR,EMP0318,HQ,2026-06-01,160.0,156.1,3.4,,57,150,64.1,3,False,2024-10-13,,3.77,4513.6,1
EMP0181,Team F,Sales,SDR,EMP0309,HQ,2026-06-01,160.0,139.5,14.0,3.2,39,150,76.9,2,False,2024-12-27,,3.72,4494.0,1
EMP0080,Team E,Engineering,Developer,EMP0422,Remote,2026-05-01,160.0,156.1,10.7,1.6,18,0,91.7,1,False,2024-11-08,,3.94,9468.25,1
EMP0047,Team C,Sales,Account Executive,EMP0450,Remote,2026-06-01,160.0,164.6,5.5,3.6,11,2000,97.2,3,False,2023-12-23,,3.27,6914.0,1
EMP0014,Team C,Engineering,DevOps Engineer,EMP0185,Branch-West,2026-03-01,160.0,164.3,12.7,3.4,13,0,67.7,0,False,2026-02-19,,,10634.3,1
EMP0080,Team E,Engineering,Developer,EMP0422,Remote,2026-07-01,160.0,167.1,22.9,1.1,16,0,98.6,0,False,2024-11-08,,3.44,11079.75,1
EMP0033,Team I,Engineering,Developer,EMP0351,HQ,2025-10-01,160.0,154.5,6.0,1.2,19,0,82.2,1,False,2024-01-01,,2.71,8992.5,1
EMP0005,Team C,ENGINEERING,Developer,EMP0355,Remote,2026-06-01,160.0,160.1,0.1,0.1,21,0,67.8,0,False,2022-05-08,,2.86,8813.75,1
EMP0073,Team B,Engineering,Developer,EMP0035,HQ,2025-12-01,160.0,160.6,0.6,0.8,20,0,61.7,0,False,2025-04-05,,4.1,8882.5,1
EMP0499,Team C,Marketing,Marketing Specialist,EMP0177,HQ,2025-10-01,160.0,162.6,13.7,1.0,11,300,81.0,0,False,2025-03-25,,3.79,6043.95,1
EMP0284,Team I,Engineering,Developer,EMP0167,HQ,2025-11-01,160.0,161.2,7.9,2.3,17,0,96.0,0,False,2022-05-19,,3.86,9517.75,1
EMP0246,Team B,Marketing,Marketing Specialist,EMP0355,HQ,2025-09-01,160.0,169.1,32.5,1.1,12,300,,7,False,2024-11-20,,3.52,7189.05,1
EMP0488,Team I,Engineering,QA Engineer,EMP0480,HQ,2025-11-01,160.0,139.6,2.9,0.4,32,0,88.4,0,False,2023-12-14,,4.78,6045.9,1
EMP0449,Team F,Sales,Sales Manager,EMP0450,HQ,2025-11-01,160.0,153.6,21.6,1.5,10,2500,87.6,0,False,2025-01-09,,3.07,9672.0,1
EMP0499,Team C,Marketing,Marketing Specialist,EMP0177,HQ,2025-12-01,160.0,153.0,4.7,,9,300,,0,False,2025-03-25,,,5281.65,1
EMP0312,Team B,Engineering,DevOps Engineer,EMP0320,Branch-West,2025-11-01,160.0,162.6,2.6,1.0,9,0,87.6,1,False,2023-02-28,,4.89,9657.0,1
EMP0267,Team F,Support,Support Agent,EMP0185,Remote,2026-08-01,160.0,166.4,22.0,0.2,150,50,65.6,1,False,2025-11-23,,4.42,4785.6,1
EMP0041,Team D,Engineering,DevOps Engineer,EMP0162,Branch-East,2026-01-01,160.0,155.8,4.3,1.6,16,0,53.9,2,False,2022-04-09,,4.07,9410.5,1
EMP0500,Team B,Marketing,Content Creator,EMP0243,Branch-East,2025-09-01,160.0,150.7,3.8,2.0,18,150,94.8,3,False,2023-12-17,,3.21,4692.0,1
EMP0102,Team E,Support,Support Lead,EMP0351,HQ,2025-09-01,160.0,159.9,14.8,0.2,68,60,87.8,0,False,2024-04-04,,4.06,6191.4,1
EMP0496,Team E,Sales,Account Executive,EMP0303,,2026-07-01,160.0,140.4,1.7,3.3,13,2000,82.9,2,False,2023-10-04,,2.12,5718.0,1
EMP0090,Team A,Sales,SDR,EMP0280,Branch-East,2026-06-01,160.0,149.3,34.0,0.4,54,150,92.3,0,False,2023-05-20,,3.34,5608.4,1
EMP0241,Team I,Marketing,Content Creator,EMP0251,HQ,2026-02-01,160.0,155.3,8.1,,24,150,97.6,0,False,2021-12-06,,2.91,5023.5,1
EMP0255,Team F,Engineering,DevOps Engineer,EMP0243,HQ,2026-05-01,160.0,161.2,9.1,0.0,19,0,51.2,1,False,2024-02-04,,3.87,10141.3,1
EMP0355,Team D,Engineering,Data Engineer,EMP0193,Remote,2026-04-01,160.0,164.2,4.2,1.4,17,0,85.6,1,False,2022-01-13,,3.78,10230.0,1
EMP0239,Team C,Support,Support Agent,EMP0296,Remote,2026-03-01,160.0,161.4,8.2,1.2,137,50,80.1,1,False,2023-05-19,,4.05,4168.8,1
EMP0407,team i,Sales,Account Executive,EMP0187,Remote,2026-04-01,160.0,163.5,7.6,,15,2000,92.5,1,False,2023-02-17,,4.19,6996.0,1
EMP0004,Team J,  Sales  ,Account Executive,EMP0296,HQ,2026-07-01,160.0,162.2,16.8,0.3,17,2000,79.0,0,False,2023-10-08,,2.4,7496.0,1
EMP0283,Team E,  Sales  ,SDR,EMP0199,,2025-09-01,160.0,157.5,4.8,0.3,37,150,72.1,1,True,2023-01-10,2026-05-03,,4611.6,1
EMP0343,Team E,Engineering,QA Engineer,EMP0277,Branch-East,2025-12-01,160.0,165.4,29.3,0.3,13,0,56.0,0,False,2024-02-08,,3.12,8792.7,1
EMP0302,Team E,Sales,SDR,EMP0033,Remote,2026-06-01,160.0,140.8,2.5,4.7,43,150,66.8,1,False,2025-12-19,,3.79,4047.4,1
EMP0031,Team F,Support,Support Agent,EMP0100,Branch-West,2025-12-01,160.0,162.1,2.1,2.2,106,50,66.2,0,False,2022-09-27,,3.61,3966.0,1
EMP0458,Team H,Sales,SDR,EMP0177,Remote,2026-01-01,160.0,161.1,1.1,3.1,46,150,72.1,0,False,2024-02-18,,3.07,4557.0,1
EMP0387,Team G,Engineering,QA Engineer,EMP0167,HQ,2026-05-01,160.0,159.1,1.4,0.8,27,0,75.1,3,False,2021-12-10,,4.78,6770.4,1
EMP0068,Team J,Operations,Ops Analyst,EMP0434,Remote,2025-12-01,160.0,160.5,3.9,1.0,40,40,69.6,0,False,2024-04-02,,2.46,5323.2,1
EMP0118,Team F,Engineering,QA Engineer,EMP0392,HQ,2026-07-01,160.0,164.5,10.8,2.5,23,0,77.2,0,False,2023-06-17,,4.69,7589.4,1
EMP0268,Team G,Support,Support Lead,EMP0147,HQ,2026-07-01,160.0,149.5,0.9,1.5,81,60,70.0,1,False,2022-06-15,,4.89,5128.9,1
EMP0193,Team E,Marketing,Content Creator,,HQ,2026-06-01,160.0,165.9,9.8,1.4,21,150,60.1,2,False,2023-03-18,,3.94,5418.0,1
EMP0251,Team A,Engineering,DevOps Engineer,EMP0147,HQ,2025-09-01,160.0,157.4,0.3,0.2,14,0,76.6,3,False,2023-11-18,,2.92,9155.3,1
EMP0147,Team A,Support,Support Lead,,Branch-West,2026-08-01,160.0,160.7,2.8,0.2,87,60,74.4,0,False,2023-04-22,,3.35,5606.6,1
EMP0361,Team C,  Sales  ,Account Executive,EMP0210,HQ,2025-12-01,160.0,163.2,3.2,4.4,9,2000,86.1,0,True,2024-03-19,2026-06-26,3.57,6720.0,1
EMP0364,Team H,Sales,Account Executive,EMP0243,HQ,2026-07-01,160.0,144.5,1.8,4.0,13,2000,78.4,7,False,2023-08-09,,2.43,5888.0,1
EMP0213,Team E,Support,Support Agent,EMP0077,HQ,2026-04-01,160.0,147.6,2.3,1.7,125,50,86.6,0,False,2025-08-12,,3.61,3625.2,1
EMP0104,Team J,Sales,Account Executive,EMP0453,Remote,2025-10-01,160.0,156.6,24.7,1.0,15,2000,50.3,3,False,2022-03-09,,4.69,7746.0,1
EMP0299,Team A,Support,Support Lead,EMP0035,HQ,2026-02-01,160.0,161.5,1.5,8.1,103,60,91.7,1,False,2024-09-07,,3.77,5567.5,1
EMP0098,Team J,Sales,SDR,EMP0162,Branch-West,2025-10-01,160.0,160.9,0.9,0.5,39,150,47.6,0,False,2022-07-17,,3.41,4543.0,1
EMP0288,Team I,Sales,SDR,EMP0471,Remote,2026-05-01,160.0,160.2,0.2,1.6,40,150,91.1,3,False,2023-09-20,,3.47,4494.0,1
EMP0302,Team E,Sales,SDR,EMP0033,Remote,2026-05-01,160.0,160.0,22.1,2.7,44,150,78.2,8,False,2025-12-19,,,5408.2,1
EMP0301,Team I,Engineering,DevOps Engineer,EMP0450,Remote,2026-06-01,160.0,152.3,4.2,1.4,14,0,60.8,0,False,2022-05-13,,4.11,9198.8,1
EMP0380,Team G,Engineering,Developer,EMP0318,HQ,2025-09-01,160.0,157.8,4.0,3.5,22,0,78.6,2,False,2021-10-15,,4.36,9009.0,1
EMP0201,Team A,Support,Support Agent,EMP0303,Branch-East,2026-03-01,160.0,158.4,0.9,1.1,109,50,84.0,1,False,2024-07-09,,3.42,3834.0,1
EMP0215,Team I,Support,Support Agent,EMP0193,Branch-East,2026-01-01,160.0,165.3,5.3,6.2,126,50,91.7,0,False,2022-11-10,,3.01,4158.0,1
EMP0344,Team A,Sales,SDR,EMP0450,Remote,2026-07-01,160.0,166.7,6.7,0.1,39,150,54.0,0,False,2022-08-19,,2.72,4949.0,1
EMP0234,Team F,Sales,Sales Manager,EMP0280,Remote,2026-04-01,160.0,151.7,1.5,6.5,10,2500,,3,False,2022-08-23,,2.38,8005.4,1
EMP0402,Team H,Marketing,Marketing Specialist,EMP0085,Branch-West,2026-01-01,160.0,152.3,3.0,0.3,10,300,77.6,0,False,2022-02-23,,3.98,5174.4,1
EMP0031,TEAM F,Support,Support Agent,EMP0100,Branch-West,2026-01-01,160.0,164.5,4.5,1.7,131,50,61.4,0,False,2022-09-27,,3.43,4110.0,1
EMP0144,Team D,Sales,Account Executive,EMP0471,HQ,2026-08-01,160.0,159.5,15.9,1.1,13,2000,82.2,1,False,2025-08-20,,3.75,7334.0,1
EMP0150,Team D,Engineering,QA Engineer,EMP0243,Remote,2025-10-01,160.0,158.9,0.1,,25,0,97.4,3,False,2021-10-31,,3.85,6680.1,1
EMP0266,Team I,Operations,Ops Coordinator,EMP0033,HQ,2026-02-01,160.0,165.2,5.2,0.0,68,35,79.3,1,False,2024-05-19,,3.9,4671.0,1
EMP0287,Team D,Sales,SDR,EMP0033,Branch-West,2026-02-01,160.0,163.0,3.0,4.3,45,150,79.3,1,False,2025-01-08,,4.44,4690.0,1
EMP0093,Team G,Operations,Ops Coordinator,EMP0147,Remote,2025-09-01,160.0,153.5,2.2,4.6,58,35,86.3,1,False,2022-12-17,,2.26,4233.6,1
EMP0425,Team F,Engineering,Developer,EMP0303,Remote,2025-12-01,160.0,165.8,5.8,0.8,16,0,70.0,1,False,2021-10-03,,3.97,9597.5,1
EMP0385,Team B,Operations,Ops Analyst,EMP0217,HQ,2025-11-01,160.0,153.8,4.0,0.9,52,40,80.5,2,False,2022-05-10,,4.14,5113.6,1
EMP0277,Team A,Operations,Ops Coordinator,EMP0480,HQ,2026-08-01,160.0,152.4,0.3,2.5,83,35,81.7,0,False,2024-02-14,,3.43,4126.95,1
EMP0162,Team I,Support,Support Agent,EMP0450,Remote,2025-11-01,160.0,148.0,5.4,0.0,133,50,67.9,0,False,2022-08-14,,3.8,3746.4,1
EMP0397,Team A,Operations,Ops Analyst,EMP0301,Remote,2025-10-01,160.0,173.7,19.1,1.1,69,40,78.0,0,False,2021-08-20,,4.3,6475.2,1
EMP0083,Team D,Sales,Account Executive,EMP0320,HQ,2026-07-01,160.0,153.9,18.1,1.9,17,2000,57.4,1,False,2025-05-17,,2.84,7242.0,1
EMP0342,Team G,Sales,SDR,EMP0061,Branch-West,2026-01-01,160.0,156.1,7.3,2.5,38,150,84.1,4,False,2023-09-30,,3.81,4677.4,1
EMP0136,Team F,Sales,SDR,EMP0318,HQ,2026-02-01,160.0,164.3,4.3,8.6,49,150,68.2,2,False,2024-10-13,,3.81,4781.0,1
EMP0456,Team F,Sales,Sales Manager,EMP0351,HQ,2026-07-01,160.0,163.5,4.0,1.7,16,2500,73.4,0,False,2025-12-25,,3.18,8814.0,1
EMP0086,Team H,Sales,Sales Manager,EMP0217,Branch-East,2026-02-01,160.0,164.0,4.0,0.7,13,2500,74.0,1,False,2023-08-16,,4.47,8840.0,1
EMP0101,Team A,Engineering,QA Engineer,EMP0457,Branch-East,2026-05-01,160.0,155.3,3.4,2.2,24,0,79.6,0,False,2021-09-29,,4.44,6736.8,1
EMP0350,Team B,Support,Support Lead,EMP0167,HQ,2026-01-01,160.0,150.6,0.0,1.9,85,60,78.5,0,False,2024-03-17,,3.02,5120.4,1
EMP0002,Team D,Marketing,Marketing Specialist,EMP0344,Remote,2026-04-01,160.0,161.0,1.0,0.9,14,300,85.3,3,False,2022-03-21,,3.39,5362.5,1
EMP0163,Team I,support,Support Agent,EMP0471,Branch-East,2026-01-01,160.0,151.0,7.5,1.2,149,50,53.5,1,False,2024-08-22,,4.62,3894.0,1
EMP0166,Team I,Operations,Ops Coordinator,EMP0035,Branch-West,2025-12-01,160.0,146.2,5.3,1.5,61,35,80.4,1,False,2024-10-04,,1.9,4162.05,1
EMP0050,Team J,Engineering,Developer,EMP0471,Branch-East,2026-01-01,160.0,158.4,12.4,0.0,14,0,80.6,1,False,2022-02-18,,4.55,9735.0,1
EMP0135,Team C,Marketing,Content Creator,EMP0471,HQ,2026-07-01,160.0,155.3,2.1,1.5,21,150,86.0,3,False,2021-10-07,,4.55,4753.5,1
EMP0302,Team E,Sales,SDR,EMP0033,Remote,2026-02-01,160.0,164.8,4.8,0.5,32,150,76.2,0,False,2025-12-19,,3.77,4816.0,1
EMP0385,Team B,Operations,Ops Analyst,EMP0217,HQ,2026-07-01,160.0,148.2,3.0,0.6,77,40,66.8,2,False,2022-05-10,,3.3,4886.4,1
EMP0338,Team D,Support,Support Agent,EMP0422,Remote,2026-01-01,160.0,161.2,1.2,0.6,106,50,87.2,2,False,2025-09-16,,4.47,3912.0,1
EMP0374,team h,Support,Support Agent,EMP0344,Branch-West,2026-01-01,160.0,155.3,3.4,1.2,94,50,50.4,3,False,2022-05-23,,3.3,3849.6,1
EMP0380,Team G,Engineering,Developer,EMP0318,HQ,2026-04-01,160.0,156.2,16.6,0.2,20,0,97.6,0,False,2021-10-15,,4.83,9960.5,1
EMP0070,Team J,  Marketing  ,Content Creator,EMP0006,Branch-West,2026-03-01,160.0,155.0,3.3,6.5,20,150,89.6,0,False,2025-03-03,,3.88,4798.5,1
EMP0386,Team H,Operations,Ops Coordinator,EMP0259,HQ,2025-11-01,160.0,166.5,10.4,7.6,82,35,55.6,0,False,2023-10-22,,3.4,4916.7,1
EMP0160,Team C,Support,Support Agent,EMP0450,HQ,2026-07-01,160.0,160.4,5.0,1.0,104,50,81.5,0,False,2024-08-10,,2.82,4029.6,1
EMP0416,Team D,Sales,Account Executive,EMP0450,Branch-East,2026-04-01,160.0,163.4,3.4,1.4,15,2000,50.0,2,False,2025-02-23,,3.46,6740.0,1
EMP0352,Team H,Operations,Ops Analyst,EMP0100,Branch-West,2026-05-01,160.0,161.2,1.2,1.0,69,40,96.4,2,False,2024-01-17,,3.39,5216.0,1
EMP0102,Team E,Support,Support Lead,EMP0351,HQ,2026-02-01,160.0,145.9,1.4,0.7,97,60,71.3,0,False,2024-04-04,,4.42,5032.0,1
EMP0241,Team I,Marketing,Content Creator,EMP0251,HQ,2025-11-01,160.0,150.6,25.2,1.0,23,150,78.2,1,False,2021-12-06,,3.93,5652.0,1
EMP0110,Team B,Engineering,DevOps Engineer,EMP0217,HQ,2026-01-01,160.0,170.8,17.5,9.8,17,0,66.7,0,False,2024-10-04,,3.28,11428.9,1
EMP0133,Team E,Engineering,Developer,EMP0147,HQ,2026-07-01,160.0,159.5,0.8,1.7,15,0,78.8,4,False,2025-01-07,,4.05,8838.5,1
EMP0167,Team E,Sales,Account Executive,EMP0450,Remote,2026-04-01,160.0,149.7,6.9,0.6,18,2000,81.3,1,False,2026-02-10,,3.13,6402.0,1
EMP0198,Team C,Marketing,Content Creator,EMP0162,Remote,2026-07-01,160.0,159.2,2.6,1.3,22,150,86.8,1,False,2024-12-29,,4.21,4893.0,1
EMP0132,Team A,Engineering,QA Engineer,EMP0035,Remote,2025-09-01,160.0,139.8,0.1,0.8,35,0,64.7,0,True,2025-05-31,2026-05-06,4.08,5877.9,1
EMP0469,Team J,Engineering,Data Engineer,EMP0185,Remote,2026-03-01,160.0,151.7,8.2,3.6,14,0,93.4,3,False,2022-07-22,,3.81,9840.0,1
EMP0397,Team A,Operations,Ops Analyst,EMP0301,Remote,2026-07-01,160.0,155.2,1.3,0.3,37,40,75.1,0,False,2021-08-20,,3.38,5028.8,1
EMP0197,Team E,Support,Support Agent,EMP0449,HQ,2026-04-01,160.0,163.0,3.0,3.8,90,50,58.8,0,False,2025-08-22,,2.96,4020.0,1
EMP0377,Team B,Operations,Ops Coordinator,EMP0243,Branch-East,2026-08-01,160.0,163.4,3.4,0.7,73,35,76.9,2,False,2025-12-07,,2.98,4549.5,1
EMP0035,Team H,Marketing,Content Creator,EMP0351,Remote,2026-01-01,160.0,158.9,31.2,1.3,26,150,62.7,1,False,2022-07-26,,2.68,6171.0,1
EMP0425,Team F,Engineering,Developer,EMP0303,Remote,2026-06-01,160.0,171.4,11.4,4.3,21,0,,0,False,2021-10-03,,3.83,10367.5,1
EMP0100,Team F,Engineering,Developer,EMP0480,Branch-West,2026-02-01,160.0,159.6,6.0,0.5,14,0,60.7,0,False,2023-06-05,,2.99,9273.0,1
EMP0398,Team E,Sales,Sales Manager,EMP0243,Remote,2026-03-01,160.0,161.7,5.6,10.8,9,2500,84.3,2,False,2024-02-16,,4.61,8845.2,1
EMP0394,Team F,Operations,Ops Coordinator,EMP0259,Remote,2025-09-01,160.0,166.5,10.3,0.3,91,35,,2,False,2025-03-27,,3.51,4912.65,1
EMP0438,Team C,Operations,Ops Analyst,EMP0147,,2026-02-01,160.0,160.5,0.5,1.7,53,40,68.7,1,False,2022-07-07,,3.46,5160.0,1
EMP0420,Team D,Operations,Ops Analyst,EMP0193,Remote,2026-07-01,160.0,164.7,4.7,1.5,62,40,82.5,0,False,2025-05-29,,3.89,5496.0,1
EMP0327,Team H,Sales,SDR,EMP0077,Branch-East,2026-05-01,160.0,145.9,13.8,2.5,42,150,59.6,1,False,2025-01-22,,3.64,4664.8,1
EMP0410,Team H,Engineering,Developer,EMP0061,HQ,2025-09-01,160.0,168.5,8.5,0.4,23,0,57.9,4,False,2024-09-20,,3.23,9968.75,1
EMP0115,Team A,Support,Support Agent,EMP0085,Remote,2026-03-01,160.0,146.2,7.0,1.2,121,50,86.2,1,False,2023-09-29,,3.42,3760.8,1
EMP0236,Team J,Support,Support Agent,EMP0225,Remote,2026-02-01,160.0,155.0,45.0,0.3,141,50,77.9,0,False,2021-11-04,,3.34,5340.0,1
EMP0121,Team C,Operations,Ops Coordinator,EMP0047,Remote,2026-02-01,160.0,160.5,4.6,1.0,86,35,82.2,2,False,2026-02-03,,4.11,4519.8,1
EMP0009,Team C,Support,Support Lead,EMP0061,Branch-West,2025-09-01,160.0,157.1,1.7,0.3,89,60,81.6,3,False,2025-06-23,,3.19,5428.1,1
EMP0152,Team F,  Engineering  ,QA Engineer,EMP0100,HQ,2026-02-01,160.0,153.8,0.1,2.6,23,0,73.3,2,False,2024-12-13,,3.74,6465.9,1
EMP0052,Team D,Operations,Ops Analyst,EMP0293,Remote,2026-05-01,160.0,156.9,1.5,0.9,64,40,80.2,0,False,2025-12-11,,3.46,5092.8,1
EMP0139,Team H,Sales,Sales Manager,EMP0033,HQ,2026-01-01,160.0,162.0,4.9,6.8,11,2500,64.2,0,False,2025-03-14,,3.64,8806.2,1
EMP0272,Team J,Operations,Ops Analyst,EMP0167,HQ,2026-04-01,160.0,160.1,15.1,0.7,66,40,86.0,1,False,2025-10-20,,2.63,5848.0,1
EMP0320,Team C,engineering,Data Engineer,EMP0193,Remote,2026-04-01,160.0,167.2,12.2,0.4,8,0,43.5,8,False,2025-04-08,,3.37,11130.0,1
EMP0102,Team E,Support,Support Lead,EMP0351,HQ,2026-07-01,160.0,160.2,0.2,,101,60,86.7,0,False,2024-04-04,,4.12,5457.0,1
EMP0013,Team H,Operations,Ops Coordinator,EMP0277,HQ,2025-09-01,160.0,144.5,16.8,5.7,82,35,74.4,2,False,2021-11-20,,3.17,4581.9,1
EMP0137,Team C,Sales,Sales Manager,EMP0193,Branch-West,2026-05-01,160.0,147.5,2.5,8.9,9,2500,80.8,0,False,2022-03-30,,2.96,7865.0,1
EMP0375,team a,Engineering,Data Engineer,EMP0187,Branch-East,2025-11-01,160.0,166.2,6.2,1.7,20,0,81.5,1,False,2024-12-29,,4.96,10530.0,1
EMP0411,TEAM G,Sales,Account Executive,EMP0100,Remote,2025-11-01,160.0,153.9,19.1,0.4,13,2000,85.4,1,False,2025-11-25,,5.0,7302.0,1
EMP0469,Team J,Engineering,Data Engineer,EMP0185,Remote,2026-05-01,160.0,162.3,2.3,2.2,14,0,87.8,1,False,2022-07-22,,,9945.0,1
EMP0090,Team A,Sales,SDR,EMP0280,Branch-East,2026-07-01,160.0,150.6,6.9,0.2,38,150,70.0,0,False,2023-05-20,,3.91,4506.6,1
EMP0279,Team J,Support,Support Lead,EMP0320,HQ,2026-07-01,160.0,149.1,5.8,4.2,103,60,93.5,3,False,2024-01-02,,3.08,5365.2,1
EMP0428,Team I,Marketing,Content Creator,EMP0102,HQ,2025-11-01,160.0,166.0,6.0,0.0,17,150,69.5,9,False,2024-10-09,,3.93,5250.0,1
EMP0137,Team C,Sales,Sales Manager,EMP0193,Branch-West,2025-09-01,160.0,162.1,2.1,0.4,10,2500,72.9,0,False,2022-03-30,,3.89,8593.0,1
EMP0031,Team F,Support,Support Agent,EMP0100,Branch-West,2026-04-01,160.0,155.4,1.6,,150,50,55.5,3,False,2022-09-27,,3.85,3787.2,1
EMP0165,Team C,Engineering,DevOps Engineer,EMP0071,Remote,2026-03-01,160.0,151.3,6.8,0.6,15,0,65.9,1,True,2023-06-22,2026-05-31,2.69,9367.0,1
EMP0243,Team I,Marketing,Content Creator,EMP0450,HQ,2025-12-01,160.0,163.2,3.2,0.1,17,150,55.0,1,True,2025-03-13,2026-02-15,2.95,5040.0,1
EMP0407,Team I,Sales,Account Executive,EMP0187,Remote,2025-09-01,160.0,160.6,0.6,0.0,13,2000,62.7,0,False,2023-02-17,,3.98,6460.0,1
EMP0132,Team A,Engineering,QA Engineer,EMP0035,Remote,2026-05-01,160.0,173.3,29.0,,23,0,59.1,2,True,2025-05-31,2026-05-06,2.58,9105.6,1
EMP0471,Team D,Engineering,QA Engineer,EMP0147,Branch-East,2026-05-01,160.0,151.6,36.3,1.7,28,0,85.2,1,False,2024-07-01,,3.75,8654.1,1
EMP0248,Team H,Marketing,Marketing Specialist,EMP0061,HQ,2026-04-01,160.0,157.4,1.2,0.2,11,300,70.1,2,False,2022-06-20,,4.27,5253.6,1
EMP0255,Team F,Engineering,DevOps Engineer,EMP0243,HQ,2026-02-01,160.0,163.3,3.3,0.0,15,0,72.6,6,False,2024-02-04,,2.33,9758.5,1
EMP0125,Team G,Engineering,QA Engineer,EMP0033,HQ,2026-08-01,160.0,160.6,0.6,4.7,22,0,85.6,1,False,2022-05-04,,2.87,6783.0,1
EMP0378,Team D,Engineering,Developer,EMP0177,Remote,2025-09-01,160.0,162.4,2.4,0.6,22,0,70.1,0,False,2023-07-16,,2.59,9130.0,1
EMP0122,Team H,Marketing,Content Creator,EMP0471,Branch-West,2026-02-01,160.0,156.9,8.7,1.5,17,150,57.6,0,False,2022-09-10,,3.56,5098.5,1
EMP0021,Team H,Support,Support Agent,EMP0035,Branch-East,2026-07-01,160.0,156.3,13.8,1.7,135,50,86.3,1,False,2023-09-07,,4.24,4248.0,1
EMP0436,Team C,Support,Support Agent,EMP0420,Remote,2026-04-01,160.0,152.1,0.2,8.5,75,50,48.8,13,False,2025-06-01,,3.04,3657.6,1
EMP0318,Team G,Engineering,QA Engineer,EMP0450,Remote,2026-03-01,160.0,167.0,24.8,0.6,26,0,88.4,9,False,2022-01-13,,3.84,8576.4,1
EMP0125,Team G,Engineering,QA Engineer,EMP0033,HQ,2025-12-01,160.0,158.2,2.7,1.2,22,0,82.1,0,False,2022-05-04,,3.64,6814.5,1
EMP0229,Team C,Marketing,Marketing Specialist,EMP0449,HQ,2026-04-01,160.0,155.6,8.4,2.2,8,300,48.8,7,False,2024-07-13,,3.12,5550.6,1
EMP0275,Team E,Sales,Sales Manager,EMP0420,Remote,2025-10-01,160.0,160.5,1.2,3.0,9,2500,22.5,0,False,2025-03-15,,3.89,8439.6,1
EMP0027,Team B,Engineering,Developer,EMP0450,Branch-West,2026-05-01,160.0,162.2,2.2,0.0,17,0,83.9,1,False,2024-01-17,,3.67,9102.5,1
EMP0050,Team J,Engineering,Developer,EMP0471,Branch-East,2025-09-01,160.0,161.7,12.9,0.7,19,0,76.8,0,False,2022-02-18,,3.07,9957.75,1
EMP0105,Team F,Marketing,Marketing Specialist,EMP0303,HQ,2025-10-01,160.0,150.5,2.6,2.4,11,300,77.3,0,False,2022-11-12,,3.59,5095.2,1
EMP0124,Team D,Engineering,QA Engineer,EMP0085,Remote,2026-02-01,160.0,154.2,8.4,0.0,32,0,94.1,1,False,2022-06-11,,3.64,7005.6,1
EMP0465,Team A,Marketing,Content Creator,EMP0376,Remote,2026-02-01,160.0,155.3,20.3,1.4,21,150,82.4,10,False,2025-04-17,,2.83,5572.5,1
EMP0102,Team E,Support,Support Lead,EMP0351,HQ,2026-01-01,160.0,169.5,9.5,3.5,70,60,71.4,1,False,2024-04-04,,3.57,6247.5,1
EMP0477,Team F,Engineering,DevOps Engineer,EMP0102,Remote,2026-03-01,160.0,149.8,5.5,0.7,14,0,79.3,4,False,2025-09-07,,4.56,9166.9,1
EMP0324,Team J,Engineering,QA Engineer,EMP0392,Remote,2026-04-01,160.0,152.5,1.6,0.6,25,0,91.5,0,False,2023-03-24,,3.71,6505.8,1
EMP0438,Team C,Operations,Ops Analyst,EMP0147,HQ,2026-08-01,160.0,164.4,28.1,0.3,58,40,61.1,0,False,2022-07-07,,3.45,6609.6,1
EMP0254,Team C,Sales,SDR,EMP0392,Remote,2026-02-01,160.0,157.4,0.1,0.5,45,150,82.7,1,False,2024-03-23,,4.15,4411.4,1
EMP0426,team b,Sales,SDR,EMP0476,HQ,2026-04-01,160.0,169.2,15.8,2.5,54,150,74.6,1,False,2026-01-02,,,5401.2,1
EMP0107,Team F,Sales,Sales Manager,EMP0420,Remote,2025-12-01,160.0,162.3,14.5,,9,2500,63.0,3,False,2024-02-15,,4.07,9570.6,1
EMP0217,Team I,Sales,Account Executive,EMP0480,Branch-West,2025-12-01,160.0,150.0,1.6,0.1,12,2000,84.7,0,False,2025-12-23,,3.6,6096.0,1
EMP0440,Team G,Engineering,Developer,EMP0318,HQ,2026-04-01,160.0,165.0,5.0,0.8,19,0,63.1,0,False,2025-09-25,,3.26,9487.5,1
EMP0417,Team E,Engineering,Developer,EMP0450,Remote,2026-07-01,160.0,163.5,3.5,1.1,15,0,87.3,2,False,2022-10-07,,3.16,9281.25,1
EMP0028,Team A,Sales,Account Executive,EMP0047,Remote,2026-01-01,160.0,167.5,12.5,3.7,19,2000,51.2,5,False,2024-12-15,,3.44,7450.0,1
EMP0369,Team F,Engineering,Developer,EMP0100,Remote,2026-02-01,160.0,169.2,9.2,0.0,16,0,87.2,2,False,2023-07-03,,2.77,10065.0,1
EMP0132,Team A,Engineering,QA Engineer,EMP0035,Remote,2026-04-01,160.0,154.1,6.2,0.4,19,0,76.9,0,True,2025-05-31,2026-05-06,1.86,6862.8,1
EMP0448,Team G,Operations,Ops Analyst,EMP0167,HQ,2025-10-01,160.0,153.0,0.8,2.9,62,40,46.1,1,False,2024-02-09,,2.71,4934.4,1
EMP0098,Team J,  Sales  ,SDR,EMP0162,Branch-West,2026-07-01,160.0,147.4,1.8,1.0,37,150,60.6,0,False,2022-07-17,,2.34,4202.8,1
EMP0417,Team E,Engineering,Developer,EMP0450,Remote,2026-06-01,160.0,161.0,1.0,0.1,18,0,78.5,1,False,2022-10-07,,3.68,8937.5,1
EMP0405,Team B,Sales,SDR,EMP0309,Remote,2026-04-01,160.0,157.9,2.2,2.9,41,150,96.4,0,False,2024-10-13,,4.2,4513.6,1
EMP0329,Team B,Sales,SDR,EMP0006,Remote,2026-01-01,160.0,161.5,1.5,4.4,35,150,52.5,11,False,2026-01-16,,3.41,4585.0,1
EMP0364,Team H,Sales,Account Executive,EMP0243,HQ,2026-06-01,160.0,161.3,1.3,0.0,16,2000,89.4,0,False,2023-08-09,,4.07,6530.0,1
EMP0062,Team D,Engineering,QA Engineer,EMP0187,Branch-West,2026-08-01,160.0,143.0,17.6,2.4,33,0,67.6,0,False,2024-11-23,,4.26,7114.8,1
EMP0335,Team I,Engineering,DevOps Engineer,EMP0187,HQ,2026-06-01,160.0,148.1,0.9,0.7,9,0,84.8,7,False,2023-07-24,,3.7,8668.1,1
EMP0173,Team B,Sales,SDR,EMP0392,Remote,2026-06-01,160.0,141.6,3.7,6.0,54,150,41.3,2,False,2021-08-26,,2.73,4120.2,1
EMP0140,Team I,Marketing,Marketing Specialist,EMP0482,HQ,2025-10-01,160.0,155.0,7.3,,14,300,67.3,0,False,2025-07-21,,4.3,5476.35,1
EMP0415,Team F,Support,Support Agent,EMP0303,Remote,2025-11-01,160.0,138.1,2.4,3.4,122,50,,0,False,2025-06-27,,3.62,3400.8,1
EMP0183,Team B,MARKETING,Content Creator,EMP0438,HQ,2026-06-01,160.0,151.8,8.9,0.3,19,150,43.6,1,False,2024-02-19,,3.83,4954.5,1
EMP0158,Team J,Operations,Ops Analyst,EMP0006,Branch-West,2025-11-01,160.0,158.7,13.8,0.1,48,40,63.9,0,False,2023-12-14,,2.97,5740.8,1
EMP0164,Team E,Sales,Sales Manager,EMP0422,Remote,2026-08-01,160.0,147.3,4.0,1.4,11,2500,77.0,0,False,2023-03-02,,4.69,7971.6,1
EMP0235,Team B,Engineering,DevOps Engineer,EMP0450,Remote,2026-08-01,160.0,165.5,5.5,0.6,16,0,75.9,1,False,2023-10-25,,4.07,10077.5,1
EMP0221,Team D,Support,Support Agent,EMP0420,HQ,2026-03-01,160.0,158.0,10.0,0.5,107,50,71.0,0,False,2022-04-21,,2.67,4152.0,1
EMP0202,Team F,Engineering,QA Engineer,EMP0434,HQ,2026-05-01,160.0,166.3,7.7,3.2,18,0,82.1,0,False,2025-07-01,,4.4,7469.7,1
EMP0455,Team B,Engineering,DevOps Engineer,EMP0251,Remote,2026-05-01,160.0,161.5,1.5,1.2,15,0,92.9,2,False,2025-01-25,,3.91,9497.5,1
EMP0194,Team A,Support,Support Lead,EMP0320,HQ,2026-04-01,160.0,160.9,0.9,0.5,84,60,70.5,1,False,2022-07-10,,2.43,5516.5,1
EMP0131,Team F,Sales,Account Executive,EMP0245,Remote,2026-06-01,160.0,161.7,1.7,0.1,16,2000,69.8,0,False,2024-05-01,,3.17,6570.0,1
EMP0200,Team F,Operations,Ops Analyst,EMP0392,HQ,2025-09-01,160.0,161.7,1.7,1.2,58,40,84.9,4,True,2023-11-30,2025-10-11,3.44,5256.0,1
EMP0452,Team C,Sales,SDR,EMP0085,Remote,2026-04-01,160.0,160.9,5.4,0.3,24,150,34.7,13,False,2025-12-27,,4.54,4732.0,1
EMP0058,  Team D  ,Engineering,Developer,EMP0482,Branch-East,2026-01-01,160.0,148.2,1.1,2.4,13,0,66.6,3,False,2021-12-24,,3.07,8241.75,1
EMP0236,Team J,Support,Support Agent,EMP0225,Remote,2026-05-01,160.0,161.1,1.1,0.6,123,50,75.3,0,False,2021-11-04,,3.71,3906.0,1
EMP0443,Team F,Sales,Account Executive,EMP0480,Remote,2026-02-01,160.0,165.7,8.3,6.9,14,2000,48.4,6,False,2021-12-08,,3.37,7126.0,1
EMP0161,Team E,Sales,Account Executive,EMP0277,,2026-02-01,160.0,163.3,3.3,3.7,14,2000,53.8,7,False,2021-09-11,,3.01,6730.0,1
EMP0170,Team B,Sales,Sales Manager,EMP0210,Remote,2026-04-01,160.0,165.1,5.1,1.2,13,2500,80.9,0,False,2025-03-25,,4.72,8983.0,1
EMP0387,Team G,Engineering,QA Engineer,EMP0167,HQ,2025-11-01,160.0,165.1,5.1,4.0,25,0,80.0,7,False,2021-12-10,,3.51,7255.5,1
EMP0359,Team B,Marketing,Marketing Specialist,EMP0210,HQ,2026-01-01,160.0,158.1,1.5,0.2,16,300,96.5,2,False,2023-12-04,,3.68,5291.55,1
EMP0129,Team J,Engineering,DevOps Engineer,EMP0033,Remote,2025-12-01,160.0,154.1,2.9,5.3,16,0,77.7,0,False,2022-04-11,,3.29,9190.1,1
EMP0087,Team E,Support,Support Lead,EMP0185,HQ,2026-01-01,160.0,150.9,24.8,1.8,96,60,66.6,5,False,2023-12-17,,3.54,6395.4,1
EMP0421,Team C,Operations,Ops Coordinator,EMP0303,Branch-East,2026-07-01,160.0,165.4,10.2,1.9,62,35,69.1,1,False,2026-01-13,,3.47,4878.9,1
EMP0179,Team B,Marketing,Marketing Specialist,EMP0449,Branch-West,2026-05-01,160.0,148.0,2.3,2.7,17,300,85.2,1,False,2023-03-01,,4.86,4997.85,1
EMP0162,Team I,Support,Support Agent,EMP0450,Remote,2026-03-01,160.0,161.2,8.6,0.3,125,50,80.0,2,False,2022-08-14,,3.35,4178.4,1
EMP0198,Team C,Marketing,Content Creator,EMP0162,Remote,2025-11-01,160.0,160.9,1.4,1.6,19,150,64.2,0,False,2024-12-29,,3.52,4890.0,1
EMP0265,Team B,Marketing,Marketing Specialist,EMP0006,Branch-West,2025-12-01,160.0,169.3,9.3,5.7,5,300,90.3,0,False,2022-09-06,,4.18,6047.25,1
EMP0027,Team B,Engineering,Developer,EMP0450,Branch-West,2025-10-01,160.0,162.2,2.2,1.8,15,0,82.6,0,False,2024-01-17,,3.24,9102.5,1
EMP0064,Team J,Sales,Account Executive,EMP0077,Branch-East,2025-11-01,160.0,154.4,1.9,1.8,16,2000,90.7,2,False,2021-09-07,,4.19,6290.0,1
EMP0308,Team B,SALES,Sales Manager,EMP0177,HQ,2026-07-01,160.0,155.0,11.3,2.0,12,2500,,1,False,2025-11-07,,4.2,8941.4,1
EMP0234,Team F,Sales,Sales Manager,EMP0280,Remote,2025-12-01,160.0,178.1,20.5,1.6,7,2500,85.3,1,False,2022-08-23,,3.78,10860.2,1
EMP0296,Team I,Sales,Account Executive,EMP0450,HQ,2026-04-01,160.0,160.5,11.9,3.1,18,2000,64.9,0,False,2023-04-24,,2.93,7134.0,1
EMP0030,Team J,Engineering,Data Engineer,EMP0420,Remote,2026-08-01,160.0,178.3,18.3,1.1,19,0,87.7,1,False,2023-02-25,,4.1,12345.0,1
EMP0046,Team A,Support,Support Agent,EMP0162,HQ,2026-07-01,160.0,169.4,20.2,1.9,125,50,79.6,2,False,2025-11-19,,4.41,4792.8,1
EMP0145,team e,Engineering,QA Engineer,EMP0453,Branch-East,2026-04-01,160.0,144.5,2.5,0.3,23,0,73.7,2,False,2024-09-23,,3.77,6226.5,1
EMP0147,Team A,Support,Support Lead,,Branch-West,2026-07-01,160.0,163.3,3.3,1.2,72,60,89.9,1,False,2023-04-22,,3.42,5720.5,1
EMP0204,Team G,Marketing,Content Creator,EMP0035,Remote,2026-08-01,160.0,153.3,4.2,0.2,11,150,80.7,2,False,2023-12-04,,2.97,4788.0,1
EMP0429,Team I,Sales,Sales Manager,EMP0344,Branch-East,2026-08-01,160.0,148.9,0.9,3.5,10,2500,75.3,0,False,2022-08-12,,3.96,7813.0,1
EMP0389,Team A,Operations,Ops Analyst,EMP0006,HQ,2026-07-01,160.0,159.5,0.2,0.7,51,40,77.0,0,False,2025-05-01,,3.33,5113.6,1
EMP0211,Team H,Sales,SDR,EMP0217,HQ,2026-06-01,160.0,160.2,12.5,2.8,34,150,75.8,2,False,2023-02-27,,3.38,5010.6,1
EMP0003,Team A,Operations,Ops Analyst,EMP0225,Remote,2026-03-01,160.0,141.4,6.6,0.5,58,40,91.1,0,False,2023-03-15,,3.58,4841.6,1
EMP0397,Team A,Operations,Ops Analyst,EMP0301,,2025-12-01,160.0,139.4,19.4,0.7,48,40,46.4,0,False,2021-08-20,,3.44,5392.0,1
EMP0459,Team C,Engineering,Data Engineer,EMP0376,Remote,2025-12-01,160.0,161.0,1.0,4.2,20,0,73.3,2,False,2025-01-27,,3.56,9750.0,1
EMP0085,Team C,Sales,SDR,EMP0147,Remote,2025-12-01,160.0,157.5,26.1,0.5,37,150,49.2,3,False,2022-10-24,,3.52,5506.2,1
EMP0395,Team C,Sales,SDR,EMP0376,Remote,2026-05-01,160.0,147.1,7.7,0.1,57,150,63.8,0,False,2021-09-13,,4.27,4442.2,1
EMP0380,Team G,Engineering,Developer,EMP0318,HQ,2025-11-01,160.0,162.6,2.6,1.7,16,0,90.9,1,False,2021-10-15,,4.19,9157.5,1
EMP0201,Team A,Support,Support Agent,EMP0303,Branch-East,2026-02-01,160.0,165.5,18.1,2.9,165,50,69.9,3,False,2024-07-09,,4.34,4623.6,1
EMP0496,Team E,Sales,Account Executive,EMP0303,HQ,2026-08-01,160.0,160.3,0.3,,15,2000,91.2,0,False,2023-10-04,,3.71,6430.0,1
EMP0051,Team G,Marketing,Marketing Specialist,EMP0392,Remote,2025-12-01,160.0,162.2,10.1,5.6,13,300,60.9,1,False,2024-07-19,,3.64,5852.55,1
EMP0400,Team A,Operations,Ops Coordinator,EMP0434,HQ,2026-08-01,160.0,154.8,1.2,1.4,68,35,69.0,1,False,2022-01-07,,3.66,4228.2,1
EMP0437,Team B,Engineering,DevOps Engineer,EMP0035,Remote,2026-05-01,160.0,161.2,7.0,0.7,15,0,90.9,1,False,2024-12-13,,2.43,9958.6,1
EMP0038,Team J,Engineering,DevOps Engineer,EMP0199,Branch-West,2026-06-01,160.0,160.1,0.1,0.0,21,0,97.0,3,False,2023-04-29,,4.36,9294.5,1
EMP0184,Team E,Marketing,Marketing Specialist,EMP0100,HQ,2025-11-01,160.0,153.0,1.5,0.7,14,300,73.7,0,False,2025-08-01,,3.96,5123.25,1
EMP0153,Team J,Engineering,Developer,EMP0457,Remote,2025-09-01,160.0,150.1,5.3,1.3,22,0,53.0,0,False,2025-06-07,,4.2,8692.75,1
EMP0237,Team J,Engineering,DevOps Engineer,EMP0077,HQ,2025-10-01,160.0,165.2,27.0,0.2,18,0,79.5,11,False,2021-10-17,,3.27,11930.6,1
EMP0348,Team D,Engineering,Data Engineer,EMP0085,Branch-East,2026-06-01,160.0,159.1,9.2,0.6,20,0,68.1,0,False,2025-05-03,,3.4,10374.0,1
EMP0305,Team G,Support,Support Lead,EMP0376,Remote,2026-08-01,160.0,162.9,15.9,0.8,75,60,95.5,3,False,2022-09-18,,3.16,6349.5,1
EMP0288,Team I,Sales,SDR,EMP0471,Remote,2025-11-01,160.0,154.9,2.2,3.1,48,150,66.5,0,False,2023-09-20,,4.65,4429.6,1
EMP0234,Team F,Sales,Sales Manager,EMP0280,Remote,2026-07-01,160.0,151.0,6.7,0.9,9,2500,59.0,1,False,2022-08-23,,4.84,8374.6,1
EMP0038,Team J,Engineering,DevOps Engineer,EMP0199,Branch-West,2025-12-01,160.0,160.4,0.4,5.3,13,0,51.1,1,False,2023-04-29,,3.47,9338.0,1
EMP0338,Team D,Support,Support Agent,EMP0422,Remote,2026-06-01,160.0,164.7,4.7,1.6,172,50,34.0,2,False,2025-09-16,,3.22,4122.0,1
EMP0238,Team E,Engineering,QA Engineer,EMP0277,Branch-East,2026-06-01,160.0,154.1,0.3,1.0,22,0,82.2,1,False,2022-10-24,,3.95,6491.1,1
EMP0438,Team C,Operations,Ops Analyst,EMP0147,HQ,2025-11-01,160.0,160.9,0.9,1.1,53,40,88.6,1,False,2022-07-07,,4.31,5192.0,1
EMP0095,Team D,Operations,Ops Analyst,EMP0177,Branch-West,2025-11-01,160.0,162.9,3.4,0.2,62,40,84.3,0,False,2024-03-12,,3.1,5376.0,1
EMP0398,Team E,Sales,Sales Manager,EMP0243,Remote,2026-02-01,160.0,161.8,1.8,0.0,9,2500,91.8,1,False,2024-02-16,,3.3,8554.0,1
EMP0423,Team D,Engineering,QA Engineer,EMP0277,HQ,2026-04-01,160.0,162.3,2.3,0.9,23,0,64.9,0,False,2022-02-23,,3.96,6961.5,1
EMP0280,Team I,Operations,Ops Coordinator,EMP0193,Branch-East,2026-01-01,160.0,161.9,1.9,0.9,67,35,61.7,3,False,2022-01-05,,3.48,4448.25,1
EMP0215,Team I,Support,Support Agent,EMP0193,Branch-East,2025-11-01,160.0,161.5,1.5,,90,50,84.6,4,False,2022-11-10,,4.03,3930.0,1
EMP0394,Team F,Operations,Ops Coordinator,EMP0259,Remote,2026-08-01,160.0,156.2,12.5,1.3,57,35,,0,False,2025-03-27,,2.7,4723.65,1
EMP0460,Team F,Engineering,Data Engineer,EMP0071,HQ,2026-08-01,160.0,158.8,18.9,0.4,20,0,75.1,1,False,2022-10-30,,3.35,11229.0,1
EMP0428,Team I,MARKETING,Content Creator,EMP0102,HQ,2026-07-01,160.0,168.2,8.2,3.1,16,150,51.7,1,False,2024-10-09,,4.04,5415.0,1
EMP0207,Team F,Engineering,DevOps Engineer,EMP0167,Remote,2025-09-01,160.0,161.5,23.8,5.2,12,0,72.2,2,False,2025-05-18,,2.97,11437.6,1
EMP0053,Team B,Marketing,Marketing Specialist,EMP0100,Remote,2026-07-01,160.0,163.7,3.7,1.7,11,300,68.0,2,False,2022-09-20,,3.85,5585.25,1
EMP0495,Team E,Sales,Sales Manager,EMP0476,Remote,2026-05-01,160.0,162.9,2.9,0.5,10,2500,84.4,2,False,2025-09-22,,4.26,8697.0,1
EMP0064,Team J,Sales,Account Executive,EMP0077,Branch-East,2026-06-01,160.0,160.4,0.4,0.0,12,2000,81.9,1,False,2021-09-07,,3.06,6440.0,1
EMP0128,Team C,Marketing,Marketing Specialist,EMP0077,HQ,2025-11-01,160.0,164.6,7.9,0.5,14,300,67.7,0,False,2022-10-12,,2.69,5822.85,1
EMP0019,Team G,Sales,Account Executive,EMP0006,HQ,2025-12-01,160.0,160.0,0.8,0.5,17,2000,79.2,4,False,2025-03-26,,3.96,6448.0,1
EMP0395,Team C,Sales,SDR,EMP0376,Remote,2025-09-01,160.0,158.7,12.4,0.1,35,150,,0,False,2021-09-13,,2.63,4964.4,1
EMP0444,Team G,  Sales  ,Sales Manager,EMP0199,HQ,2026-04-01,160.0,160.7,0.7,0.4,11,2500,94.3,1,False,2023-01-09,,2.82,8411.0,1
EMP0357,Team D,Engineering,Developer,EMP0309,HQ,2026-04-01,160.0,165.3,5.3,0.4,18,0,75.2,1,False,2025-04-27,,2.99,9528.75,1
EMP0179,Team B,Marketing,Marketing Specialist,EMP0449,Branch-West,2025-12-01,160.0,160.3,2.0,1.3,11,300,68.8,0,False,2023-03-01,,3.39,5388.9,1
EMP0297,Team F,Operations,Ops Coordinator,EMP0185,HQ,2026-07-01,160.0,154.8,6.5,2.6,76,35,58.4,1,False,2022-01-30,,2.93,4442.85,1
EMP0145,Team E,Engineering,QA Engineer,EMP0453,Branch-East,2025-09-01,160.0,156.9,4.5,1.4,28,0,79.3,3,False,2024-09-23,,4.12,6873.3,1
EMP0427,Team G,Sales,Account Executive,EMP0482,HQ,2026-08-01,160.0,162.9,2.9,0.6,14,2000,85.0,1,False,2021-11-10,,5.0,6690.0,1
EMP0493,Team J,Engineering,Developer,EMP0033,Branch-West,2026-07-01,160.0,157.9,14.8,2.1,15,0,74.1,0,False,2024-12-30,,4.11,9905.5,1
EMP0153,Team J,Engineering,Developer,EMP0457,Remote,2026-07-01,160.0,153.5,28.7,1.5,18,0,90.7,0,False,2025-06-07,,3.13,10810.25,1
EMP0500,Team B,Marketing,Content Creator,EMP0243,Branch-East,2026-02-01,160.0,156.2,25.6,0.1,18,150,70.8,1,False,2023-12-17,,4.8,5838.0,1
EMP0321,Team F,Sales,Sales Manager,EMP0193,HQ,2026-02-01,160.0,158.5,10.3,0.4,12,2500,75.9,1,False,2023-05-01,,3.59,9045.4,1
EMP0128,TEAM C,Marketing,Marketing Specialist,EMP0077,HQ,2026-03-01,160.0,163.9,8.1,0.7,12,300,70.6,3,False,2022-10-12,,3.46,5809.65,1
EMP0248,Team H,Marketing,Marketing Specialist,EMP0061,HQ,2025-09-01,160.0,163.2,3.2,0.3,9,300,63.3,0,False,2022-06-20,,4.53,5544.0,1
EMP0061,Team J,Sales,Account Executive,EMP0193,Branch-East,2026-08-01,160.0,146.7,20.6,3.9,11,2000,77.2,0,False,2021-08-20,,3.14,7104.0,1
EMP0428,Team I,Marketing,Content Creator,EMP0102,HQ,2026-05-01,160.0,143.7,10.5,0.2,14,150,73.6,1,False,2024-10-09,,2.48,4783.5,1
EMP0171,Team G,Support,Support Agent,EMP0303,HQ,2025-11-01,160.0,150.4,0.1,,105,50,80.3,0,False,2022-11-02,,3.91,3613.2,1
EMP0220,Team I,Operations,Ops Analyst,EMP0210,,2025-12-01,160.0,164.2,4.2,0.4,57,40,62.4,3,False,2024-02-16,,3.76,5456.0,1
EMP0097,Team C,Sales,Account Executive,EMP0280,HQ,2026-03-01,160.0,151.2,0.6,0.5,17,2000,33.7,0,False,2024-09-29,,3.62,6084.0,1
EMP0259,Team F,Sales,SDR,EMP0147,Remote,2026-01-01,160.0,154.0,2.2,3.1,49,150,85.3,5,False,2024-09-25,,3.18,4404.4,1
EMP0403,Team J,Sales,Sales Manager,EMP0225,HQ,2025-11-01,160.0,152.8,29.4,2.4,12,2500,93.7,1,False,2024-10-14,,2.65,10238.8,1
EMP0449,Team F,sales,Sales Manager,EMP0450,HQ,2026-05-01,160.0,162.3,2.3,3.1,11,2500,64.1,4,False,2025-01-09,,4.46,8619.0,1
EMP0350,Team B,Support,Support Lead,EMP0167,HQ,2026-04-01,160.0,151.2,3.6,1.2,86,60,87.9,0,False,2024-03-17,,3.81,5324.4,1
EMP0381,Team B,Engineering,Developer,EMP0259,Remote,2026-05-01,160.0,154.1,26.6,1.2,18,0,59.7,2,False,2025-04-07,,4.37,10670.0,1
EMP0041,Team D,Engineering,DevOps Engineer,EMP0162,Branch-East,2025-10-01,160.0,160.8,4.3,0.7,15,0,96.8,2,False,2022-04-09,,3.88,9700.5,1
EMP0207,Team F,Engineering,DevOps Engineer,EMP0167,Remote,2026-01-01,160.0,162.8,2.8,0.6,17,0,78.6,0,False,2025-05-18,,,9686.0,1
EMP0482,Team H,Support,Support Lead,EMP0450,Remote,2026-04-01,160.0,146.2,3.9,0.6,83,60,77.7,1,False,2024-06-22,,4.45,5169.7,1
EMP0196,Team B,Sales,Sales Manager,EMP0245,HQ,2026-06-01,160.0,157.1,6.8,3.4,11,2500,51.9,2,False,2024-03-06,,3.67,8699.6,1
EMP0016,Team H,Engineering,QA Engineer,EMP0147,HQ,2025-12-01,160.0,160.3,0.3,7.2,27,0,60.9,0,False,2024-01-03,,3.96,6751.5,1
EMP0174,Team B,Engineering,Developer,EMP0185,Branch-West,2026-03-01,160.0,149.8,1.4,3.1,18,0,56.6,1,False,2024-12-21,,3.52,8354.5,1
EMP0290,Team B,Sales,Sales Manager,EMP0453,Remote,2026-02-01,160.0,166.5,7.0,1.8,8,2500,74.4,2,False,2022-01-31,,2.44,9204.0,1
EMP0387,Team G,Engineering,QA Engineer,EMP0167,HQ,2026-08-01,160.0,155.6,11.1,5.7,24,0,87.6,0,False,2021-12-10,,4.21,7234.5,1
EMP0091,Team B,Engineering,QA Engineer,EMP0035,Branch-East,2026-06-01,160.0,164.0,8.0,0.4,25,0,89.7,0,False,2022-10-13,,4.27,7392.0,1
EMP0036,Team H,Operations,Ops Analyst,EMP0296,Branch-East,2025-10-01,160.0,161.0,9.4,1.9,56,40,75.6,0,False,2023-07-24,,4.59,5603.2,1
EMP0124,Team D,Engineering,QA Engineer,EMP0085,Remote,2026-03-01,160.0,162.3,2.3,1.0,32,0,85.5,1,False,2022-06-11,,4.38,6961.5,1
EMP0481,Team D,Support,Support Lead,EMP0476,HQ,2026-07-01,160.0,154.0,3.8,0.4,110,60,71.9,2,False,2022-01-26,,2.85,5429.8,1
EMP0214,Team A,Engineering,Data Engineer,EMP0453,Remote,2026-02-01,160.0,161.0,1.0,0.6,22,0,74.2,0,False,2022-08-17,,3.43,9750.0,1
EMP0045,Team H,Engineering,DevOps Engineer,EMP0225,Remote,2025-10-01,160.0,152.1,15.3,,13,0,65.0,1,False,2023-02-23,,2.92,10152.9,1
EMP0500,Team B,Marketing,Content Creator,EMP0243,Branch-East,2026-06-01,160.0,146.4,19.6,1.1,20,150,75.1,3,False,2023-12-17,,2.15,5274.0,1
EMP0077,Team H,Operations,Ops Analyst,EMP0480,Branch-East,2026-01-01,160.0,161.3,33.1,0.2,71,40,54.9,2,True,2025-02-13,2026-01-10,3.57,6750.4,1
EMP0173,Team B,Sales,SDR,EMP0392,Remote,2026-01-01,160.0,156.5,2.7,0.1,41,150,64.4,2,False,2021-08-26,,4.65,4495.4,1
EMP0297,Team F,Operations,Ops Coordinator,EMP0185,HQ,2025-10-01,160.0,153.7,5.6,0.7,98,35,70.4,1,False,2022-01-30,,4.04,4376.7,1
EMP0367,Team I,Marketing,Content Creator,EMP0061,Remote,2026-02-01,160.0,158.0,4.2,1.4,22,150,80.0,1,False,2021-09-10,,4.66,4929.0,1
EMP0291,Team F,Engineering,Developer,EMP0392,HQ,2026-01-01,160.0,163.7,5.0,1.7,16,0,82.0,5,True,2024-05-14,2026-01-29,3.84,9416.0,1
EMP0031,Team F,Support,Support Agent,EMP0100,Branch-West,2026-08-01,160.0,161.3,1.3,1.9,138,50,71.2,0,False,2022-09-27,,3.55,3918.0,1
EMP0055,Team G,Sales,Sales Manager,EMP0392,Branch-East,2026-07-01,160.0,139.6,6.5,2.3,9,2500,88.4,0,False,2025-10-15,,3.81,7766.2,1
EMP0067,Team F,Engineering,Developer,EMP0355,Remote,2026-08-01,160.0,150.5,8.2,0.3,11,0,87.9,1,False,2022-11-18,,,8954.0,1
EMP0483,Team J,Sales,Account Executive,EMP0392,HQ,2025-11-01,160.0,157.0,0.2,4.3,18,2000,85.1,0,True,2024-12-03,2026-07-15,3.97,6292.0,1
EMP0197,Team E,Support,Support Agent,EMP0449,HQ,2026-07-01,160.0,161.9,15.7,2.7,117,50,83.3,0,False,2025-08-22,,2.93,4450.8,1
EMP0031,Team F,Support,Support Agent,EMP0100,Branch-West,2026-03-01,160.0,167.3,8.0,1.9,121,50,,1,False,2022-09-27,,3.29,4303.2,1
EMP0234,Team F,Sales,Sales Manager,EMP0280,Remote,2026-01-01,160.0,160.7,0.7,0.9,12,2500,80.5,0,False,2022-08-23,,3.71,8411.0,1
EMP0071,Team E,Operations,Ops Analyst,EMP0193,HQ,2025-10-01,160.0,139.8,9.7,0.0,56,40,81.7,2,False,2022-11-07,,,4939.2,1
EMP0236,Team J,Support,Support Agent,EMP0225,,2025-12-01,160.0,161.6,1.6,1.7,103,50,87.5,4,False,2021-11-04,,3.79,3936.0,1
EMP0191,Team E,Engineering,QA Engineer,EMP0147,Remote,2026-06-01,160.0,164.7,4.7,5.1,19,0,62.4,0,False,2023-11-14,,4.14,7213.5,1
EMP0070,Team J,Marketing,Content Creator,EMP0006,Branch-West,2025-12-01,160.0,158.8,4.6,0.3,18,150,85.9,0,False,2025-03-03,,2.54,4971.0,1
EMP0076,Team H,Support,Support Lead,EMP0309,Remote,2026-07-01,160.0,154.4,2.3,1.5,104,60,62.2,0,False,2024-05-03,,3.93,5366.9,1
EMP0362,Team D,Support,Support Agent,EMP0033,,2025-10-01,160.0,164.2,9.7,2.1,170,50,,1,False,2025-10-15,,4.9,4290.0,1
EMP0337,Team I,Operations,Ops Coordinator,EMP0243,Remote,2026-01-01,160.0,162.9,2.9,0.2,88,35,61.3,2,False,2022-12-31,,3.96,4515.75,1
EMP0127,Team E,Operations,Ops Analyst,EMP0277,HQ,2026-08-01,160.0,165.0,5.0,0.0,74,40,91.7,1,False,2022-05-14,,3.68,5520.0,1
EMP0333,Team A,Engineering,QA Engineer,EMP0480,Branch-West,2025-12-01,160.0,170.0,10.0,4.6,23,0,65.3,0,False,2022-09-22,,3.48,7770.0,1
EMP0365,Team I,Marketing,Content Creator,EMP0301,HQ,2026-05-01,160.0,161.5,26.0,0.2,20,150,97.2,2,False,2024-09-30,,3.7,6015.0,1
EMP0449,Team F,Sales,Sales Manager,EMP0450,HQ,2026-03-01,160.0,155.5,22.5,1.1,9,2500,94.8,1,False,2025-01-09,,3.5,9841.0,1
EMP0213,Team E,Support,Support Agent,EMP0077,HQ,2026-07-01,160.0,160.0,0.0,1.9,105,50,87.8,0,False,2025-08-12,,3.04,3840.0,1
EMP0309,Team H,OPERATIONS,Ops Analyst,EMP0351,Remote,2025-09-01,160.0,161.0,1.5,4.7,42,40,78.7,3,False,2024-04-22,,3.33,5224.0,1
EMP0306,Team H,Marketing,Content Creator,EMP0333,HQ,2026-08-01,160.0,153.0,0.4,0.8,25,150,88.6,1,False,2025-10-08,,3.92,4608.0,1
EMP0303,Team D,Sales,Sales Manager,EMP0351,Branch-West,2025-09-01,160.0,168.0,8.0,,13,2500,74.7,0,False,2024-10-26,,2.57,9360.0,1
EMP0099,Team J,Engineering,Data Engineer,EMP0344,Branch-East,2025-09-01,160.0,162.8,2.8,0.7,15,0,93.2,1,False,2025-06-21,,3.07,10020.0,1
EMP0002,Team D,Marketing,Marketing Specialist,EMP0344,Remote,2025-11-01,160.0,160.3,0.3,4.0,13,300,88.2,0,False,2022-03-21,,3.75,5304.75,1
EMP0088,Team E,Support,Support Agent,EMP0199,Branch-East,2026-03-01,160.0,160.1,0.3,3.6,134,50,68.4,1,False,2025-04-28,,2.95,3853.2,1
EMP0082,Team A,Support,Support Lead,EMP0251,Remote,2026-05-01,160.0,149.9,1.7,4.6,116,60,76.9,1,False,2022-02-09,,2.57,5183.3,1
EMP0322,Team E,Support,Support Lead,EMP0100,Branch-West,2026-02-01,160.0,160.1,0.1,0.3,59,60,71.0,2,False,2023-11-17,,3.62,5448.5,1
EMP0052,Team D,Operations,Ops Analyst,EMP0293,Remote,2026-03-01,160.0,157.0,3.7,0.7,83,40,85.2,0,False,2025-12-11,,2.56,5201.6,1
EMP0454,Team G,Marketing,Marketing Specialist,EMP0162,HQ,2025-11-01,160.0,160.1,0.1,,13,300,73.5,4,False,2023-08-22,,2.72,5288.25,1
EMP0041,Team D,  Engineering  ,DevOps Engineer,EMP0162,Branch-East,2026-04-01,160.0,159.5,9.7,0.1,9,0,96.6,1,False,2022-04-09,,3.8,10094.9,1
EMP0491,Team B,Sales,Sales Manager,EMP0193,Remote,2026-08-01,160.0,158.7,2.2,5.1,11,2500,84.6,0,False,2023-07-23,,4.35,8424.0,1
EMP0441,Team E,Engineering,Developer,EMP0006,Branch-East,2026-04-01,160.0,159.2,2.3,2.5,19,0,74.6,1,False,2024-06-21,,3.22,8945.75,1
EMP0021,Team H,Support,Support Agent,EMP0035,Branch-East,2025-10-01,160.0,160.7,0.7,1.1,128,50,74.6,0,False,2023-09-07,,3.38,3882.0,1
EMP0334,Team G,Engineering,DevOps Engineer,EMP0450,Branch-East,2026-05-01,160.0,166.9,12.2,1.0,15,0,95.9,12,False,2023-08-04,,3.52,10741.6,1
EMP0046,TEAM A,Support,Support Agent,EMP0162,HQ,2026-06-01,160.0,160.1,0.1,0.5,135,50,76.7,7,False,2025-11-19,,3.72,3846.0,1
EMP0403,  Team J  ,Sales,Sales Manager,EMP0225,HQ,2026-02-01,160.0,151.2,4.3,2.2,12,2500,91.7,0,False,2024-10-14,,3.91,8197.8,1
EMP0243,Team I,Marketing,Content Creator,EMP0450,HQ,2025-11-01,160.0,165.3,6.8,0.8,19,150,91.7,2,True,2025-03-13,2026-02-15,4.24,5265.0,1
EMP0378,Team D,Engineering,Developer,EMP0177,Remote,2026-08-01,160.0,166.1,6.1,0.6,19,0,84.4,1,False,2023-07-16,,3.59,9638.75,1
EMP0011,Team B,Engineering,Developer,EMP0217,Remote,2025-12-01,160.0,152.0,2.3,8.2,14,0,85.5,0,False,2025-08-31,,2.79,8549.75,1
EMP0387,Team G,Engineering,QA Engineer,EMP0167,HQ,2026-04-01,160.0,158.4,0.0,0.0,31,0,84.9,2,False,2021-12-10,,4.04,6652.8,1
EMP0111,Team I,Engineering,Developer,EMP0293,HQ,2026-08-01,160.0,165.2,6.9,1.8,25,0,75.5,0,False,2023-08-02,,3.96,9655.25,1
EMP0187,Team C,Operations,Ops Analyst,EMP0351,HQ,2026-03-01,160.0,158.9,5.3,2.3,60,40,95.5,1,False,2025-09-30,,4.16,5339.2,1
EMP0171,Team G,Support,Support Agent,EMP0303,HQ,2025-12-01,160.0,162.1,6.3,,103,50,60.5,0,False,2022-11-02,,4.03,4117.2,1
EMP0409,Team D,Marketing,Marketing Specialist,EMP0320,Branch-East,2025-11-01,160.0,160.6,0.6,7.1,15,300,76.7,0,False,2023-07-23,,3.45,5329.5,1
EMP0416,Team D,Sales,Account Executive,EMP0450,Branch-East,2026-08-01,160.0,148.1,3.2,1.8,14,2000,79.5,3,False,2025-02-23,,3.14,6116.0,1
EMP0056,Team B,Marketing,Content Creator,EMP0301,Remote,2025-12-01,160.0,165.2,10.8,0.1,17,150,77.0,1,False,2024-02-12,,4.2,5442.0,1
EMP0144,Team D,Sales,Account Executive,EMP0471,HQ,2026-07-01,160.0,151.4,2.6,0.7,12,2000,58.5,0,False,2025-08-20,,4.26,6212.0,1
EMP0227,Team A,Marketing,Content Creator,EMP0351,Remote,2026-08-01,160.0,153.3,4.0,4.6,23,150,98.8,8,False,2022-02-05,,3.37,4779.0,1
EMP0317,Team C,SALES,Sales Manager,EMP0309,Remote,2025-09-01,160.0,141.8,0.2,0.3,9,2500,79.4,1,False,2024-01-19,,4.06,7389.2,1
EMP0282,Team D,Sales,Sales Manager,EMP0199,HQ,2025-11-01,160.0,163.0,3.0,1.2,9,2500,77.2,0,False,2022-10-28,,3.45,8710.0,1
EMP0485,Team D,Sales,SDR,EMP0471,HQ,2025-10-01,160.0,162.1,2.1,2.1,39,150,86.3,0,False,2024-05-27,,2.72,4627.0,1
EMP0191,Team E,Engineering,QA Engineer,EMP0147,Remote,2026-04-01,160.0,164.8,4.8,1.1,24,0,71.6,3,False,2023-11-14,,2.42,7224.0,1
EMP0064,Team J,SALES,Account Executive,EMP0077,Branch-East,2026-04-01,160.0,164.7,4.7,0.3,14,2000,95.4,1,False,2021-09-07,,3.88,6870.0,1
EMP0487,Team H,Engineering,QA Engineer,EMP0355,Remote,2026-02-01,160.0,165.3,5.3,4.3,25,0,62.2,1,True,2022-10-01,2026-07-11,3.36,7276.5,1
EMP0032,Team A,Engineering,QA Engineer,EMP0351,Branch-West,2026-03-01,160.0,161.1,7.4,2.5,25,0,78.1,2,False,2024-01-28,,4.22,7232.4,1
EMP0478,Team C,Sales,Account Executive,EMP0457,HQ,2026-04-01,160.0,149.4,3.8,4.9,7,2000,40.0,7,False,2025-12-26,,3.27,6204.0,1
EMP0476,Team B,Marketing,Marketing Specialist,EMP0450,,2025-10-01,160.0,154.0,1.6,1.1,8,300,90.2,0,True,2025-10-05,2025-12-04,3.37,5161.2,1
EMP0133,Team E,Engineering,Developer,EMP0147,HQ,2026-08-01,160.0,167.2,7.2,,16,0,82.4,2,False,2025-01-07,,3.18,9790.0,1
EMP0043,  Team A  ,Engineering,QA Engineer,EMP0434,Remote,2026-01-01,160.0,150.5,0.3,2.4,28,0,47.9,3,False,2025-12-09,,3.81,6339.9,1
EMP0350,Team B,Support,Support Lead,EMP0167,HQ,2025-09-01,160.0,152.0,0.1,3.7,77,60,81.9,2,False,2024-03-17,,3.35,5173.1,1
EMP0010,Team I,Support,Support Lead,EMP0259,Branch-West,2026-07-01,160.0,163.9,8.1,0.4,75,60,49.7,0,False,2022-08-16,,3.71,5985.7,1
EMP0304,Team F,Support,Support Lead,EMP0457,HQ,2026-08-01,160.0,142.4,7.7,2.8,91,60,77.3,1,False,2022-04-22,,2.55,5234.3,1
EMP0014,Team C,Engineering,DevOps Engineer,EMP0185,Branch-West,2026-05-01,160.0,160.1,0.1,0.5,8,0,88.9,0,False,2026-02-19,,3.77,9294.5,1
EMP0217,Team I,Sales,Account Executive,EMP0480,Branch-West,2026-03-01,160.0,167.5,16.4,1.1,13,2000,68.8,4,False,2025-12-23,,3.55,7684.0,1
EMP0375,Team A,Engineering,Data Engineer,EMP0187,Branch-East,2026-07-01,160.0,160.1,0.1,0.2,20,0,73.9,0,False,2024-12-29,,3.08,9615.0,1
EMP0009,Team C,Support,Support Lead,EMP0061,Branch-West,2026-01-01,160.0,157.5,6.7,0.1,84,60,51.6,0,False,2025-06-23,,3.63,5696.7,1
EMP0291,Team F,Engineering,Developer,EMP0392,HQ,2025-11-01,160.0,145.5,11.4,1.4,17,0,59.5,1,True,2024-05-14,2026-01-29,2.56,8943.0,1
EMP0326,Team I,Operations,Ops Analyst,EMP0047,Branch-East,2025-11-01,160.0,158.2,4.1,0.9,63,40,85.1,2,False,2023-07-15,,4.41,5259.2,1
EMP0224,Team F,Sales,SDR,EMP0243,HQ,2026-02-01,160.0,146.9,8.3,0.4,45,150,78.5,0,True,2021-12-19,2026-02-17,3.52,4461.8,1
EMP0319,Team A,Engineering,QA Engineer,EMP0482,Branch-West,2026-08-01,160.0,166.4,8.8,0.3,23,0,79.6,0,False,2023-06-16,,3.96,7543.2,1
EMP0353,Team A,Support,Support Lead,EMP0470,Remote,2026-03-01,160.0,155.1,3.4,3.3,116,60,,0,False,2023-08-26,,3.41,5446.8,1
EMP0216,Team G,Engineering,DevOps Engineer,EMP0293,Remote,2026-05-01,160.0,159.0,2.4,1.3,9,0,53.3,0,False,2025-01-28,,2.07,9430.8,1
EMP0265,Team B,Marketing,Marketing Specialist,EMP0006,Branch-West,2025-09-01,160.0,161.0,5.4,0.2,12,300,58.9,2,False,2022-09-06,,3.33,5580.3,1
EMP0193,Team E,Marketing,Content Creator,,HQ,2026-08-01,160.0,147.5,22.1,4.8,20,150,32.7,0,False,2023-03-18,,4.0,5419.5,1
EMP0176,Team F,Engineering,DevOps Engineer,EMP0193,HQ,2026-06-01,160.0,142.9,4.9,0.9,17,0,84.5,0,False,2025-12-28,,3.6,8714.5,1
EMP0393,Team J,Sales,Account Executive,EMP0476,HQ,2025-11-01,160.0,154.8,2.2,0.8,10,2000,90.7,0,False,2024-08-12,,3.4,6324.0,1
EMP0228,Team C,  Sales  ,SDR,EMP0476,Remote,2025-10-01,160.0,165.2,5.2,0.5,47,150,65.0,0,False,2021-12-21,,3.46,4844.0,1
EMP0001,Team G,Sales,SDR,EMP0218,Remote,2025-10-01,160.0,169.6,9.6,3.0,37,150,73.6,1,False,2025-02-25,,3.86,5152.0,1
EMP0340,Team E,Engineering,Data Engineer,EMP0100,Remote,2026-06-01,160.0,160.9,1.2,0.3,14,0,90.5,1,False,2021-11-09,,2.88,9762.0,1
EMP0375,team a,Engineering,Data Engineer,EMP0187,Branch-East,2025-11-01,160.0,166.2,6.2,1.7,20,0,81.5,1,False,2024-12-29,,4.96,10530.0,1
EMP0194,Team A,Support,Support Lead,EMP0320,HQ,2025-10-01,160.0,148.5,0.1,0.8,112,60,83.7,2,False,2022-07-10,,2.97,5054.1,1
EMP0094,Team E,Sales,Sales Manager,EMP0480,Branch-East,2026-07-01,160.0,165.2,5.2,0.3,12,2500,87.3,0,False,2022-10-05,,3.07,8996.0,1
EMP0436,  Team C  ,Support,Support Agent,EMP0420,Remote,2026-08-01,160.0,158.5,3.2,7.1,107,50,89.7,2,False,2025-06-01,,4.25,3919.2,1
EMP0272,Team J,Operations,Ops Analyst,EMP0167,HQ,2026-08-01,160.0,160.1,0.1,0.6,65,40,88.9,1,False,2025-10-20,,3.13,5128.0,1
EMP0361,Team C,Sales,Account Executive,EMP0210,HQ,2026-03-01,160.0,155.1,15.6,0.8,18,2000,33.7,0,True,2024-03-19,2026-06-26,3.29,7140.0,1
EMP0112,Team A,engineering,Developer,EMP0471,HQ,2025-10-01,160.0,160.8,1.6,0.7,18,0,86.9,3,False,2025-06-20,,4.13,8976.0,1
EMP0490,Team I,Marketing,Marketing Specialist,EMP0199,Remote,2026-04-01,160.0,155.3,10.6,1.1,14,300,77.1,2,False,2024-07-08,,,5649.6,1
EMP0060,Team J,Sales,Sales Manager,EMP0296,Remote,2026-01-01,160.0,162.2,2.2,0.1,13,2500,71.6,2,False,2025-12-17,,4.01,8606.0,1
EMP0169,Team J,Engineering,Data Engineer,EMP0301,Branch-East,2026-05-01,160.0,166.2,8.1,0.1,19,0,64.0,1,False,2023-06-29,,3.9,10701.0,1
EMP0357,Team D,Engineering,Developer,EMP0309,HQ,2025-12-01,160.0,154.5,5.3,3.0,12,0,66.4,2,False,2025-04-27,,3.39,8934.75,1
EMP0293,Team J,Operations,Ops Analyst,EMP0193,Remote,2026-02-01,160.0,161.1,1.1,2.2,85,40,74.0,2,False,2025-03-19,,3.57,5208.0,1
EMP0427,Team G,Sales,Account Executive,EMP0482,HQ,2026-07-01,160.0,168.1,35.2,0.2,10,2000,79.9,0,False,2021-11-10,,4.1,8836.0,1
EMP0435,Team A,Engineering,QA Engineer,EMP0277,HQ,2025-10-01,160.0,155.9,5.5,0.4,29,0,,0,False,2025-06-23,,3.73,6894.3,1
EMP0157,Team G,Support,Support Lead,EMP0035,Branch-East,2026-08-01,160.0,150.1,1.8,3.4,102,60,85.3,0,False,2024-11-27,,3.51,5195.2,1
EMP0408,Team A,Engineering,Data Engineer,EMP0301,Branch-West,2026-07-01,160.0,160.9,3.1,2.6,20,0,78.1,2,False,2022-03-01,,3.42,9933.0,1
EMP0021,Team H,Support,Support Agent,EMP0035,Branch-East,2026-04-01,160.0,156.3,0.3,4.7,125,50,52.6,7,False,2023-09-07,,,3762.0,1
EMP0080,Team E,Engineering,Developer,EMP0422,Remote,2025-09-01,160.0,161.2,1.2,0.7,16,0,79.3,0,False,2024-11-08,,3.04,8965.0,1
EMP0142,Team E,Engineering,Developer,EMP0457,Branch-West,2026-02-01,160.0,153.8,0.2,0.7,18,0,87.7,0,False,2025-03-29,,3.18,8475.5,1
EMP0388,Team J,Engineering,DevOps Engineer,EMP0392,Branch-East,2026-08-01,160.0,167.8,7.8,0.9,8,0,85.4,4,False,2025-10-09,,3.4,10411.0,1
EMP0204,Team G,Marketing,Content Creator,EMP0035,Remote,2026-05-01,160.0,168.3,8.3,6.3,16,150,75.4,0,False,2023-12-04,,4.2,5422.5,1
EMP0285,Team C,Sales,Account Executive,EMP0035,HQ,2025-09-01,160.0,152.7,11.2,1.2,16,2000,,4,False,2024-09-15,,3.86,6780.0,1
EMP0460,Team F,Engineering,Data Engineer,EMP0071,HQ,2026-05-01,160.0,170.2,11.9,0.1,19,0,71.3,4,False,2022-10-30,,4.03,11283.0,1
EMP0363,Team E,Sales,Sales Manager,EMP0277,HQ,2026-03-01,160.0,174.0,21.4,4.7,10,2500,92.0,4,False,2022-06-02,,2.89,10717.2,1
EMP0399,Team G,Operations,Ops Analyst,EMP0061,HQ,2026-06-01,160.0,152.0,6.9,7.6,67,40,89.1,0,False,2025-12-09,,3.85,5195.2,1
EMP0157,Team G,Support,Support Lead,EMP0035,Branch-East,2025-11-01,160.0,165.8,5.8,0.5,92,60,89.7,0,False,2024-11-27,,4.3,5933.0,1
EMP0017,Team D,Sales,SDR,EMP0102,HQ,2025-10-01,160.0,152.5,9.9,2.6,47,150,61.4,1,False,2025-08-06,,3.71,4685.8,1
EMP0478,Team C,Sales,Account Executive,EMP0457,HQ,2026-03-01,160.0,164.4,4.7,0.5,15,2000,81.6,2,False,2025-12-26,,2.94,6858.0,1
EMP0371,Team H,Engineering,QA Engineer,EMP0225,Branch-East,2026-02-01,160.0,147.3,4.8,4.0,29,0,54.7,0,False,2024-02-11,,3.37,6489.0,1
EMP0498,Team J,Engineering,Developer,EMP0449,Branch-West,2026-05-01,160.0,155.0,39.0,7.8,18,0,79.5,1,False,2024-06-20,,4.27,11742.5,1
EMP0135,Team C,Marketing,Content Creator,EMP0471,HQ,2026-03-01,160.0,160.4,0.4,0.4,18,150,62.3,0,False,2021-10-07,,3.74,4830.0,1
EMP0201,Team A,Support,Support Agent,EMP0303,Branch-East,2026-08-01,160.0,153.1,2.3,3.5,142,50,,0,False,2024-07-09,,3.21,3757.2,1
EMP0027,Team B,Engineering,Developer,EMP0450,Branch-West,2026-02-01,160.0,166.4,26.9,1.0,27,0,,3,False,2024-01-17,,2.83,11371.25,1
EMP0007,Team E,Engineering,Data Engineer,EMP0355,Branch-West,2026-07-01,160.0,150.3,31.5,1.2,12,0,65.3,2,False,2022-05-29,,3.34,11853.0,1
EMP0402,Team H,Marketing,Marketing Specialist,EMP0085,Branch-West,2025-12-01,160.0,162.0,2.0,0.4,8,300,88.0,1,False,2022-02-23,,3.89,5445.0,1
EMP0109,  Team G  ,Engineering,DevOps Engineer,EMP0450,HQ,2026-08-01,160.0,158.3,6.5,0.4,15,0,65.1,1,False,2023-03-05,,2.8,9746.9,1
EMP0040,Team D,Sales,SDR,EMP0006,HQ,2025-12-01,160.0,155.5,5.5,0.1,38,150,49.9,0,False,2022-09-05,,3.9,4585.0,1
EMP0059,Team D,Engineering,Developer,EMP0482,Branch-East,2025-12-01,160.0,137.4,5.3,0.1,9,0,69.8,0,False,2025-12-18,,3.61,7994.25,1
EMP0137,Team C,Sales,Sales Manager,EMP0193,Branch-West,2026-08-01,160.0,155.4,0.8,0.0,9,2500,63.5,5,False,2022-03-30,,3.84,8143.2,1
EMP0082,Team A,Support,Support Lead,EMP0251,Remote,2025-12-01,160.0,160.1,0.1,0.4,70,60,81.9,1,False,2022-02-09,,3.58,5448.5,1
EMP0470,Team F,Marketing,Marketing Specialist,EMP0450,Branch-West,2026-05-01,160.0,172.8,13.5,1.1,13,300,75.2,3,False,2022-02-18,,3.42,6370.65,1
EMP0255,Team F,Engineering,DevOps Engineer,EMP0243,HQ,2026-08-01,160.0,170.2,31.3,0.6,15,0,56.4,0,False,2024-02-04,,3.81,12594.7,1
EMP0102,Team E,Support,Support Lead,EMP0351,HQ,2026-06-01,160.0,158.3,6.0,1.3,106,60,77.1,1,False,2024-04-04,,3.5,5688.2,1
EMP0495,Team E,Sales,Sales Manager,EMP0476,Remote,2026-08-01,160.0,171.4,11.4,0.7,9,2500,80.1,3,False,2025-09-22,,2.52,9802.0,1
EMP0300,Team J,Engineering,QA Engineer,EMP0480,HQ,2026-05-01,160.0,156.5,2.0,0.9,24,0,61.1,0,False,2024-10-03,,4.43,6699.0,1
EMP0485,Team D,Sales,SDR,EMP0471,HQ,2026-05-01,160.0,168.8,17.0,3.7,40,150,89.9,0,False,2024-05-27,,3.27,5440.4,1
EMP0170,Team B,Sales,Sales Manager,EMP0210,Remote,2025-11-01,160.0,155.1,1.2,1.1,8,2500,46.9,0,False,2025-03-25,,2.77,8158.8,1
EMP0366,Team H,SALES,SDR,EMP0434,HQ,2025-09-01,160.0,164.8,4.8,2.4,30,150,67.1,1,False,2022-12-12,,4.17,4816.0,1
EMP0175,Team D,Support,Support Lead,EMP0344,HQ,2026-08-01,160.0,162.4,2.4,0.1,101,60,86.3,3,False,2022-10-14,,3.0,5644.0,1
EMP0186,Team H,Support,Support Agent,EMP0177,HQ,2026-05-01,160.0,160.0,1.7,1.0,124,50,59.9,2,False,2024-05-22,,3.98,3901.2,1
EMP0127,  Team E  ,Operations,Ops Analyst,EMP0277,HQ,2025-12-01,160.0,160.5,4.2,4.3,54,40,68.2,4,False,2022-05-14,,3.7,5337.6,1
EMP0337,Team I,Operations,Ops Coordinator,EMP0243,Remote,2025-10-01,160.0,155.4,16.6,0.8,62,35,81.4,6,False,2022-12-31,,3.49,4868.1,1
EMP0460,Team F,Engineering,Data Engineer,EMP0071,HQ,2025-09-01,160.0,161.4,1.4,0.9,24,0,56.6,3,False,2022-10-30,,2.78,9810.0,1
EMP0226,Team G,Engineering,DevOps Engineer,EMP0392,HQ,2026-02-01,160.0,159.8,1.7,1.9,9,0,56.8,6,False,2025-12-09,,4.09,9416.3,1
EMP0278,Team G,Support,Support Agent,EMP0199,Remote,2026-07-01,160.0,153.0,5.0,,127,50,34.2,0,False,2024-09-27,,4.4,3852.0,1
EMP0372,Team H,Engineering,Data Engineer,EMP0301,,2025-12-01,160.0,158.7,10.4,0.9,15,0,76.7,1,False,2022-07-05,,4.05,10458.0,1
EMP0053,Team B,Marketing,Marketing Specialist,EMP0100,Remote,2026-03-01,160.0,150.2,7.7,,13,300,72.9,1,False,2022-09-20,,2.97,5337.75,1
EMP0354,Team C,Engineering,QA Engineer,EMP0422,,2025-12-01,160.0,161.6,1.6,0.2,22,0,70.3,3,False,2023-12-07,,3.96,6888.0,1
EMP0294,Team C,Sales,Account Executive,EMP0318,,2026-01-01,160.0,160.9,3.2,0.2,13,2000,73.4,0,False,2023-01-18,,2.27,6628.0,1
EMP0038,Team J,Engineering,DevOps Engineer,EMP0199,Branch-West,2026-03-01,160.0,147.6,3.2,1.2,11,0,82.9,2,False,2023-04-29,,3.0,8839.2,1
EMP0156,Team J,Engineering,DevOps Engineer,EMP0293,Remote,2026-01-01,160.0,143.0,27.3,1.2,13,0,48.5,0,False,2024-11-11,,3.31,10669.1,1
EMP0395,Team C,Sales,SDR,EMP0376,Remote,2025-11-01,160.0,156.7,0.9,1.0,42,150,83.1,1,False,2021-09-13,,3.1,4425.4,1
EMP0195,Team I,Sales,Account Executive,EMP0453,HQ,2025-12-01,160.0,164.8,21.1,0.3,11,2000,83.7,0,False,2025-07-05,,4.52,7858.0,1
EMP0480,Team J,Sales,SDR,,Branch-East,2026-05-01,160.0,164.6,4.6,1.5,46,150,90.8,1,False,2023-06-10,,4.24,4802.0,1
EMP0035,Team H,Marketing,Content Creator,EMP0351,Remote,2026-06-01,160.0,162.4,2.4,0.0,18,150,63.1,2,False,2022-07-26,,3.17,4980.0,1
EMP0244,Team F,Sales,SDR,EMP0320,Remote,2025-10-01,160.0,139.7,4.7,1.8,44,150,87.8,1,True,2021-10-26,2025-10-09,2.78,4109.0,1
EMP0225,TEAM I,Engineering,Data Engineer,EMP0351,HQ,2026-02-01,160.0,162.5,2.5,1.0,16,0,80.6,0,False,2021-12-22,,3.72,9975.0,1
EMP0423,Team D,engineering,QA Engineer,EMP0277,HQ,2026-05-01,160.0,160.8,0.8,1.7,20,0,79.7,2,False,2022-02-23,,3.83,6804.0,1
EMP0170,Team B,Sales,Sales Manager,EMP0210,Remote,2026-07-01,160.0,152.0,2.5,0.3,9,2500,64.3,3,False,2025-03-25,,3.81,8099.0,1
EMP0106,Team J,Engineering,Data Engineer,EMP0309,HQ,2026-04-01,160.0,158.8,8.7,1.7,18,0,65.0,0,False,2025-03-01,,3.41,10311.0,1
EMP0060,team j,Sales,Sales Manager,EMP0296,Remote,2025-12-01,160.0,155.5,1.8,1.0,9,2500,71.2,5,False,2025-12-17,,3.38,8226.4,1
EMP0052,Team D,Operations,Ops Analyst,EMP0293,Remote,2026-08-01,160.0,158.6,0.6,0.5,69,40,70.3,1,False,2025-12-11,,3.82,5104.0,1
EMP0340,Team E,Engineering,Data Engineer,EMP0100,Remote,2026-04-01,160.0,161.2,1.2,2.6,16,0,71.5,1,False,2021-11-09,,3.48,9780.0,1
EMP0456,Team F,Sales,Sales Manager,EMP0351,HQ,2026-02-01,160.0,144.9,0.4,1.6,11,2500,62.9,1,False,2025-12-25,,3.89,7566.0,1
EMP0419,Team E,Support,Support Agent,EMP0449,HQ,2026-02-01,160.0,162.5,5.6,0.3,150,50,56.1,1,False,2024-08-22,,3.15,4101.6,1
EMP0248,Team H,Marketing,Marketing Specialist,EMP0061,HQ,2026-07-01,160.0,165.3,7.2,13.8,11,300,52.5,0,False,2022-06-20,,3.56,5811.3,1
EMP0109,Team G,Engineering,DevOps Engineer,EMP0450,HQ,2026-04-01,160.0,160.7,0.7,0.1,18,0,66.2,0,False,2023-03-05,,4.48,9381.5,1
EMP0371,Team H,Engineering,QA Engineer,EMP0225,Branch-East,2026-08-01,160.0,146.9,4.5,5.4,24,0,66.0,4,False,2024-02-11,,2.94,6453.3,1
EMP0484,Team J,Support,Support Agent,EMP0450,Remote,2026-07-01,160.0,164.5,4.5,0.1,141,50,74.2,0,False,2022-10-05,,3.93,4110.0,1
EMP0457,Team G,Engineering,Data Engineer,EMP0147,Remote,2026-07-01,160.0,156.3,25.7,0.2,16,0,42.4,2,False,2022-07-06,,3.58,11691.0,1
EMP0130,Team G,Sales,SDR,EMP0351,HQ,2026-03-01,160.0,168.8,10.9,1.4,24,150,59.9,1,False,2025-04-15,,1.76,5184.2,1
EMP0180,Team G,Engineering,QA Engineer,EMP0199,Branch-West,2026-01-01,160.0,133.8,4.2,3.7,23,0,81.5,0,False,2024-11-03,,3.58,5884.2,1
EMP0081,Team H,Marketing,Content Creator,EMP0333,Remote,2025-10-01,160.0,162.8,2.8,1.7,26,150,53.2,1,False,2023-12-26,,3.96,5010.0,1
EMP0081,Team H,Marketing,Content Creator,EMP0333,Remote,2025-11-01,160.0,153.1,18.9,0.8,20,150,89.1,2,False,2023-12-26,,5.0,5443.5,1
EMP0418,Team J,  Sales  ,Account Executive,EMP0392,Branch-West,2026-05-01,160.0,156.7,0.5,4.4,9,2000,90.5,0,False,2025-06-01,,4.56,6298.0,1
EMP0184,Team E,Marketing,Marketing Specialist,EMP0100,HQ,2026-03-01,160.0,164.7,4.7,3.3,12,300,70.4,1,False,2025-08-01,,3.42,5667.75,1
EMP0482,Team H,Support,Support Lead,EMP0450,Remote,2026-06-01,160.0,165.1,10.7,0.8,110,60,85.2,1,False,2024-06-22,,2.72,6159.1,1
EMP0197,Team E,Support,Support Agent,EMP0449,HQ,2025-09-01,160.0,147.5,2.6,2.0,82,50,91.5,2,False,2025-08-22,,3.9,3633.6,1
EMP0325,Team B,Marketing,Content Creator,EMP0376,Remote,2026-05-01,160.0,154.1,4.0,0.0,16,150,78.3,1,False,2024-06-07,,3.05,4803.0,1
EMP0404,Team I,Operations,Ops Analyst,EMP0167,HQ,2025-12-01,160.0,161.3,9.5,0.5,48,40,89.6,13,False,2022-03-08,,3.87,5617.6,1
EMP0351,Team F,Sales,Sales Manager,,Branch-West,2025-10-01,160.0,156.2,2.9,4.3,8,2500,70.3,0,False,2022-07-22,,3.36,8348.6,1
EMP0335,  Team I  ,Engineering,DevOps Engineer,EMP0187,HQ,2025-10-01,160.0,153.6,22.0,0.1,16,0,76.7,1,False,2023-07-24,,3.12,10822.8,1
EMP0153,Team J,Engineering,Developer,EMP0457,Remote,2026-02-01,160.0,129.5,5.9,1.4,12,0,58.7,0,False,2025-06-07,,3.95,7609.25,1
EMP0142,Team E,Engineering,Developer,EMP0457,Branch-West,2025-09-01,160.0,170.9,10.9,5.4,13,0,86.2,1,False,2025-03-29,,3.86,10298.75,1
EMP0436,Team C,Support,Support Agent,EMP0420,Remote,2026-06-01,160.0,160.7,1.2,7.9,125,50,64.5,0,False,2025-06-01,,3.45,3900.0,1
EMP0471,Team D,Engineering,QA Engineer,EMP0147,Branch-East,2026-01-01,160.0,160.7,1.7,0.5,22,0,,0,False,2024-07-01,,3.26,6856.5,1
EMP0008,Team B,Marketing,Marketing Specialist,EMP0457,Remote,2026-07-01,160.0,162.5,2.5,0.0,14,300,41.8,0,False,2025-09-18,,3.47,5486.25,1
EMP0088,Team E,Support,Support Agent,EMP0199,Branch-East,2025-10-01,160.0,156.7,2.0,1.8,141,50,69.6,3,False,2025-04-28,,2.85,3832.8,1
EMP0235,Team B,Engineering,DevOps Engineer,EMP0450,Remote,2026-06-01,160.0,164.8,8.2,0.5,15,0,93.8,3,False,2023-10-25,,2.93,10271.8,1
EMP0002,Team D,Marketing,Marketing Specialist,EMP0344,Remote,2026-06-01,160.0,158.2,0.5,5.8,12,300,49.9,0,False,2022-03-21,,3.52,5245.35,1
EMP0354,Team C,Engineering,QA Engineer,EMP0422,Branch-East,2026-03-01,160.0,162.0,4.8,0.9,32,0,64.9,1,False,2023-12-07,,3.33,7106.4,1
EMP0280,  Team I  ,Operations,Ops Coordinator,EMP0193,Branch-East,2025-09-01,160.0,172.4,12.4,0.6,62,35,92.4,0,False,2022-01-05,,2.81,5157.0,1
EMP0347,Team B,Support,Support Agent,EMP0453,,2026-04-01,160.0,164.9,4.9,0.0,95,50,76.7,1,False,2023-01-12,,3.8,4134.0,1
EMP0464,Team J,Sales,Account Executive,EMP0277,HQ,2025-09-01,160.0,151.9,2.3,2.9,21,2000,55.6,1,False,2024-07-31,,3.72,6214.0,1
EMP0156,Team J,Engineering,DevOps Engineer,EMP0293,Remote,2026-04-01,160.0,163.6,6.5,5.6,18,0,88.8,1,False,2024-11-11,,3.54,10054.3,1
EMP0309,Team H,Operations,Ops Analyst,EMP0351,Remote,2026-08-01,160.0,167.1,7.6,2.5,72,40,60.6,0,False,2024-04-22,,4.01,5712.0,1
EMP0318,Team G,Engineering,QA Engineer,EMP0450,Remote,2025-11-01,160.0,146.7,20.0,0.6,23,0,88.0,0,False,2022-01-13,,3.78,7421.4,1
EMP0099,Team J,Engineering,Data Engineer,EMP0344,Branch-East,2025-12-01,160.0,161.0,1.0,5.1,16,0,84.3,2,False,2025-06-21,,2.29,9750.0,1
EMP0170,Team B,Sales,Sales Manager,EMP0210,Remote,2026-08-01,160.0,160.6,2.4,0.7,11,2500,89.4,7,False,2025-03-25,,4.02,8538.4,1
EMP0322,Team E,Support,Support Lead,EMP0100,Branch-West,2026-05-01,160.0,156.6,25.6,1.8,77,60,58.4,1,False,2023-11-17,,3.04,6630.0,1
EMP0490,Team I,Marketing,Marketing Specialist,EMP0199,Remote,2025-11-01,160.0,158.2,4.0,0.0,14,300,65.7,3,False,2024-07-08,,4.04,5418.6,1
EMP0488,Team I,Engineering,QA Engineer,EMP0480,HQ,2026-05-01,160.0,155.0,3.9,0.1,18,0,57.4,1,False,2023-12-14,,4.18,6755.7,1
EMP0111,Team I,Engineering,Developer,EMP0293,HQ,2025-09-01,160.0,158.8,4.4,0.5,20,0,77.9,1,False,2023-08-02,,3.83,9097.0,1
EMP0423,Team D,Engineering,QA Engineer,EMP0277,HQ,2025-12-01,160.0,162.1,2.1,0.3,17,0,97.3,0,False,2022-02-23,,4.46,6940.5,1
EMP0284,Team I,Engineering,Developer,EMP0167,HQ,2026-03-01,160.0,164.0,4.5,0.5,14,0,68.2,2,False,2022-05-19,,3.67,9391.25,1
EMP0090,Team A,Sales,SDR,EMP0280,Branch-East,2026-02-01,160.0,171.0,20.2,1.2,41,150,90.5,1,False,2023-05-20,,3.2,5636.4,1
EMP0499,Team C,Marketing,Marketing Specialist,EMP0177,HQ,2025-11-01,160.0,172.4,12.4,1.2,12,300,67.8,2,False,2025-03-25,,3.37,6303.0,1
EMP0380,Team G,Engineering,Developer,EMP0318,HQ,2026-07-01,160.0,165.6,17.3,0.9,11,0,44.9,0,False,2021-10-15,,3.98,10535.25,1
EMP0465,Team A,Marketing,Content Creator,EMP0376,Remote,2025-09-01,160.0,158.3,5.6,2.5,17,150,62.8,4,False,2025-04-17,,3.96,5001.0,1
EMP0369,Team F,Engineering,Developer,EMP0100,Remote,2026-03-01,160.0,164.3,4.3,0.1,25,0,66.0,0,False,2023-07-03,,3.87,9391.25,1
EMP0447,Team D,Marketing,Content Creator,EMP0167,Branch-East,2025-09-01,160.0,167.3,8.7,2.8,23,150,93.4,3,False,2025-09-02,,3.33,5410.5,1
EMP0052,Team D,Operations,Ops Analyst,EMP0293,,2026-04-01,160.0,163.0,10.7,2.0,56,40,88.3,1,False,2025-12-11,,,5729.6,1
EMP0468,Team A,Marketing,Marketing Specialist,EMP0259,HQ,2026-04-01,160.0,161.0,6.5,0.9,15,300,33.8,0,False,2021-09-19,,4.26,5634.75,1
EMP0075,Team H,Support,Support Agent,EMP0420,Remote,2026-03-01,160.0,146.5,2.9,0.2,106,50,70.7,1,False,2021-11-30,,3.45,3620.4,1
EMP0146,Team I,Engineering,Developer,EMP0162,Branch-West,2025-11-01,160.0,165.5,5.5,3.7,21,0,70.3,1,False,2022-10-13,,3.81,9556.25,1
EMP0410,Team H,Engineering,Developer,EMP0061,HQ,2026-02-01,160.0,172.6,14.1,0.8,12,0,74.3,0,False,2024-09-20,,3.48,10656.25,1
EMP0476,Team B,Marketing,Marketing Specialist,EMP0450,Remote,2025-11-01,160.0,157.9,13.7,0.7,15,300,65.1,2,True,2025-10-05,2025-12-04,2.6,5888.85,1
EMP0251,  Team A  ,Engineering,DevOps Engineer,EMP0147,HQ,2026-04-01,160.0,161.7,1.7,0.2,15,0,73.5,1,False,2023-11-18,,4.04,9526.5,1
EMP0299,Team A,Support,Support Lead,EMP0035,HQ,2026-08-01,160.0,152.4,2.9,0.7,85,60,66.1,1,False,2024-09-07,,3.7,5329.5,1
EMP0213,Team E,Support,Support Agent,EMP0077,HQ,2025-09-01,160.0,158.4,7.1,4.6,126,50,56.1,1,False,2025-08-12,,4.24,4057.2,1
EMP0292,Team A,engineering,QA Engineer,EMP0225,Remote,2026-03-01,160.0,151.0,9.6,0.1,19,0,77.2,1,False,2023-01-21,,3.31,6946.8,1
EMP0481,Team D,Support,Support Lead,EMP0476,HQ,2026-06-01,160.0,161.1,1.1,2.7,82,60,69.7,1,False,2022-01-26,,3.33,5533.5,1
EMP0092,Team J,Support,Support Lead,EMP0333,Remote,2025-11-01,160.0,163.4,3.4,3.7,91,60,77.5,0,False,2023-04-05,,4.38,5729.0,1
EMP0377,Team B,Operations,Ops Coordinator,EMP0243,,2026-07-01,160.0,164.2,11.9,0.3,62,35,82.0,3,False,2025-12-07,,2.86,4915.35,1
EMP0104,Team J,Sales,Account Executive,EMP0453,Remote,2026-05-01,160.0,165.5,15.6,0.1,14,2000,75.2,6,False,2022-03-09,,4.44,7556.0,1
EMP0251,Team A,Engineering,DevOps Engineer,EMP0147,HQ,2026-06-01,160.0,135.2,9.0,2.4,19,0,63.6,1,False,2023-11-18,,3.37,8624.6,1
EMP0243,Team I,Marketing,Content Creator,EMP0450,HQ,2025-09-01,160.0,153.2,0.8,0.4,19,150,64.4,2,True,2025-03-13,2026-02-15,4.34,4632.0,1
EMP0095,Team D,Operations,Ops Analyst,EMP0177,Branch-West,2026-07-01,160.0,158.5,2.8,0.3,76,40,62.9,5,False,2024-03-12,,3.82,5206.4,1
EMP0393,Team J,Sales,Account Executive,EMP0476,HQ,2026-08-01,160.0,159.3,1.2,0.2,19,2000,74.2,1,False,2024-08-12,,2.88,6444.0,1
EMP0078,Team B,Engineering,DevOps Engineer,EMP0293,Remote,2026-05-01,160.0,139.8,8.8,1.8,23,0,89.4,0,False,2025-09-04,,3.15,8874.0,1
EMP0073,Team B,Engineering,Developer,EMP0035,HQ,2026-01-01,160.0,158.1,0.2,2.6,19,0,79.5,1,False,2025-04-05,,3.5,8712.0,1
EMP0028,Team A,Sales,Account Executive,EMP0047,Remote,2026-07-01,160.0,161.3,3.5,4.0,11,2000,81.9,1,False,2024-12-15,,4.25,6662.0,1
EMP0070,Team J,Marketing,Content Creator,EMP0006,Branch-West,2026-02-01,160.0,153.9,6.5,1.9,18,150,52.9,0,False,2025-03-03,,3.64,4909.5,1
EMP0071,Team E,Operations,Ops Analyst,EMP0193,HQ,2026-08-01,160.0,157.3,18.2,2.3,72,40,53.2,0,False,2022-11-07,,4.2,5907.2,1
EMP0336,Team I,Engineering,Data Engineer,EMP0376,HQ,2026-02-01,160.0,147.5,2.9,0.6,12,0,79.3,1,True,2023-09-19,2026-04-13,1.98,9111.0,1
EMP0236,Team J,Support,Support Agent,EMP0225,Remote,2025-09-01,160.0,158.6,5.7,0.5,105,50,81.2,1,False,2021-11-04,,4.06,4011.6,1
EMP0226,Team G,Engineering,DevOps Engineer,EMP0392,HQ,2026-06-01,160.0,160.3,0.3,4.1,14,0,75.7,1,False,2025-12-09,,3.55,9323.5,1
EMP0367,Team I,Marketing,Content Creator,EMP0061,Remote,2026-07-01,160.0,176.1,16.1,1.0,20,150,74.5,1,False,2021-09-10,,3.46,6007.5,1
EMP0048,Team J,Sales,Account Executive,EMP0217,Remote,2025-10-01,160.0,163.2,3.2,1.0,15,2000,96.1,2,False,2023-11-16,,3.87,6720.0,1
EMP0002,Team D,Marketing,Marketing Specialist,EMP0344,,2026-07-01,160.0,163.0,3.0,1.5,10,300,66.1,0,False,2022-03-21,,,5527.5,1
EMP0276,Team F,Sales,SDR,EMP0077,Remote,2025-11-01,160.0,160.3,0.3,,39,150,33.7,4,False,2022-12-15,,3.48,4501.0,1
EMP0090,Team A,Sales,SDR,EMP0280,Branch-East,2026-01-01,160.0,148.6,25.6,1.8,42,150,55.2,2,False,2023-05-20,,3.33,5236.0,1
EMP0246,Team B,Marketing,Marketing Specialist,EMP0355,HQ,2025-11-01,160.0,177.5,18.8,0.5,11,300,74.6,2,False,2024-11-20,,3.26,6788.1,1
EMP0093,Team G,Operations,Ops Coordinator,EMP0147,Remote,2025-11-01,160.0,165.1,5.1,1.2,72,35,93.1,0,False,2022-12-17,,2.71,4664.25,1
EMP0388,Team J,Engineering,DevOps Engineer,EMP0392,Branch-East,2026-06-01,160.0,164.2,4.2,,18,0,54.3,0,False,2025-10-09,,2.77,9889.0,1
EMP0388,Team J,Engineering,DevOps Engineer,EMP0392,Branch-East,2025-12-01,160.0,142.1,12.9,9.7,9,0,93.2,0,False,2025-10-09,,3.41,9364.1,1
EMP0224,Team F,Sales,SDR,EMP0243,HQ,2025-12-01,160.0,162.5,9.5,0.2,30,150,93.4,10,True,2021-12-19,2026-02-17,3.35,4949.0,1
EMP0397,Team A,Operations,Ops Analyst,EMP0301,Remote,2026-05-01,160.0,162.5,2.5,0.6,51,40,78.8,0,False,2021-08-20,,4.02,5320.0,1
EMP0341,Team C,Sales,Account Executive,EMP0061,Branch-East,2026-08-01,160.0,156.7,6.7,0.3,15,2000,85.2,4,False,2023-04-15,,3.21,6670.0,1
EMP0127,Team E,Operations,Ops Analyst,EMP0277,HQ,2026-07-01,160.0,147.4,3.9,5.2,63,40,38.3,0,False,2022-05-14,,3.71,4904.0,1
EMP0049,Team C,Sales,SDR,EMP0225,Remote,2026-02-01,160.0,154.0,4.4,0.5,36,150,80.9,0,False,2025-12-31,,3.74,4496.8,1
EMP0441,Team E,Engineering,Developer,EMP0006,Branch-East,2025-10-01,160.0,149.4,12.1,2.6,15,0,77.7,2,False,2024-06-21,,3.12,9215.25,1
EMP0296,Team I,Sales,Account Executive,EMP0450,HQ,2025-10-01,160.0,157.8,0.4,1.4,7,2000,81.4,0,False,2023-04-24,,2.35,6336.0,1
EMP0123,Team C,Sales,SDR,EMP0344,Branch-West,2026-01-01,160.0,171.8,11.8,2.3,44,150,71.5,2,False,2025-05-24,,3.6,5306.0,1
EMP0028,Team A,Sales,Account Executive,EMP0047,Remote,2025-09-01,160.0,164.2,4.2,0.5,16,2000,84.7,1,False,2024-12-15,,4.29,6820.0,1
EMP0100,Team F,Engineering,Developer,EMP0480,Branch-West,2026-04-01,160.0,135.2,18.2,0.4,19,0,33.6,0,False,2023-06-05,,,8937.5,1
EMP0208,Team H,Support,Support Lead,EMP0376,HQ,2026-03-01,160.0,149.9,5.5,5.7,97,60,63.4,1,False,2022-11-05,,3.34,5377.1,1
EMP0125,Team G,Engineering,QA Engineer,EMP0033,HQ,2026-07-01,160.0,158.8,4.8,0.3,24,0,92.5,0,False,2022-05-04,,3.73,6972.0,1
EMP0238,Team E,Engineering,QA Engineer,EMP0277,Branch-East,2026-07-01,160.0,161.3,1.3,2.3,24,0,76.4,1,False,2022-10-24,,2.16,6856.5,1
EMP0057,Team H,Engineering,Data Engineer,EMP0245,Remote,2026-08-01,160.0,147.8,3.8,0.2,15,0,91.6,2,False,2025-05-07,,4.08,9210.0,1
EMP0144,Team D,Sales,Account Executive,EMP0471,HQ,2026-01-01,160.0,151.6,2.1,0.7,13,2000,80.6,1,False,2025-08-20,,3.68,6190.0,1
EMP0101,Team A,Engineering,QA Engineer,EMP0457,Branch-East,2025-09-01,160.0,173.2,25.2,2.7,22,0,93.7,5,False,2021-09-29,,4.14,8862.0,1
EMP0430,Team I,Engineering,Data Engineer,EMP0318,HQ,2026-04-01,160.0,160.1,0.1,4.0,11,0,76.3,2,False,2025-11-18,,3.11,9615.0,1
EMP0357,Team D,Engineering,Developer,EMP0309,HQ,2025-09-01,160.0,164.4,4.4,2.6,20,0,51.5,2,False,2025-04-27,,3.53,9405.0,1
EMP0059,Team D,Engineering,Developer,EMP0482,Branch-East,2026-03-01,160.0,162.9,2.9,3.3,18,0,93.3,0,False,2025-12-18,,3.79,9198.75,1
EMP0354,Team C,Engineering,QA Engineer,EMP0422,Branch-East,2026-02-01,160.0,160.3,0.3,3.9,29,0,70.6,0,False,2023-12-07,,3.76,6751.5,1
EMP0379,Team D,Operations,Ops Analyst,EMP0471,Remote,2025-09-01,160.0,162.0,2.0,1.8,68,40,60.4,0,False,2025-03-21,,3.34,5280.0,1
EMP0252,Team G,Sales,Account Executive,EMP0033,HQ,2026-01-01,160.0,160.3,0.3,0.1,17,2000,80.4,0,False,2025-06-22,,3.44,6430.0,1
EMP0136,Team F,Sales,SDR,EMP0318,HQ,2025-09-01,160.0,149.5,3.6,0.1,55,150,73.0,0,False,2024-10-13,,2.9,4337.2,1
EMP0102,Team E,Support,Support Lead,EMP0351,HQ,2025-12-01,160.0,169.9,14.3,5.5,82,60,92.7,1,False,2024-04-04,,3.98,6505.9,1
EMP0069,Team F,Engineering,QA Engineer,EMP0218,Branch-East,2026-01-01,160.0,153.7,9.4,0.3,26,0,71.5,0,False,2024-09-25,,3.35,7047.6,1
EMP0241,Team I,Marketing,Content Creator,EMP0251,HQ,2026-03-01,160.0,147.4,5.1,1.3,18,150,42.9,0,False,2021-12-06,,2.65,4651.5,1
EMP0289,Team B,Engineering,DevOps Engineer,EMP0480,Remote,2026-08-01,160.0,149.2,0.1,3.0,17,0,96.2,4,False,2023-10-15,,4.46,8662.3,1
EMP0045,Team H,Engineering,DevOps Engineer,EMP0225,Remote,2026-01-01,160.0,145.3,2.7,0.2,18,0,49.6,2,False,2023-02-23,,5.0,8662.3,1
EMP0392,Team I,Sales,Account Executive,EMP0351,Branch-West,2025-10-01,160.0,154.6,13.3,2.5,15,2000,72.4,3,False,2023-03-21,,3.78,6982.0,1
EMP0388,Team J,Engineering,DevOps Engineer,EMP0392,Branch-East,2026-07-01,160.0,159.5,2.3,2.1,12,0,77.9,0,False,2025-10-09,,3.79,9451.1,1
EMP0383,Team I,Support,Support Agent,EMP0457,,2026-05-01,160.0,156.8,6.4,3.6,113,50,83.2,1,False,2021-09-07,,4.3,3993.6,1
EMP0036,Team H,Operations,Ops Analyst,EMP0296,Branch-East,2026-06-01,160.0,153.2,3.9,1.4,62,40,63.4,0,False,2023-07-24,,2.83,5089.6,1
EMP0206,Team C,Engineering,DevOps Engineer,EMP0476,HQ,2026-04-01,160.0,163.2,3.2,0.8,8,0,42.7,8,False,2025-06-19,,3.72,9744.0,1
EMP0451,Team A,Operations,Ops Analyst,EMP0100,Remote,2026-07-01,160.0,151.1,12.2,0.4,50,40,69.4,0,False,2023-05-13,,3.68,5420.8,1
EMP0394,Team F,Operations,Ops Coordinator,EMP0259,Remote,2025-12-01,160.0,140.1,5.9,5.3,52,35,64.1,0,False,2025-03-27,,3.86,4021.65,1
EMP0168,Team C,Engineering,DevOps Engineer,EMP0392,HQ,2026-08-01,160.0,137.1,1.0,,15,0,68.2,2,False,2025-06-23,,3.9,8038.8,1
EMP0440,Team G,Engineering,Developer,EMP0318,HQ,2025-11-01,160.0,155.9,8.8,1.2,15,0,57.7,0,False,2025-09-25,,2.59,9300.5,1
EMP0155,Team E,Marketing,Marketing Specialist,EMP0251,Remote,2025-12-01,160.0,164.9,8.2,6.6,9,300,67.8,1,False,2022-03-02,,2.88,5847.6,1
EMP0126,Team I,Sales,Sales Manager,EMP0077,Remote,2025-09-01,160.0,170.3,10.3,0.2,10,2500,82.1,1,False,2024-08-28,,3.12,9659.0,1
EMP0197,Team E,Support,Support Agent,EMP0449,HQ,2026-02-01,160.0,159.7,1.5,1.6,81,50,86.0,2,False,2025-08-22,,3.98,3886.8,1
EMP0030,Team J,Engineering,Data Engineer,EMP0420,Remote,2025-12-01,160.0,145.9,3.8,1.3,7,0,78.7,1,False,2023-02-25,,3.09,9096.0,1
EMP0155,Team E,Marketing,Marketing Specialist,EMP0251,Remote,2025-11-01,160.0,160.3,0.3,3.8,16,300,83.6,0,False,2022-03-02,,3.82,5304.75,1
EMP0201,Team A,Support,Support Agent,EMP0303,Branch-East,2026-07-01,160.0,153.5,9.3,,113,50,86.7,4,False,2024-07-09,,2.25,4018.8,1
EMP0059,Team D,Engineering,Developer,EMP0482,Branch-East,2026-06-01,160.0,159.3,4.8,,15,0,90.8,0,False,2025-12-18,,3.69,9157.5,1
EMP0335,Team I,Engineering,DevOps Engineer,EMP0187,HQ,2025-11-01,160.0,150.4,4.5,1.7,12,0,88.1,0,False,2023-07-24,,4.53,9114.7,1
EMP0240,Team E,Engineering,DevOps Engineer,EMP0259,Branch-East,2026-06-01,160.0,153.5,25.6,0.9,13,0,76.5,0,False,2025-10-21,,2.94,11130.2,1
EMP0213,Team E,Support,Support Agent,EMP0077,HQ,2025-12-01,160.0,161.7,1.7,,90,50,84.5,0,False,2025-08-12,,,3942.0,1
EMP0445,Team G,Operations,Ops Analyst,EMP0309,Remote,2026-08-01,160.0,163.0,3.0,0.1,58,40,75.7,1,False,2025-03-25,,3.84,5360.0,1
EMP0352,Team H,Operations,Ops Analyst,EMP0100,Branch-West,2026-08-01,160.0,161.5,1.5,1.1,50,40,89.3,0,False,2024-01-17,,3.59,5240.0,1
EMP0241,Team I,Marketing,Content Creator,EMP0251,HQ,2026-01-01,160.0,162.3,2.8,0.8,22,150,70.8,0,False,2021-12-06,,2.84,4995.0,1
EMP0272,Team J,Operations,Ops Analyst,EMP0167,HQ,2026-07-01,160.0,164.5,5.1,3.6,51,40,69.6,1,False,2025-10-20,,2.74,5508.8,1
EMP0462,Team D,Support,Support Agent,EMP0296,,2026-02-01,160.0,156.4,1.7,0.8,131,50,83.4,5,False,2025-11-23,,3.43,3814.8,1
EMP0042,Team D,Sales,Account Executive,EMP0187,Remote,2026-08-01,160.0,152.1,5.4,0.6,16,2000,76.6,0,False,2025-05-18,,2.73,6408.0,1
EMP0259,Team F,Sales,SDR,EMP0147,Remote,2026-04-01,160.0,148.3,22.2,0.0,40,150,61.6,2,False,2024-09-25,,3.55,5084.8,1
EMP0106,Team J,Engineering,Data Engineer,EMP0309,HQ,2026-08-01,160.0,164.5,4.5,0.8,17,0,73.0,0,False,2025-03-01,,4.05,10275.0,1
EMP0409,Team D,Marketing,Marketing Specialist,EMP0320,Branch-East,2026-08-01,160.0,165.2,5.2,0.1,9,300,69.8,2,False,2023-07-23,,3.64,5709.0,1
EMP0463,Team F,Operations,Ops Analyst,EMP0453,HQ,2025-11-01,160.0,166.1,10.6,0.1,61,40,88.0,2,False,2025-07-16,,3.2,5824.0,1
EMP0056,Team B,  Marketing  ,Content Creator,EMP0301,Remote,2026-04-01,160.0,163.0,5.4,6.1,14,150,87.8,1,False,2024-02-12,,,5133.0,1
EMP0443,Team F,Sales,Account Executive,EMP0480,Remote,2025-09-01,160.0,155.0,1.5,2.2,18,2000,54.5,0,False,2021-12-08,,3.54,6290.0,1
EMP0407,Team I,Sales,Account Executive,EMP0187,Remote,2026-02-01,160.0,153.3,6.9,0.7,12,2000,76.3,0,False,2023-02-17,,4.68,6546.0,1
EMP0478,Team C,Sales,Account Executive,EMP0457,HQ,2026-01-01,160.0,162.0,2.0,5.3,13,2000,73.4,10,False,2025-12-26,,3.67,6600.0,1
EMP0248,Team H,Marketing,Marketing Specialist,EMP0061,HQ,2025-11-01,160.0,163.0,3.6,6.1,9,300,79.8,0,False,2022-06-20,,3.74,5557.2,1
EMP0477,Team F,Engineering,DevOps Engineer,EMP0102,Remote,2026-08-01,160.0,161.4,1.4,1.5,13,0,79.7,0,False,2025-09-07,,,9483.0,1
EMP0036,Team H,Operations,Ops Analyst,EMP0296,,2026-02-01,160.0,163.3,7.2,0.0,44,40,71.3,3,False,2023-07-24,,3.63,5571.2,1
EMP0120,Team C,Sales,SDR,EMP0303,Branch-East,2026-03-01,160.0,174.5,14.5,1.0,38,150,82.1,8,False,2025-11-04,,,5495.0,1
EMP0171,Team G,Support,Support Agent,EMP0303,HQ,2026-03-01,160.0,157.3,1.1,0.1,123,50,85.0,3,False,2022-11-02,,5.0,3814.8,1
EMP0343,Team E,  Engineering  ,QA Engineer,EMP0277,,2026-08-01,160.0,164.5,11.0,0.2,25,0,66.4,4,False,2024-02-08,,3.64,7602.0,1
EMP0261,Team B,  Support  ,Support Lead,EMP0480,HQ,2026-08-01,160.0,158.7,0.9,3.0,60,60,73.6,1,False,2023-09-20,,3.96,5441.7,1
EMP0420,Team D,Operations,Ops Analyst,EMP0193,Remote,2025-09-01,160.0,155.7,13.4,0.3,61,40,66.1,1,False,2025-05-29,,4.93,5625.6,1
EMP0282,Team D,Sales,Sales Manager,EMP0199,HQ,2026-07-01,160.0,152.4,7.6,1.4,11,2500,84.0,2,False,2022-10-28,,,8517.6,1
EMP0170,Team B,Sales,Sales Manager,EMP0210,Remote,2026-02-01,160.0,159.5,0.0,0.3,13,2500,67.2,0,False,2025-03-25,,4.68,8294.0,1
EMP0286,Team J,Engineering,QA Engineer,EMP0162,Remote,2026-02-01,160.0,163.5,6.8,1.7,24,0,77.8,0,False,2021-12-01,,3.59,7295.4,1
EMP0263,Team D,Engineering,Developer,EMP0450,Remote,2025-12-01,160.0,160.8,0.8,1.8,13,0,90.6,0,False,2022-07-26,,3.58,8910.0,1
EMP0240,Team E,Engineering,DevOps Engineer,EMP0259,Branch-East,2026-03-01,160.0,153.8,2.9,2.7,14,0,93.4,1,False,2025-10-21,,2.87,9172.7,1
EMP0214,Team A,Engineering,Data Engineer,EMP0453,Remote,2026-01-01,160.0,157.6,21.1,0.1,16,0,93.2,0,False,2022-08-17,,2.61,11355.0,1
EMP0326,Team I,Operations,Ops Analyst,EMP0047,Branch-East,2026-03-01,160.0,160.7,0.7,3.0,62,40,79.1,1,False,2023-07-15,,4.32,5176.0,1
EMP0238,Team E,Engineering,QA Engineer,EMP0277,Branch-East,2026-08-01,160.0,151.9,3.1,0.2,19,0,64.8,2,False,2022-10-24,,4.04,6575.1,1
EMP0324,Team J,Engineering,QA Engineer,EMP0392,Remote,2026-02-01,160.0,159.1,2.4,1.8,25,0,63.4,0,False,2023-03-24,,,6833.4,1
EMP0472,Team A,Marketing,Marketing Specialist,EMP0471,Remote,2026-02-01,160.0,157.4,2.8,5.9,11,300,75.6,2,False,2023-02-14,,3.93,5332.8,1
EMP0129,Team J,engineering,DevOps Engineer,EMP0033,Remote,2026-06-01,160.0,141.7,3.2,1.8,12,0,57.4,6,False,2022-04-11,,3.67,8497.0,1
EMP0393,Team J,Sales,Account Executive,EMP0476,HQ,2025-10-01,160.0,163.1,3.1,0.2,19,2000,65.1,2,False,2024-08-12,,,6710.0,1
EMP0460,Team F,Engineering,Data Engineer,EMP0071,HQ,2026-07-01,160.0,144.3,5.7,5.2,12,0,86.1,1,False,2022-10-30,,3.42,9171.0,1
EMP0453,Team H,Sales,SDR,EMP0193,Remote,2026-06-01,160.0,173.7,25.5,2.5,36,150,66.9,3,False,2024-07-05,,3.77,5934.6,1
EMP0208,Team H,Support,Support Lead,EMP0376,,2026-06-01,160.0,161.3,1.3,1.7,110,60,89.1,1,False,2022-11-05,,2.69,5550.5,1
EMP0188,Team E,  Sales  ,Account Executive,EMP0420,Branch-East,2025-11-01,160.0,148.5,1.5,2.0,17,2000,93.4,0,False,2025-09-26,,3.07,6030.0,1
EMP0438,  Team C  ,Operations,Ops Analyst,EMP0147,HQ,2026-07-01,160.0,156.1,6.4,2.1,71,40,54.0,3,False,2022-07-07,,4.08,5302.4,1
EMP0159,Team E,Engineering,DevOps Engineer,EMP0185,Remote,2026-01-01,160.0,160.9,0.9,,12,0,63.9,0,False,2024-07-19,,3.79,9410.5,1
EMP0135,Team C,Marketing,Content Creator,EMP0471,,2026-06-01,160.0,138.8,15.0,2.9,17,150,40.5,0,False,2021-10-07,,3.43,4839.0,1
EMP0482,Team H,Support,Support Lead,EMP0450,Remote,2026-01-01,160.0,163.4,3.4,2.4,71,60,67.1,0,False,2024-06-22,,,5729.0,1
EMP0216,Team G,Engineering,DevOps Engineer,EMP0293,Remote,2026-04-01,160.0,155.0,9.4,1.0,15,0,31.8,1,False,2025-01-28,,2.23,9807.8,1
EMP0240,Team E,Engineering,DevOps Engineer,EMP0259,Branch-East,2025-10-01,160.0,166.6,6.6,1.0,13,0,70.5,2,False,2025-10-21,,3.46,10237.0,1
EMP0377,Team B,Operations,Ops Coordinator,EMP0243,Branch-East,2026-03-01,160.0,161.6,1.6,3.1,60,35,87.2,2,False,2025-12-07,,3.56,4428.0,1
EMP0228,Team C,Sales,SDR,EMP0476,Remote,2025-09-01,160.0,160.1,2.8,1.5,37,150,75.7,0,False,2021-12-21,,3.02,4600.4,1
EMP0455,Team B,Engineering,DevOps Engineer,EMP0251,Remote,2026-06-01,160.0,162.5,2.5,1.1,12,0,70.5,1,False,2025-01-25,,3.4,9642.5,1
EMP0312,Team B,Engineering,DevOps Engineer,EMP0320,Branch-West,2026-01-01,160.0,163.3,3.3,2.1,15,0,76.5,1,False,2023-02-28,,5.0,9758.5,1
EMP0115,Team A,Support,Support Agent,EMP0085,,2025-09-01,160.0,163.0,3.0,1.4,163,50,70.5,1,False,2023-09-29,,2.75,4020.0,1
EMP0403,Team J,Sales,Sales Manager,EMP0225,HQ,2025-09-01,160.0,155.9,10.8,2.4,10,2500,,4,False,2024-10-14,,3.15,8949.2,1
EMP0099,Team J,Engineering,Data Engineer,EMP0344,Branch-East,2025-11-01,160.0,151.2,3.4,1.4,18,0,71.3,1,False,2025-06-21,,3.67,9378.0,1
EMP0081,Team H,Marketing,Content Creator,EMP0333,Remote,2026-04-01,160.0,148.8,3.0,1.1,20,150,80.7,2,False,2023-12-26,,3.63,4599.0,1
EMP0302,Team E,Sales,SDR,EMP0033,Remote,2026-04-01,160.0,138.2,0.1,0.1,43,150,81.4,2,False,2025-12-19,,3.23,3873.8,1
EMP0171,Team G,Support,Support Agent,EMP0303,HQ,2025-10-01,160.0,151.7,8.6,2.0,164,50,80.9,0,False,2022-11-02,,3.71,3950.4,1
EMP0341,Team C,Sales,Account Executive,EMP0061,Branch-East,2025-11-01,160.0,163.7,3.7,0.2,14,2000,78.7,4,False,2023-04-15,,1.72,6770.0,1
EMP0004,Team J,Sales,Account Executive,EMP0296,HQ,2025-12-01,160.0,165.5,9.2,,15,2000,64.8,0,False,2023-10-08,,3.67,7172.0,1
EMP0045,Team H,Engineering,DevOps Engineer,EMP0225,Remote,2026-08-01,160.0,137.9,10.7,0.6,16,0,92.9,1,False,2023-02-23,,4.35,8929.1,1
EMP0092,Team J,Support,Support Lead,EMP0333,Remote,2026-06-01,160.0,162.9,2.9,1.0,86,60,50.5,3,False,2023-04-05,,2.54,5686.5,1
EMP0418,Team J,Sales,Account Executive,EMP0392,,2026-02-01,160.0,168.0,18.7,1.2,16,2000,82.6,4,False,2025-06-01,,3.5,7842.0,1
EMP0121,Team C,Operations,Ops Coordinator,EMP0047,Remote,2026-03-01,160.0,162.4,6.2,1.0,69,35,39.2,7,False,2026-02-03,,2.91,4635.9,1
EMP0128,Team C,Marketing,Marketing Specialist,EMP0077,HQ,2026-04-01,160.0,166.8,8.4,0.6,7,300,52.6,7,False,2022-10-12,,3.98,5920.2,1
EMP0238,Team E,Engineering,QA Engineer,EMP0277,Branch-East,2025-09-01,160.0,164.7,4.7,3.1,30,0,91.8,1,False,2022-10-24,,2.0,7213.5,1
EMP0004,Team J,Sales,Account Executive,EMP0296,HQ,2026-01-01,160.0,168.6,8.6,1.6,15,2000,45.0,1,False,2023-10-08,,4.03,7260.0,1
EMP0099,Team J,Engineering,Data Engineer,EMP0344,Branch-East,2026-01-01,160.0,157.4,1.3,1.9,19,0,57.2,0,False,2025-06-21,,4.48,9561.0,1
EMP0322,Team E,Support,Support Lead,EMP0100,Branch-West,2025-11-01,160.0,161.2,1.2,1.1,88,60,,1,False,2023-11-17,,4.45,5542.0,1
EMP0100,Team F,Engineering,Developer,EMP0480,Branch-West,2025-10-01,160.0,151.9,19.5,6.2,23,0,83.8,0,False,2023-06-05,,3.22,9963.25,1
EMP0403,Team J,Sales,Sales Manager,EMP0225,HQ,2026-08-01,160.0,162.1,2.1,0.2,12,2500,92.9,2,False,2024-10-14,,3.06,8593.0,1
EMP0415,Team F,Support,Support Agent,EMP0303,Remote,2026-06-01,160.0,167.9,7.9,1.2,113,50,78.2,0,False,2025-06-27,,4.63,4314.0,1
EMP0142,Team E,Engineering,Developer,EMP0457,Branch-West,2026-06-01,160.0,156.7,0.4,1.4,15,0,,0,False,2025-03-29,,3.25,8651.5,1
EMP0335,Team I,Engineering,DevOps Engineer,EMP0187,,2026-03-01,160.0,168.8,16.4,0.6,17,0,71.1,0,False,2023-07-24,,3.68,11217.2,1
EMP0156,Team J,Engineering,DevOps Engineer,EMP0293,Remote,2026-02-01,160.0,163.9,3.9,2.4,16,0,95.8,0,False,2024-11-11,,3.81,9845.5,1
EMP0004,Team J,Sales,Account Executive,EMP0296,,2026-04-01,160.0,148.9,4.9,2.7,17,2000,81.9,0,False,2023-10-08,,3.23,6250.0,1
EMP0149,Team J,Engineering,QA Engineer,EMP0071,HQ,2025-09-01,160.0,153.4,6.7,2.6,25,0,87.1,0,False,2022-08-29,,4.41,6864.9,1
EMP0401,Team D,Engineering,Data Engineer,EMP0071,HQ,2026-07-01,160.0,144.1,17.2,0.9,17,0,72.8,0,False,2023-05-29,,4.32,10194.0,1
EMP0017,Team D,Sales,SDR,EMP0102,HQ,2026-04-01,160.0,158.9,9.2,0.5,50,150,67.9,2,False,2025-08-06,,3.94,4835.6,1
EMP0136,Team F,Sales,SDR,EMP0318,HQ,2026-03-01,160.0,151.9,8.6,1.7,44,150,78.8,3,False,2024-10-13,,4.27,4614.4,1
EMP0279,Team J,Support,Support Lead,EMP0320,HQ,2025-11-01,160.0,163.9,16.2,1.3,79,60,75.9,0,False,2024-01-02,,4.13,6398.8,1
EMP0375,Team A,Engineering,Data Engineer,EMP0187,Branch-East,2026-08-01,160.0,155.6,2.1,0.1,18,0,64.9,0,False,2024-12-29,,3.0,9525.0,1
EMP0482,Team H,Support,Support Lead,EMP0450,Remote,2025-09-01,160.0,160.2,0.2,1.7,107,60,79.4,4,False,2024-06-22,,3.75,5457.0,1
EMP0363,Team E,Sales,Sales Manager,EMP0277,HQ,2026-04-01,160.0,166.0,6.0,,12,2500,59.5,6,False,2022-06-02,,3.25,9100.0,1
EMP0100,Team F,Engineering,Developer,EMP0480,Branch-West,2026-03-01,160.0,161.3,1.3,4.7,21,0,70.1,2,False,2023-06-05,,,8978.75,1
EMP0269,Team D,Sales,SDR,EMP0100,,2026-02-01,160.0,161.1,3.4,2.1,27,150,66.5,0,False,2022-01-05,,,4653.6,1
EMP0477,Team F,Engineering,DevOps Engineer,EMP0102,Remote,2026-01-01,160.0,164.8,18.2,0.2,12,0,83.9,0,False,2025-09-07,,2.85,11141.8,1
EMP0413,Team I,Marketing,Content Creator,EMP0301,Branch-East,2026-07-01,160.0,155.6,1.0,0.1,21,150,91.4,4,False,2023-10-30,,3.14,4713.0,1
EMP0163,Team I,Support,Support Agent,EMP0471,Branch-East,2026-05-01,160.0,163.7,6.3,1.1,119,50,81.5,4,False,2024-08-22,,4.01,4155.6,1
EMP0130,Team G,Sales,SDR,EMP0351,HQ,2025-11-01,160.0,153.3,5.7,0.6,47,150,55.0,0,False,2025-04-15,,3.48,4531.8,1
EMP0139,Team H,Sales,Sales Manager,EMP0033,HQ,2025-12-01,160.0,159.5,0.9,0.9,6,2500,96.4,5,False,2025-03-14,,4.1,8364.2,1
EMP0192,Team G,Marketing,Marketing Specialist,EMP0457,HQ,2026-01-01,160.0,152.3,0.3,1.8,13,300,79.1,1,False,2024-01-17,,3.58,5040.75,1
EMP0058,Team D,Engineering,Developer,EMP0482,Branch-East,2026-05-01,160.0,177.1,26.8,0.2,19,0,47.7,0,False,2021-12-24,,4.38,11951.5,1
EMP0429,Team I,Sales,Sales Manager,EMP0344,Branch-East,2025-12-01,160.0,172.2,26.9,1.6,8,2500,92.7,1,False,2022-08-12,,3.66,11052.6,1
EMP0318,Team G,Engineering,QA Engineer,EMP0450,Remote,2026-05-01,160.0,150.6,6.0,0.2,25,0,92.3,1,False,2022-01-13,,4.61,6703.2,1
EMP0203,Team B,Engineering,DevOps Engineer,EMP0280,Remote,2026-03-01,160.0,162.5,2.5,1.2,11,0,47.0,1,False,2025-08-16,,2.59,9642.5,1
EMP0090,Team A,Sales,SDR,EMP0280,Branch-East,2026-08-01,160.0,160.4,1.2,1.8,38,150,72.1,0,False,2023-05-20,,4.49,4541.6,1
EMP0408,Team A,Engineering,Data Engineer,EMP0301,Branch-West,2026-04-01,160.0,168.4,9.3,10.1,21,0,70.5,0,False,2022-03-01,,3.03,10941.0,1
EMP0080,Team E,Engineering,Developer,EMP0422,Remote,2025-11-01,160.0,146.3,6.2,3.8,20,0,95.2,1,False,2024-11-08,,4.27,8558.0,1
EMP0016,Team H,Engineering,QA Engineer,EMP0147,HQ,2026-01-01,160.0,159.2,0.0,6.5,15,0,93.2,0,False,2024-01-03,,3.71,6686.4,1
EMP0001,  Team G  ,Sales,SDR,EMP0218,Remote,2025-11-01,160.0,156.2,4.2,1.4,50,150,34.9,0,False,2025-02-25,,4.19,4550.0,1
EMP0227,Team A,Marketing,Content Creator,EMP0351,Remote,2025-12-01,160.0,161.8,13.8,1.1,16,150,72.8,2,False,2022-02-05,,3.83,5475.0,1
EMP0324,Team J,Engineering,QA Engineer,EMP0392,Remote,2025-11-01,160.0,155.7,1.4,0.4,24,0,85.7,1,False,2023-03-24,,3.71,6627.6,1
EMP0211,Team H,Sales,SDR,EMP0217,HQ,2026-01-01,160.0,174.8,26.0,0.9,52,150,78.2,1,False,2023-02-27,,2.91,5986.4,1
EMP0086,Team H,Sales,Sales Manager,EMP0217,Branch-East,2026-01-01,160.0,146.9,25.0,4.0,8,2500,73.4,7,False,2023-08-16,,2.89,9588.8,1
EMP0274,Team D,Marketing,Marketing Specialist,EMP0243,Remote,2026-06-01,160.0,146.9,2.2,7.3,13,300,60.0,0,False,2026-02-02,,3.64,4956.6,1
EMP0247,Team J,Sales,Sales Manager,EMP0476,Remote,2026-08-01,160.0,149.2,3.1,,12,2500,82.2,0,False,2025-10-10,,4.21,8000.2,1
EMP0382,Team C,Support,Support Agent,EMP0277,HQ,2026-06-01,160.0,147.3,0.6,0.3,142,50,89.3,3,False,2024-11-18,,4.16,3556.8,1
EMP0378,Team D,Engineering,Developer,EMP0177,Remote,2025-11-01,160.0,153.4,2.6,1.4,15,0,78.4,1,False,2023-07-16,,3.76,8651.5,1
EMP0159,Team E,Engineering,DevOps Engineer,EMP0185,Remote,2026-07-01,160.0,154.5,6.7,3.9,10,0,71.9,0,False,2024-07-19,,2.62,9543.9,1
EMP0177,Team A,Support,Support Agent,EMP0351,HQ,2026-03-01,160.0,165.5,7.0,0.6,141,50,75.6,2,False,2023-11-30,,4.26,4224.0,1
EMP0190,Team D,  Engineering  ,QA Engineer,EMP0259,Remote,2026-02-01,160.0,147.4,8.8,0.7,27,0,71.9,0,False,2022-09-18,,3.37,6745.2,1
EMP0105,Team F,Marketing,Marketing Specialist,EMP0303,HQ,2026-06-01,160.0,157.8,8.3,2.5,12,300,67.9,0,False,2022-11-12,,3.3,5618.25,1
EMP0491,Team B,SALES,Sales Manager,EMP0193,Remote,2026-07-01,160.0,164.0,8.7,2.3,11,2500,83.2,7,False,2023-07-23,,2.89,9206.6,1
EMP0154,Team C,Sales,SDR,EMP0344,HQ,2026-07-01,160.0,161.8,1.8,0.9,25,150,74.4,1,False,2025-09-02,,3.91,4606.0,1
EMP0274,Team D,Marketing,Marketing Specialist,EMP0243,Remote,2026-05-01,160.0,154.8,11.0,1.6,16,300,65.0,1,False,2026-02-02,,3.94,5652.9,1
EMP0383,Team I,Support,Support Agent,EMP0457,Remote,2026-08-01,160.0,161.6,1.8,0.7,112,50,82.7,0,False,2021-09-07,,3.44,3943.2,1
EMP0484,Team J,Support,Support Agent,EMP0450,Remote,2025-10-01,160.0,158.3,13.5,0.8,105,50,79.7,0,False,2022-10-05,,,4285.2,1
EMP0006,Team E,Engineering,Developer,EMP0351,HQ,2025-09-01,160.0,155.8,4.4,0.2,16,0,88.0,0,False,2023-08-19,,2.91,8932.0,1
EMP0179,Team B,Marketing,Marketing Specialist,EMP0449,Branch-West,2025-11-01,160.0,160.3,0.3,2.5,11,300,64.2,4,False,2023-03-01,,3.6,5304.75,1
EMP0361,Team C,Sales,Account Executive,EMP0210,HQ,2025-11-01,160.0,154.5,6.5,0.2,11,2000,54.5,6,True,2024-03-19,2026-06-26,2.99,6570.0,1
EMP0190,Team D,Engineering,QA Engineer,EMP0259,Remote,2025-12-01,160.0,153.0,1.3,4.4,25,0,50.7,1,False,2022-09-18,,4.42,6507.9,1
EMP0231,Team H,Operations,Ops Coordinator,EMP0251,Branch-East,2025-11-01,160.0,162.7,3.0,0.3,63,35,90.6,4,False,2023-05-27,,2.86,4514.4,1
EMP0257,Team A,Marketing,Marketing Specialist,EMP0476,Remote,2025-09-01,160.0,150.9,19.7,2.4,18,300,,4,False,2025-05-28,,3.97,5954.85,1
EMP0280,Team I,Operations,Ops Coordinator,EMP0193,Branch-East,2026-02-01,160.0,168.3,8.3,0.8,75,35,54.8,1,False,2022-01-05,,4.24,4880.25,1
EMP0094,Team E,Sales,Sales Manager,EMP0480,Branch-East,2026-08-01,160.0,162.1,2.1,0.3,11,2500,85.2,1,False,2022-10-05,,3.13,8593.0,1
EMP0473,Team H,Engineering,Developer,EMP0071,HQ,2026-05-01,160.0,168.3,30.4,0.0,21,0,75.2,0,False,2025-08-28,,5.0,11764.5,1
EMP0084,Team A,Engineering,Developer,EMP0006,Branch-West,2025-10-01,160.0,160.0,9.8,3.9,18,0,90.4,0,False,2024-05-20,,3.71,9608.5,1
EMP0480,Team J,Sales,SDR,,Branch-East,2026-06-01,160.0,161.3,1.5,5.2,37,150,76.2,0,False,2023-06-10,,3.18,4579.4,1
EMP0320,Team C,Engineering,Data Engineer,EMP0193,Remote,2026-01-01,160.0,162.1,2.1,4.9,17,0,86.6,3,False,2025-04-08,,3.43,9915.0,1
EMP0342,Team G,Sales,SDR,EMP0061,Branch-West,2026-02-01,160.0,153.3,27.7,0.0,56,150,89.7,0,False,2023-09-30,,2.97,5455.8,1
EMP0140,Team I,Marketing,Marketing Specialist,EMP0482,HQ,2025-09-01,160.0,161.2,1.2,2.1,14,300,48.0,1,False,2025-07-21,,4.45,5379.0,1
EMP0358,Team F,  Sales  ,SDR,EMP0077,Remote,2025-11-01,160.0,166.7,10.2,1.2,37,150,77.2,6,False,2022-11-05,,,5096.0,1
EMP0494,Team C,Engineering,Data Engineer,EMP0210,HQ,2025-09-01,160.0,162.3,2.3,1.8,15,0,68.9,0,False,2024-08-06,,3.31,9945.0,1
EMP0090,Team A,Sales,SDR,EMP0280,,2025-12-01,160.0,141.6,6.5,0.3,32,150,61.0,0,False,2023-05-20,,3.92,4237.8,1
EMP0393,Team J,Sales,Account Executive,EMP0476,HQ,2026-07-01,160.0,148.0,0.8,0.1,14,2000,63.2,2,False,2024-08-12,,4.44,5968.0,1
EMP0366,Team H,Sales,SDR,EMP0434,HQ,2026-06-01,160.0,160.2,0.2,2.7,41,150,78.1,0,False,2022-12-12,,3.64,4494.0,1
EMP0160,Team C,Support,Support Agent,EMP0450,HQ,2026-06-01,160.0,157.4,2.7,0.9,141,50,91.8,1,False,2024-08-10,,3.76,3874.8,1
EMP0159,Team E,Engineering,DevOps Engineer,EMP0185,Remote,2026-05-01,160.0,144.6,3.0,1.3,8,0,94.2,0,False,2024-07-19,,3.27,8647.8,1
EMP0079,Team J,Sales,Account Executive,EMP0077,Branch-East,2026-02-01,160.0,160.4,6.2,3.4,14,2000,83.5,0,False,2023-01-21,,4.61,6788.0,1
EMP0262,Team G,Marketing,Content Creator,EMP0309,Remote,2026-04-01,160.0,170.8,10.8,3.1,21,150,84.1,2,False,2025-10-18,,3.09,5610.0,1
EMP0398,Team E,Sales,Sales Manager,EMP0243,Remote,2026-06-01,160.0,160.3,0.3,1.6,10,2500,79.5,4,False,2024-02-16,,3.56,8359.0,1
EMP0228,Team C,SALES,SDR,EMP0476,Remote,2025-11-01,160.0,161.8,1.8,3.4,35,150,66.0,1,False,2021-12-21,,4.18,4606.0,1
EMP0186,Team H,Support,Support Agent,EMP0177,HQ,2025-09-01,160.0,164.0,4.0,1.7,131,50,85.3,1,False,2024-05-22,,4.08,4080.0,1
EMP0109,Team G,Engineering,DevOps Engineer,EMP0450,HQ,2026-06-01,160.0,158.9,0.0,3.9,12,0,70.4,1,False,2023-03-05,,,9216.2,1
EMP0001,Team G,Sales,SDR,EMP0218,Remote,2026-08-01,160.0,157.5,7.5,2.0,45,150,51.9,0,False,2025-02-25,,3.76,4725.0,1
EMP0374,Team H,Support,Support Agent,EMP0344,Branch-West,2025-10-01,160.0,166.8,6.8,4.1,123,50,81.6,0,False,2022-05-23,,4.32,4248.0,1
EMP0133,Team E,Engineering,Developer,EMP0147,HQ,2026-05-01,160.0,161.5,1.5,3.0,16,0,92.8,0,False,2025-01-07,,2.91,9006.25,1
EMP0341,Team C,Sales,Account Executive,EMP0061,Branch-East,2026-02-01,160.0,162.4,2.4,0.8,21,2000,78.9,1,False,2023-04-15,,3.36,6640.0,1
EMP0147,Team A,Support,Support Lead,,,2025-09-01,160.0,154.9,0.4,0.6,108,60,52.9,3,False,2023-04-22,,3.85,5287.0,1
EMP0082,TEAM A,Support,Support Lead,EMP0251,Remote,2026-03-01,160.0,160.7,0.7,0.5,65,60,90.2,0,False,2022-02-09,,4.83,5499.5,1
EMP0386,Team H,Operations,Ops Coordinator,EMP0259,HQ,2026-03-01,160.0,163.6,3.6,0.4,39,35,86.7,2,False,2023-10-22,,4.14,4563.0,1
EMP0411,Team G,Sales,Account Executive,EMP0100,Remote,2026-07-01,160.0,156.1,0.9,0.1,20,2000,71.7,9,False,2025-11-25,,3.62,6298.0,1
EMP0390,Team D,Operations,Ops Coordinator,EMP0355,,2026-03-01,160.0,160.8,0.8,2.2,82,35,63.1,0,False,2023-02-12,,4.13,4374.0,1
EMP0211,Team H,SALES,SDR,EMP0217,HQ,2025-12-01,160.0,158.6,11.6,0.6,38,150,70.8,0,False,2023-02-27,,2.76,4928.0,1
EMP0430,Team I,Engineering,Data Engineer,EMP0318,HQ,2026-07-01,160.0,152.4,13.5,4.8,20,0,,1,False,2025-11-18,,3.26,10359.0,1
EMP0166,Team I,Operations,Ops Coordinator,EMP0035,Branch-West,2025-11-01,160.0,154.7,17.0,1.5,69,35,54.2,0,False,2024-10-04,,3.93,4865.4,1
EMP0223,Team B,Engineering,QA Engineer,EMP0071,HQ,2026-06-01,160.0,160.8,0.8,0.8,31,0,89.8,0,False,2022-12-17,,4.18,6804.0,1
EMP0323,Team C,Support,Support Agent,EMP0071,Remote,2026-05-01,160.0,166.3,6.3,3.1,124,50,,1,False,2023-12-31,,3.5,4218.0,1
EMP0098,Team J,Sales,SDR,EMP0162,Branch-West,2025-12-01,160.0,163.0,3.0,1.6,32,150,75.7,0,False,2022-07-17,,,4690.0,1
EMP0343,Team E,Engineering,QA Engineer,EMP0277,Branch-East,2026-06-01,160.0,139.7,4.0,0.8,21,0,90.1,6,False,2024-02-08,,,6119.4,1
EMP0475,Team C,Sales,Account Executive,EMP0457,HQ,2026-07-01,160.0,154.5,3.6,0.6,16,2000,80.2,0,False,2024-06-18,,3.31,6396.0,1
EMP0040,Team D,Sales,SDR,EMP0006,HQ,2026-05-01,160.0,148.8,8.6,7.8,39,150,88.0,2,False,2022-09-05,,3.83,4527.6,1
EMP0264,Team A,Sales,Account Executive,EMP0187,,2026-05-01,160.0,148.4,2.7,0.9,18,2000,73.6,8,False,2024-03-18,,2.91,6098.0,1
EMP0491,Team B,Sales,Sales Manager,EMP0193,Remote,2026-05-01,160.0,161.6,43.4,1.0,8,2500,78.1,0,False,2023-07-23,,3.36,11788.4,1
EMP0300,Team J,Engineering,QA Engineer,EMP0480,HQ,2025-10-01,160.0,161.3,7.1,0.4,22,0,94.0,3,False,2024-10-03,,1.94,7221.9,1
EMP0072,Team G,Engineering,Developer,EMP0218,HQ,2025-09-01,160.0,151.1,7.5,2.2,20,0,68.0,1,True,2025-02-03,2026-05-29,3.59,8929.25,1
EMP0043,Team A,Engineering,QA Engineer,EMP0434,Remote,2026-07-01,160.0,158.0,5.7,6.2,21,0,80.7,15,False,2025-12-09,,3.97,6995.1,1
EMP0030,Team J,Engineering,Data Engineer,EMP0420,Remote,2025-10-01,160.0,143.6,1.8,0.7,19,0,78.0,1,False,2023-02-25,,3.87,8778.0,1
EMP0493,Team J,Engineering,Developer,EMP0033,Branch-West,2025-10-01,160.0,162.7,4.2,0.0,21,0,96.3,0,False,2024-12-30,,4.83,9295.0,1
EMP0014,Team C,Engineering,DevOps Engineer,EMP0185,Branch-West,2026-08-01,160.0,147.7,5.4,0.2,17,0,82.7,0,False,2026-02-19,,3.13,9036.4,1
EMP0421,Team C,Operations,Ops Coordinator,EMP0303,Branch-East,2026-08-01,160.0,158.7,1.1,0.5,66,35,69.6,3,False,2026-01-13,,3.85,4329.45,1
EMP0203,Team B,Engineering,DevOps Engineer,EMP0280,Remote,2026-06-01,160.0,160.5,16.8,0.1,14,0,75.0,2,False,2025-08-16,,4.35,10770.6,1
EMP0428,Team I,  Marketing  ,Content Creator,EMP0102,HQ,2025-09-01,160.0,158.0,1.8,5.9,23,150,72.6,7,False,2024-10-09,,4.01,4821.0,1
EMP0117,Team C,Operations,Ops Analyst,EMP0033,HQ,2026-07-01,160.0,170.7,10.7,1.8,39,40,85.3,6,False,2022-11-16,,3.21,5976.0,1
EMP0352,Team H,Operations,Ops Analyst,EMP0100,Branch-West,2025-12-01,160.0,160.7,2.8,0.7,64,40,88.2,1,False,2024-01-17,,3.55,5276.8,1
EMP0205,Team E,Support,Support Lead,EMP0449,Remote,2025-12-01,160.0,161.8,1.8,1.0,77,60,87.6,1,False,2024-03-02,,3.78,5593.0,1
EMP0263,Team D,Engineering,Developer,EMP0450,Remote,2026-07-01,160.0,146.9,0.6,1.9,20,0,73.1,4,False,2022-07-26,,2.77,8129.0,1
EMP0445,Team G,Operations,Ops Analyst,EMP0309,Remote,2025-09-01,160.0,155.8,8.3,0.2,83,40,83.5,0,False,2025-03-25,,3.94,5384.0,1
EMP0034,Team J,Marketing,Content Creator,EMP0434,Branch-West,2026-07-01,160.0,149.4,6.2,2.9,18,150,81.0,0,False,2023-04-13,,4.0,4761.0,1
EMP0401,Team D,Engineering,Data Engineer,EMP0071,HQ,2026-01-01,160.0,162.5,5.6,,18,0,96.7,0,False,2023-05-29,,,10254.0,1
EMP0380,Team G,Engineering,Developer,EMP0318,HQ,2025-12-01,160.0,160.9,0.9,0.2,16,0,78.0,0,False,2021-10-15,,3.18,8923.75,1
EMP0297,Team F,Operations,Ops Coordinator,EMP0185,HQ,2025-12-01,160.0,160.4,0.4,0.9,60,35,79.0,0,False,2022-01-30,,3.34,4347.0,1
EMP0026,Team F,Operations,Ops Analyst,EMP0185,Remote,2026-05-01,160.0,162.9,3.2,0.7,71,40,92.3,1,False,2025-04-06,,4.72,5366.4,1
EMP0242,Team H,Marketing,Marketing Specialist,EMP0167,HQ,2026-03-01,160.0,161.7,19.4,0.7,12,300,98.5,7,False,2024-05-23,,3.27,6296.4,1
EMP0127,Team E,Operations,Ops Analyst,EMP0277,HQ,2026-04-01,160.0,156.9,36.7,0.3,54,40,83.9,0,False,2022-05-14,,4.36,6782.4,1
EMP0177,Team A,Support,Support Agent,EMP0351,HQ,2025-10-01,160.0,153.5,3.0,2.0,119,50,84.8,2,False,2023-11-30,,4.3,3792.0,1
EMP0353,Team A,Support,Support Lead,EMP0470,Remote,2025-11-01,160.0,157.6,2.7,0.1,65,60,45.4,3,False,2023-08-26,,4.72,5496.1,1
EMP0027,Team B,Engineering,Developer,EMP0450,Branch-West,2025-12-01,160.0,162.2,2.2,0.5,14,0,62.1,1,False,2024-01-17,,4.8,9102.5,1
EMP0071,Team E,Operations,Ops Analyst,EMP0193,HQ,2025-12-01,160.0,159.7,6.8,0.2,47,40,43.9,0,False,2022-11-07,,3.33,5436.8,1
EMP0076,Team H,Support,Support Lead,EMP0309,Remote,2026-05-01,160.0,162.8,6.7,,80,60,60.0,1,False,2024-05-03,,3.04,5876.9,1
EMP0024,Team G,Sales,SDR,EMP0434,Remote,2026-02-01,160.0,161.0,1.0,2.0,59,150,,0,False,2024-05-13,,4.38,4550.0,1
EMP0032,Team A,Engineering,QA Engineer,EMP0351,Branch-West,2026-04-01,160.0,160.9,0.9,6.9,22,0,73.5,0,False,2024-01-28,,4.39,6814.5,1
EMP0048,Team J,Sales,Account Executive,EMP0217,Remote,2026-01-01,160.0,161.7,1.7,5.4,17,2000,56.6,0,False,2023-11-16,,,6570.0,1
EMP0203,Team B,Engineering,DevOps Engineer,EMP0280,Remote,2026-05-01,160.0,161.9,1.9,3.1,16,0,86.1,0,False,2025-08-16,,2.8,9555.5,1
EMP0097,Team C,Sales,Account Executive,EMP0280,HQ,2026-06-01,160.0,166.8,6.8,0.0,18,2000,68.7,3,False,2024-09-29,,4.91,7080.0,1
EMP0394,Team F,Operations,Ops Coordinator,EMP0259,Remote,2026-07-01,160.0,163.8,3.8,,105,35,84.0,0,False,2025-03-27,,,4576.5,1
EMP0083,Team D,Sales,Account Executive,EMP0320,HQ,2025-11-01,160.0,156.3,1.8,4.8,15,2000,64.7,4,False,2025-05-17,,3.92,6360.0,1
EMP0424,Team G,Sales,Account Executive,EMP0471,Remote,2025-10-01,160.0,166.5,6.5,0.3,20,2000,86.2,0,False,2025-03-25,,3.84,7050.0,1
EMP0190,Team D,Engineering,QA Engineer,EMP0259,Remote,2026-03-01,160.0,162.8,2.8,0.1,25,0,77.6,1,False,2022-09-18,,3.68,7014.0,1
EMP0467,Team A,Engineering,DevOps Engineer,EMP0303,Branch-East,2025-09-01,160.0,160.5,0.5,0.4,16,0,83.4,2,False,2023-08-15,,3.65,9352.5,1
EMP0351,Team F,Sales,Sales Manager,,Branch-West,2025-09-01,160.0,153.4,12.7,0.8,11,2500,71.6,2,False,2022-07-22,,3.25,8967.4,1
EMP0130,Team G,Sales,SDR,EMP0351,HQ,2026-06-01,160.0,163.2,9.7,1.6,39,150,89.8,0,False,2025-04-15,,3.4,4977.0,1
EMP0438,Team C,Operations,Ops Analyst,EMP0147,HQ,2025-10-01,160.0,159.5,1.9,0.9,44,40,81.0,1,False,2022-07-07,,3.83,5195.2,1
EMP0179,Team B,Marketing,Marketing Specialist,EMP0449,,2026-08-01,160.0,150.0,18.6,0.6,12,300,82.9,5,False,2023-03-01,,4.46,5870.7,1
EMP0078,Team B,Engineering,DevOps Engineer,EMP0293,Remote,2025-12-01,160.0,165.0,5.0,2.9,14,0,,2,False,2025-09-04,,3.8,10005.0,1
EMP0024,TEAM G,Sales,SDR,EMP0434,Remote,2026-08-01,160.0,166.1,6.1,2.0,47,150,73.2,0,False,2024-05-13,,2.99,4907.0,1
EMP0247,Team J,Sales,Sales Manager,EMP0476,Remote,2026-01-01,160.0,163.4,12.7,5.0,10,2500,72.6,5,False,2025-10-10,,4.63,9487.4,1
EMP0055,Team G,Sales,Sales Manager,EMP0392,Branch-East,2026-04-01,160.0,160.1,0.1,7.4,11,2500,81.8,1,False,2025-10-15,,3.48,8333.0,1
EMP0326,Team I,Operations,Ops Analyst,EMP0047,Branch-East,2026-05-01,160.0,156.3,3.7,3.9,66,40,95.6,3,False,2023-07-15,,3.26,5179.2,1
EMP0075,Team H,Support,Support Agent,EMP0420,Remote,2026-04-01,160.0,161.0,5.2,0.1,159,50,69.9,0,False,2021-11-30,,3.5,4051.2,1
EMP0031,Team F,Support,Support Agent,EMP0100,Branch-West,2026-07-01,160.0,160.3,0.3,0.4,97,50,65.3,4,False,2022-09-27,,4.02,3858.0,1
EMP0391,Team G,Marketing,Marketing Specialist,EMP0293,Remote,2026-02-01,160.0,158.5,3.8,0.1,12,300,83.4,2,False,2023-05-28,,3.13,5418.6,1
EMP0293,Team J,Operations,Ops Analyst,EMP0193,Remote,2026-08-01,160.0,160.9,0.9,0.7,62,40,85.2,0,False,2025-03-19,,3.29,5192.0,1
EMP0114,Team A,Operations,Ops Coordinator,EMP0309,Remote,2026-03-01,160.0,158.9,2.2,3.8,75,35,79.6,0,False,2025-11-30,,5.0,4379.4,1
EMP0145,Team E,Engineering,QA Engineer,EMP0453,Branch-East,2026-06-01,160.0,161.1,9.8,2.7,29,0,90.2,0,False,2024-09-23,,3.13,7383.6,1
EMP0498,Team J,Engineering,Developer,EMP0449,Branch-West,2025-09-01,160.0,170.5,10.5,0.6,14,0,66.6,1,False,2024-06-20,,3.1,10243.75,1
EMP0002,Team D,marketing,Marketing Specialist,EMP0344,Remote,2026-01-01,160.0,153.4,3.4,2.9,11,300,91.2,0,False,2022-03-21,,4.5,5230.5,1
EMP0325,Team B,Marketing,Content Creator,EMP0376,Remote,2026-04-01,160.0,160.4,1.6,1.6,15,150,68.8,1,False,2024-06-07,,3.7,4884.0,1
EMP0277,Team A,Operations,Ops Coordinator,EMP0480,HQ,2026-05-01,160.0,157.8,1.7,0.0,65,35,83.9,0,False,2024-02-14,,3.44,4329.45,1
EMP0349,Team G,Sales,Account Executive,EMP0047,Branch-West,2025-10-01,160.0,157.8,5.0,0.0,14,2000,76.4,3,False,2021-12-13,,4.52,6612.0,1
EMP0093,Team G,Operations,Ops Coordinator,EMP0147,,2026-03-01,160.0,160.5,0.5,0.0,76,35,68.2,0,False,2022-12-17,,3.18,4353.75,1
EMP0303,Team D,Sales,Sales Manager,EMP0351,Branch-West,2026-02-01,160.0,147.3,0.5,0.8,8,2500,81.1,0,False,2024-10-26,,4.45,7698.6,1
EMP0138,Team F,Support,Support Lead,EMP0245,Remote,2026-03-01,160.0,156.4,3.9,1.6,96,60,80.6,0,False,2024-02-26,,4.22,5516.5,1
EMP0361,Team C,Sales,Account Executive,EMP0210,HQ,2025-10-01,160.0,135.9,2.2,1.2,10,2000,71.1,1,True,2024-03-19,2026-06-26,3.73,5568.0,1
EMP0255,Team F,Engineering,DevOps Engineer,EMP0243,HQ,2026-04-01,160.0,159.8,2.2,2.0,16,0,84.9,7,False,2024-02-04,,3.41,9459.8,1
EMP0362,Team D,Support,Support Agent,EMP0033,Remote,2026-01-01,160.0,160.8,0.8,0.9,128,50,79.5,0,False,2025-10-15,,3.78,3888.0,1
EMP0004,Team J,Sales,Account Executive,EMP0296,HQ,2026-02-01,160.0,155.6,33.8,2.1,14,2000,51.0,0,False,2023-10-08,,3.89,8252.0,1
EMP0037,Team I,Sales,Account Executive,EMP0277,Remote,2025-11-01,160.0,134.0,1.3,2.0,15,2000,80.4,0,False,2022-07-03,,2.67,5438.0,1
EMP0448,Team G,Operations,Ops Analyst,EMP0167,HQ,2025-10-01,160.0,153.0,0.8,2.9,62,40,46.1,1,False,2024-02-09,,2.71,4934.4,1
EMP0018,Team H,Sales,Sales Manager,EMP0280,Branch-East,2026-08-01,160.0,149.5,6.8,,12,2500,80.4,0,False,2022-01-08,,3.15,8304.4,1
EMP0304,Team F,Support,Support Lead,EMP0457,HQ,2025-09-01,160.0,158.6,0.3,0.4,89,60,74.7,0,False,2022-04-22,,3.89,5407.7,1
EMP0298,Team I,Engineering,Developer,EMP0309,Remote,2025-12-01,160.0,160.4,0.4,1.3,14,0,79.3,2,True,2021-10-22,2025-12-20,2.61,8855.0,1
EMP0120,Team C,Sales,SDR,EMP0303,Branch-East,2026-04-01,160.0,144.2,5.2,0.3,23,150,41.8,14,False,2025-11-04,,3.64,4256.0,1
EMP0285,Team C,Sales,Account Executive,EMP0035,HQ,2026-02-01,160.0,147.3,1.5,1.1,12,2000,67.1,2,False,2024-09-15,,2.43,5982.0,1
EMP0452,Team C,Sales,SDR,EMP0085,,2026-05-01,160.0,160.3,0.3,3.2,37,150,50.0,1,False,2025-12-27,,2.71,4501.0,1
EMP0113,Team F,Marketing,Content Creator,EMP0476,Remote,2026-03-01,160.0,156.8,2.6,5.1,23,150,83.2,2,False,2025-12-11,,4.18,4821.0,1
EMP0223,Team B,Engineering,QA Engineer,EMP0071,HQ,2026-08-01,160.0,161.5,1.5,0.4,22,0,82.5,0,False,2022-12-17,,3.43,6877.5,1
EMP0268,Team G,Support,Support Lead,EMP0147,HQ,2025-09-01,160.0,168.0,8.0,0.7,101,60,,5,False,2022-06-15,,4.72,6120.0,1
EMP0383,Team I,Support,Support Agent,EMP0457,Remote,2025-11-01,160.0,165.1,11.4,1.1,122,50,73.2,5,False,2021-09-07,,3.65,4372.8,1
EMP0324,Team J,Engineering,QA Engineer,EMP0392,Remote,2026-07-01,160.0,169.0,19.7,2.0,32,0,62.3,1,False,2023-03-24,,,8339.1,1
EMP0119,Team I,Marketing,Content Creator,EMP0218,Remote,2025-12-01,160.0,157.2,1.7,0.5,21,150,76.2,1,False,2023-05-10,,3.42,4792.5,1
EMP0425,Team F,Engineering,Developer,EMP0303,Remote,2026-04-01,160.0,153.0,5.3,0.5,18,0,71.2,3,False,2021-10-03,,3.71,8852.25,1
EMP0436,Team C,  Support  ,Support Agent,EMP0420,Remote,2026-05-01,160.0,161.3,4.0,2.8,79,50,90.9,2,False,2025-06-01,,3.35,4015.2,1
EMP0062,Team D,Engineering,QA Engineer,EMP0187,Branch-West,2026-03-01,160.0,166.7,9.9,0.1,30,0,81.0,3,False,2024-11-23,,4.26,7625.1,1
EMP0497,Team A,Sales,Account Executive,EMP0351,Remote,2025-09-01,160.0,163.4,6.2,1.6,20,2000,82.4,1,False,2025-09-17,,3.67,6908.0,1
EMP0147,Team A,Support,Support Lead,,Branch-West,2025-12-01,160.0,161.1,1.1,2.0,87,60,77.8,1,False,2023-04-22,,3.61,5533.5,1
EMP0040,Team D,Sales,SDR,EMP0006,HQ,2026-08-01,160.0,166.8,6.8,1.5,49,150,41.2,1,False,2022-09-05,,3.87,4956.0,1
EMP0305,Team G,Support,Support Lead,EMP0376,Remote,2025-10-01,160.0,166.2,6.2,1.0,81,60,80.7,1,False,2022-09-18,,,5967.0,1
EMP0094,Team E,Sales,Sales Manager,EMP0480,Branch-East,2026-06-01,160.0,167.1,8.2,0.3,10,2500,92.5,2,False,2022-10-05,,4.76,9328.8,1
EMP0242,Team H,Marketing,Marketing Specialist,EMP0167,HQ,2025-10-01,160.0,152.7,0.4,1.1,16,300,31.1,1,False,2024-05-23,,3.36,5058.9,1
EMP0414,Team A,Sales,SDR,EMP0225,Remote,2025-11-01,160.0,144.2,2.4,0.4,45,150,83.0,3,False,2024-03-18,,2.78,4138.4,1
EMP0458,Team H,Sales,SDR,EMP0177,Remote,2026-03-01,160.0,160.4,0.4,6.5,55,150,95.4,0,False,2024-02-18,,2.63,4508.0,1
EMP0265,Team B,Marketing,Marketing Specialist,EMP0006,Branch-West,2026-02-01,160.0,160.1,0.1,0.1,12,300,78.7,1,False,2022-09-06,,3.87,5288.25,1
EMP0413,Team I,Marketing,Content Creator,EMP0301,Branch-East,2025-10-01,160.0,158.8,0.2,1.1,22,150,94.4,0,False,2023-10-30,,3.45,4773.0,1
EMP0074,Team H,Operations,Ops Coordinator,EMP0450,HQ,2026-01-01,160.0,161.7,2.7,3.0,81,35,73.3,6,False,2023-04-13,,4.26,4475.25,1
EMP0084,Team A,ENGINEERING,Developer,EMP0006,Branch-West,2025-12-01,160.0,152.5,19.1,0.4,15,0,92.6,0,False,2024-05-20,,3.38,9963.25,1
EMP0152,Team F,Engineering,QA Engineer,EMP0100,HQ,2026-05-01,160.0,159.1,6.7,1.5,33,0,70.4,0,False,2024-12-13,,3.06,7104.3,1
EMP0481,Team D,Support,Support Lead,EMP0476,HQ,2026-05-01,160.0,160.1,0.1,0.4,101,60,87.8,1,False,2022-01-26,,3.25,5448.5,1
EMP0292,Team A,Engineering,QA Engineer,EMP0225,Remote,2026-07-01,160.0,140.7,10.1,1.5,27,0,50.0,2,False,2023-01-21,,4.12,6545.7,1
EMP0013,Team H,Operations,Ops Coordinator,EMP0277,HQ,2026-06-01,160.0,164.2,4.2,0.1,88,35,82.7,1,False,2021-11-20,,3.55,4603.5,1
EMP0361,Team C,Sales,Account Executive,EMP0210,HQ,2026-01-01,160.0,161.6,24.0,0.6,13,2000,84.1,2,True,2024-03-19,2026-06-26,3.81,7904.0,1
EMP0064,Team J,Sales,Account Executive,EMP0077,Branch-East,2025-10-01,160.0,167.1,29.8,3.2,13,2000,71.3,4,False,2021-09-07,,2.22,8472.0,1
EMP0034,Team J,Marketing,Content Creator,EMP0434,Branch-West,2026-02-01,160.0,160.9,0.9,3.7,22,150,88.4,2,False,2023-04-13,,2.99,4867.5,1
EMP0039,Team J,Support,Support Agent,EMP0300,Remote,2026-08-01,160.0,148.1,2.1,2.3,150,50,96.4,0,False,2025-06-06,,3.63,3630.0,1
EMP0445,Team G,Operations,Ops Analyst,EMP0309,Remote,2026-07-01,160.0,164.6,4.6,1.8,44,40,,4,False,2025-03-25,,4.62,5488.0,1
EMP0493,Team J,Engineering,Developer,EMP0033,Branch-West,2026-08-01,160.0,156.7,1.9,2.8,19,0,77.1,7,False,2024-12-30,,2.84,8775.25,1
EMP0396,Team J,  Marketing  ,Content Creator,EMP0438,HQ,2026-04-01,160.0,157.2,6.7,0.0,19,150,82.2,2,False,2025-12-09,,4.19,5017.5,1
EMP0181,Team F,Sales,SDR,EMP0309,HQ,2025-09-01,160.0,166.6,6.6,0.3,51,150,78.6,1,False,2024-12-27,,3.71,4942.0,1
EMP0040,Team D,Sales,SDR,EMP0006,HQ,2026-07-01,160.0,150.4,1.8,2.2,49,150,39.4,2,False,2022-09-05,,1.8,4286.8,1
EMP0072,Team G,Engineering,Developer,EMP0218,HQ,2026-04-01,160.0,165.1,7.0,0.3,19,0,79.6,0,True,2025-02-03,2026-05-29,2.71,9658.0,1
EMP0105,Team F,Marketing,Marketing Specialist,EMP0303,HQ,2026-02-01,160.0,160.3,0.4,0.1,10,300,62.4,1,False,2022-11-12,,3.38,5309.7,1
EMP0079,Team J,Sales,Account Executive,EMP0077,Branch-East,2026-08-01,160.0,153.4,5.8,1.7,19,2000,82.9,4,False,2023-01-21,,3.5,6484.0,1
EMP0338,Team D,Support,Support Agent,EMP0422,Remote,2026-05-01,160.0,160.3,0.3,6.7,130,50,45.3,1,False,2025-09-16,,3.14,3858.0,1
EMP0005,Team C,Engineering,Developer,EMP0355,Remote,2026-02-01,160.0,140.3,0.5,2.3,18,0,91.0,3,False,2022-05-08,,3.87,7757.75,1
EMP0156,team j,Engineering,DevOps Engineer,EMP0293,Remote,2026-03-01,160.0,159.2,10.9,0.7,15,0,57.4,0,False,2024-11-11,,3.5,10181.9,1
EMP0486,Team A,Marketing,Marketing Specialist,EMP0453,HQ,2026-07-01,160.0,161.7,1.7,1.6,13,300,89.9,0,False,2021-10-11,,3.42,5420.25,1
EMP0366,Team H,Sales,SDR,EMP0434,HQ,2026-01-01,160.0,155.7,0.4,0.5,30,150,95.9,0,False,2022-12-12,,4.1,4376.4,1
EMP0374,TEAM H,Support,Support Agent,EMP0344,Branch-West,2026-03-01,160.0,148.7,7.1,0.8,100,50,46.0,1,False,2022-05-23,,3.78,3824.4,1
EMP0491,Team B,Sales,Sales Manager,EMP0193,Remote,2025-09-01,160.0,164.6,4.6,0.3,11,2500,58.9,2,False,2023-07-23,,3.76,8918.0,1
EMP0112,Team A,Engineering,Developer,EMP0471,HQ,2026-02-01,160.0,164.2,4.2,0.7,25,0,45.6,1,False,2025-06-20,,2.63,9377.5,1
EMP0252,Team G,Sales,Account Executive,EMP0033,HQ,2025-12-01,160.0,162.0,2.0,1.2,11,2000,88.8,0,False,2025-06-22,,4.49,6600.0,1
EMP0363,Team E,Sales,Sales Manager,EMP0277,HQ,2025-12-01,160.0,155.4,21.0,9.2,9,2500,83.1,1,False,2022-06-02,,4.34,9718.8,1
EMP0123,Team C,Sales,SDR,EMP0344,Branch-West,2026-07-01,160.0,149.2,11.6,4.4,30,150,,1,False,2025-05-24,,3.91,4664.8,1
EMP0492,Team B,Support,Support Lead,EMP0162,Remote,2025-12-01,160.0,164.1,4.8,1.6,63,60,74.8,8,False,2022-05-06,,3.54,5824.2,1
EMP0302,Team E,Sales,SDR,EMP0033,Remote,2026-07-01,160.0,160.8,0.8,1.0,37,150,88.9,1,False,2025-12-19,,4.06,4536.0,1
EMP0242,Team H,Marketing,Marketing Specialist,EMP0167,HQ,2025-12-01,160.0,159.7,0.4,2.1,10,300,72.1,2,False,2024-05-23,,3.14,5289.9,1
EMP0151,Team J,Marketing,Marketing Specialist,EMP0245,Remote,2026-03-01,160.0,171.5,37.1,1.7,13,300,92.6,0,False,2024-07-08,,4.76,7495.95,1
EMP0174,Team B,Engineering,Developer,EMP0185,Branch-West,2026-07-01,160.0,161.9,1.9,0.9,19,0,79.8,1,False,2024-12-21,,3.62,9061.25,1
EMP0490,Team I,Marketing,Marketing Specialist,EMP0199,Remote,2026-02-01,160.0,163.1,3.5,0.1,14,300,65.0,0,False,2024-07-08,,2.85,5555.55,1
EMP0417,Team E,Engineering,Developer,EMP0450,Remote,2025-10-01,160.0,158.5,23.7,0.3,18,0,90.9,5,False,2022-10-07,,3.34,10672.75,1
EMP0179,team b,Marketing,Marketing Specialist,EMP0449,Branch-West,2026-03-01,160.0,155.7,4.4,,12,300,42.4,0,False,2023-03-01,,3.76,5355.9,1
EMP0034,Team J,Marketing,Content Creator,EMP0434,Branch-West,2026-06-01,160.0,159.4,0.6,2.5,27,150,70.4,2,False,2023-04-13,,3.22,4809.0,1
EMP0021,Team H,Support,Support Agent,EMP0035,Branch-East,2026-06-01,160.0,161.3,2.4,0.7,131,50,,0,False,2023-09-07,,4.22,3957.6,1
EMP0368,Team D,Marketing,Content Creator,EMP0449,HQ,2026-02-01,160.0,159.4,7.3,0.2,18,150,,0,False,2025-05-23,,3.73,5110.5,1
EMP0135,Team C,Marketing,Content Creator,EMP0471,HQ,2026-01-01,160.0,164.7,4.7,2.2,13,150,86.1,0,False,2021-10-07,,3.28,5152.5,1
EMP0002,Team D,Marketing,Marketing Specialist,EMP0344,Remote,2025-09-01,160.0,142.6,10.3,5.2,10,300,90.0,3,False,2022-03-21,,3.55,5215.65,1
EMP0152,Team F,Engineering,QA Engineer,EMP0100,,2026-04-01,160.0,160.9,0.9,0.5,28,0,88.0,4,False,2024-12-13,,,6814.5,1
EMP0366,Team H,Sales,SDR,EMP0434,HQ,2025-11-01,160.0,160.4,18.9,0.4,35,150,,1,False,2022-12-12,,2.47,5285.0,1
EMP0407,Team I,Sales,Account Executive,EMP0187,Remote,2026-01-01,160.0,159.2,1.0,4.8,15,2000,66.9,1,False,2023-02-17,,4.33,6428.0,1
EMP0391,Team G,Marketing,Marketing Specialist,EMP0293,Remote,2025-09-01,160.0,152.2,13.1,2.5,14,300,76.8,2,False,2023-05-28,,3.11,5671.05,1
EMP0300,Team J,Engineering,QA Engineer,EMP0480,HQ,2026-06-01,160.0,174.0,14.0,3.0,25,0,62.8,0,False,2024-10-03,,4.11,8190.0,1
EMP0286,Team J,Engineering,QA Engineer,EMP0162,Remote,2026-03-01,160.0,154.3,2.6,2.9,21,0,58.7,3,False,2021-12-01,,3.84,6644.4,1
EMP0312,Team B,Engineering,DevOps Engineer,EMP0320,Branch-West,2026-05-01,160.0,163.2,3.7,5.4,16,0,83.2,1,False,2023-02-28,,2.64,9787.5,1
EMP0490,Team I,Marketing,Marketing Specialist,EMP0199,Remote,2026-05-01,160.0,164.1,5.1,0.4,12,300,57.5,1,False,2024-07-08,,3.14,5667.75,1
EMP0232,Team H,Sales,Sales Manager,EMP0318,HQ,2026-06-01,160.0,154.7,5.6,0.3,11,2500,37.7,2,False,2023-10-14,,2.85,8481.2,1
EMP0258,Team I,Support,Support Agent,EMP0210,Branch-East,2026-05-01,160.0,151.8,1.5,0.1,154,50,78.2,0,False,2025-07-29,,3.24,3697.2,1
EMP0290,Team B,Sales,Sales Manager,EMP0453,Remote,2026-06-01,160.0,161.9,1.9,4.4,11,2500,98.9,0,False,2022-01-31,,3.45,8567.0,1
EMP0010,Team I,Support,Support Lead,EMP0259,Branch-West,2026-02-01,160.0,150.5,6.7,1.3,88,60,55.3,2,False,2022-08-16,,3.3,5458.7,1
EMP0356,Team B,Support,Support Lead,EMP0457,Remote,2026-07-01,160.0,162.9,2.9,0.3,79,60,64.8,1,False,2026-01-04,,3.66,5686.5,1
EMP0146,Team I,Engineering,Developer,EMP0162,Branch-West,2026-04-01,160.0,153.1,3.6,0.3,16,0,58.7,2,False,2022-10-13,,3.49,8717.5,1
EMP0017,team d,Sales,SDR,EMP0102,HQ,2026-06-01,160.0,149.7,16.7,,43,150,79.8,2,False,2025-08-06,,5.0,4893.0,1
EMP0011,Team B,Engineering,Developer,EMP0217,Remote,2025-09-01,160.0,157.9,13.0,4.9,15,0,50.4,0,False,2025-08-31,,3.29,9757.0,1
EMP0427,Team G,Sales,Account Executive,EMP0482,,2025-09-01,160.0,149.1,5.6,2.1,10,2000,84.4,3,False,2021-11-10,,3.16,6300.0,1
EMP0358,Team F,Sales,SDR,EMP0077,Remote,2026-05-01,160.0,156.1,1.2,2.4,55,150,62.5,2,False,2022-11-05,,4.34,4421.2,1
EMP0048,Team J,Sales,Account Executive,EMP0217,Remote,2025-09-01,160.0,162.5,2.5,0.5,17,2000,81.4,1,False,2023-11-16,,3.5,6650.0,1
EMP0409,Team D,Marketing,Marketing Specialist,EMP0320,Branch-East,2025-09-01,160.0,162.5,2.5,1.4,13,300,70.5,4,False,2023-07-23,,3.49,5486.25,1
EMP0436,Team C,Support,Support Agent,EMP0420,Remote,2026-07-01,160.0,161.0,1.0,0.8,141,50,39.9,0,False,2025-06-01,,,3900.0,1
EMP0003,Team A,Operations,Ops Analyst,EMP0225,Remote,2025-12-01,160.0,140.9,6.9,1.5,27,40,65.5,0,False,2023-03-15,,3.35,4840.0,1
EMP0399,Team G,Operations,Ops Analyst,EMP0061,HQ,2026-05-01,160.0,152.5,4.7,3.8,61,40,,1,False,2025-12-09,,,5105.6,1
EMP0419,Team E,Support,Support Agent,EMP0449,HQ,2026-01-01,160.0,165.0,5.9,0.7,145,50,61.4,0,False,2024-08-22,,4.37,4172.4,1
EMP0095,Team D,Operations,Ops Analyst,EMP0177,Branch-West,2025-10-01,160.0,147.8,4.4,2.1,48,40,66.7,0,False,2024-03-12,,3.64,4940.8,1
EMP0006,Team E,ENGINEERING,Developer,EMP0351,HQ,2026-06-01,160.0,157.0,2.3,0.1,14,0,67.8,2,False,2023-08-19,,2.85,8824.75,1
EMP0125,Team G,Engineering,QA Engineer,EMP0033,HQ,2026-01-01,160.0,157.0,5.3,0.1,22,0,60.2,3,False,2022-05-04,,2.55,6927.9,1
EMP0470,Team F,Marketing,Marketing Specialist,EMP0450,Branch-West,2025-12-01,160.0,161.3,1.3,1.6,10,300,95.4,1,False,2022-02-18,,3.35,5387.25,1
EMP0105,Team F,Marketing,Marketing Specialist,EMP0303,HQ,2026-03-01,160.0,151.6,14.0,6.5,15,300,92.3,1,False,2022-11-12,,3.17,5695.8,1
EMP0425,Team F,Engineering,Developer,EMP0303,Remote,2026-07-01,160.0,154.7,1.4,0.7,18,0,61.3,0,False,2021-10-03,,2.33,8624.0,1
EMP0276,Team F,Sales,SDR,EMP0077,Remote,2026-08-01,160.0,164.7,4.7,0.7,43,150,57.5,1,False,2022-12-15,,3.8,4809.0,1
EMP0212,Team H,Support,Support Lead,EMP0006,Remote,2026-02-01,160.0,162.1,2.1,3.4,92,60,49.5,1,False,2024-11-10,,2.85,5618.5,1
EMP0152,Team F,Engineering,QA Engineer,EMP0100,HQ,2026-08-01,160.0,160.3,0.3,3.2,29,0,87.5,11,False,2024-12-13,,4.12,6751.5,1
EMP0354,Team C,Engineering,QA Engineer,EMP0422,Branch-East,2025-09-01,160.0,161.2,1.2,0.4,22,0,88.8,1,False,2023-12-07,,3.63,6846.0,1
EMP0015,Team H,Engineering,Developer,EMP0457,HQ,2026-05-01,160.0,163.0,3.0,0.6,18,0,79.1,1,False,2023-09-11,,3.62,9212.5,1
EMP0225,TEAM I,Engineering,Data Engineer,EMP0351,HQ,2026-05-01,160.0,139.8,2.7,,17,0,83.2,0,False,2021-12-22,,3.34,8631.0,1
EMP0049,Team C,Sales,SDR,EMP0225,Remote,2025-12-01,160.0,149.0,4.3,0.3,33,150,51.5,2,False,2025-12-31,,2.2,4352.6,1
EMP0430,Team I,Engineering,Data Engineer,EMP0318,HQ,2026-03-01,160.0,164.6,15.1,0.9,14,0,94.1,3,False,2025-11-18,,5.0,11235.0,1
EMP0437,Team B,Engineering,DevOps Engineer,EMP0035,Remote,2026-07-01,160.0,149.4,2.5,2.9,13,0,63.0,2,False,2024-12-13,,2.85,8882.7,1
EMP0359,Team B,Marketing,Marketing Specialist,EMP0210,HQ,2026-03-01,160.0,162.8,7.7,2.0,15,300,83.3,0,False,2023-12-04,,3.63,5753.55,1
EMP0419,Team E,Support,Support Agent,EMP0449,HQ,2026-05-01,160.0,163.1,3.1,0.5,113,50,78.3,2,False,2024-08-22,,4.0,4026.0,1
EMP0357,Team D,Engineering,Developer,EMP0309,HQ,2026-08-01,160.0,160.3,0.3,0.7,17,0,89.7,0,False,2025-04-27,,4.55,8841.25,1
EMP0333,Team A,Engineering,QA Engineer,EMP0480,Branch-West,2026-08-01,160.0,146.7,17.9,0.7,27,0,45.7,12,False,2022-09-22,,4.36,7289.1,1
EMP0175,Team D,Support,Support Lead,EMP0344,HQ,2026-07-01,160.0,145.8,0.2,,91,60,69.1,0,False,2022-10-14,,3.7,4967.4,1
EMP0355,Team D,Engineering,Data Engineer,EMP0193,Remote,2026-02-01,160.0,169.6,9.6,1.0,14,0,90.5,3,False,2022-01-13,,2.94,11040.0,1
EMP0487,Team H,Engineering,QA Engineer,EMP0355,Remote,2025-12-01,160.0,145.3,5.3,1.1,18,0,90.9,1,True,2022-10-01,2026-07-11,3.7,6436.5,1
EMP0077,Team H,Operations,Ops Analyst,EMP0480,Branch-East,2025-09-01,160.0,160.3,0.3,1.2,60,40,94.8,3,True,2025-02-13,2026-01-10,2.77,5144.0,1
EMP0364,Team H,Sales,Account Executive,EMP0243,HQ,2025-11-01,160.0,149.4,21.7,0.5,14,2000,91.2,6,False,2023-08-09,,3.84,7278.0,1
EMP0178,Team D,  Sales  ,Account Executive,EMP0480,Remote,2025-12-01,160.0,160.0,2.8,0.9,10,2000,47.3,3,False,2024-12-18,,3.61,6568.0,1
EMP0434,Team I,Engineering,Developer,EMP0480,Branch-East,2026-01-01,160.0,172.7,17.6,4.6,20,0,53.1,7,False,2022-01-28,,3.16,10950.5,1
EMP0340,Team E,Engineering,Data Engineer,EMP0100,Remote,2026-07-01,160.0,159.0,5.9,2.6,18,0,64.7,0,False,2021-11-09,,2.93,10071.0,1
EMP0420,Team D,Operations,Ops Analyst,EMP0193,Remote,2026-08-01,160.0,168.3,8.3,3.8,72,40,79.9,0,False,2025-05-29,,4.18,5784.0,1
EMP0041,Team D,Engineering,DevOps Engineer,EMP0162,Branch-East,2025-12-01,160.0,146.9,7.5,1.3,13,0,77.2,5,False,2022-04-09,,3.35,9172.7,1
EMP0078,Team B,Engineering,DevOps Engineer,EMP0293,Remote,2025-11-01,160.0,145.6,1.0,,15,0,78.4,2,False,2025-09-04,,3.64,8531.8,1
EMP0272,Team J,operations,Ops Analyst,EMP0167,HQ,2025-10-01,160.0,136.1,8.5,2.4,78,40,73.0,0,False,2025-10-20,,2.97,4763.2,1
EMP0268,Team G,Support,Support Lead,EMP0147,HQ,2025-12-01,160.0,146.1,2.0,1.9,68,60,50.9,1,False,2022-06-15,,3.97,5069.4,1
EMP0411,Team G,Sales,Account Executive,EMP0100,Remote,2026-03-01,160.0,164.2,4.2,1.9,14,2000,60.2,1,False,2025-11-25,,,6820.0,1
EMP0010,Team I,Support,Support Lead,EMP0259,Branch-West,2025-10-01,160.0,147.8,1.9,0.4,95,60,75.4,0,False,2022-08-16,,2.71,5122.1,1
EMP0134,Team F,Sales,Sales Manager,EMP0193,Remote,2026-03-01,160.0,159.5,5.8,2.4,12,2500,45.7,5,False,2023-03-16,,3.71,8746.4,1
EMP0497,Team A,Sales,Account Executive,EMP0351,Remote,2025-11-01,160.0,156.5,12.9,2.8,14,2000,67.2,0,False,2025-09-17,,4.08,7034.0,1
EMP0279,Team J,Support,Support Lead,EMP0320,HQ,2026-05-01,160.0,164.4,4.4,1.5,98,60,53.1,0,False,2024-01-02,,4.52,5814.0,1
EMP0285,Team C,Sales,Account Executive,EMP0035,HQ,2026-04-01,160.0,166.7,7.6,1.2,10,2000,43.2,7,False,2024-09-15,,3.09,7124.0,1
EMP0019,Team G,Sales,Account Executive,EMP0006,HQ,2026-01-01,160.0,168.3,14.5,6.4,14,2000,52.1,6,False,2025-03-26,,2.93,7602.0,1
EMP0114,Team A,Operations,Ops Coordinator,EMP0309,Remote,2026-08-01,160.0,170.7,17.3,5.4,75,35,,1,False,2025-11-30,,4.11,5309.55,1
EMP0273,Team E,Marketing,Content Creator,EMP0438,Branch-West,2025-11-01,160.0,169.7,9.7,,23,150,62.1,0,False,2025-06-28,,3.97,5527.5,1
EMP0360,Team D,Sales,Sales Manager,EMP0177,HQ,2025-09-01,160.0,160.2,0.2,0.8,9,2500,80.0,0,True,2024-06-21,2025-11-08,3.21,8346.0,1
EMP0206,Team C,Engineering,DevOps Engineer,EMP0476,HQ,2025-10-01,160.0,161.9,1.9,0.3,14,0,95.0,0,False,2025-06-19,,2.58,9555.5,1
EMP0133,Team E,Engineering,Developer,EMP0147,HQ,2025-10-01,160.0,163.7,3.7,0.3,26,0,71.1,0,False,2025-01-07,,3.5,9308.75,1
EMP0427,Team G,Sales,Account Executive,EMP0482,HQ,2025-11-01,160.0,159.3,33.4,4.8,15,2000,89.8,4,False,2021-11-10,,3.38,8376.0,1
EMP0015,Team H,Engineering,Developer,EMP0457,HQ,2025-12-01,160.0,158.3,12.4,0.3,13,0,68.0,1,False,2023-09-11,,3.61,9729.5,1
EMP0003,Team A,Operations,Ops Analyst,EMP0225,Remote,2026-04-01,160.0,161.1,1.1,0.0,62,40,92.9,3,False,2023-03-15,,2.75,5208.0,1
EMP0421,Team C,Operations,Ops Coordinator,EMP0303,Branch-East,2026-02-01,160.0,164.5,16.4,1.1,74,35,92.7,2,False,2026-01-13,,4.13,5105.7,1
EMP0140,Team I,Marketing,Marketing Specialist,EMP0482,HQ,2026-04-01,160.0,141.7,17.4,3.4,8,300,94.7,0,False,2025-07-21,,3.93,5537.4,1
EMP0339,Team H,Sales,Account Executive,EMP0035,HQ,2025-09-01,160.0,160.1,0.1,0.4,15,2000,73.5,2,False,2024-04-19,,3.42,6410.0,1
EMP0070,Team J,Marketing,Content Creator,EMP0006,Branch-West,2026-08-01,160.0,161.7,13.6,0.1,16,150,87.6,0,False,2025-03-03,,3.1,5463.0,1
EMP0286,Team J,Engineering,QA Engineer,EMP0162,Remote,2026-05-01,160.0,160.5,9.4,1.5,19,0,66.2,2,False,2021-12-01,,4.17,7333.2,1
EMP0379,Team D,Operations,Ops Analyst,EMP0471,Remote,2026-05-01,160.0,139.0,37.4,1.3,51,40,74.0,5,False,2025-03-21,,3.21,6243.2,1
EMP0139,Team H,Sales,Sales Manager,EMP0033,,2026-06-01,160.0,160.4,0.4,5.3,10,2500,72.1,0,False,2025-03-14,,2.79,8372.0,1
EMP0183,Team B,marketing,Content Creator,EMP0438,HQ,2026-04-01,160.0,147.3,25.5,3.2,20,150,87.1,6,False,2024-02-19,,4.27,5566.5,1
EMP0480,Team J,Sales,SDR,,Branch-East,2026-01-01,160.0,165.8,14.4,0.7,43,150,89.1,2,False,2023-06-10,,4.27,5247.2,1
EMP0013,team h,Operations,Ops Coordinator,EMP0277,HQ,2025-10-01,160.0,160.6,2.5,0.1,75,35,85.1,1,False,2021-11-20,,4.3,4437.45,1
EMP0160,team c,Support,Support Agent,EMP0450,HQ,2025-10-01,160.0,148.5,2.0,1.0,109,50,70.5,2,False,2024-08-10,,4.23,3636.0,1
EMP0365,Team I,Marketing,Content Creator,EMP0301,HQ,2025-10-01,160.0,163.2,3.2,6.1,17,150,47.7,8,False,2024-09-30,,3.28,5040.0,1
EMP0457,Team G,Engineering,Data Engineer,EMP0147,Remote,2026-01-01,160.0,139.3,2.2,1.1,12,0,62.9,2,False,2022-07-06,,3.91,8556.0,1
EMP0071,Team E,Operations,Ops Analyst,EMP0193,HQ,2026-06-01,160.0,154.1,4.1,3.1,65,40,,1,False,2022-11-07,,4.02,5128.0,1
EMP0356,Team B,Support,Support Lead,EMP0457,Remote,2026-05-01,160.0,165.0,5.0,2.9,101,60,47.3,7,False,2026-01-04,,3.22,5865.0,1
EMP0303,Team D,Sales,Sales Manager,EMP0351,,2026-01-01,160.0,153.2,13.5,1.0,6,2500,66.3,1,False,2024-10-26,,2.91,9019.4,1
EMP0296,Team I,Sales,Account Executive,EMP0450,HQ,2026-08-01,160.0,162.0,2.0,,17,2000,82.5,0,False,2023-04-24,,4.22,6600.0,1
EMP0442,Team A,Marketing,Marketing Specialist,EMP0280,,2026-07-01,160.0,152.8,12.7,0.1,11,300,51.9,2,False,2022-02-19,,3.37,5671.05,1
EMP0170,Team B,SALES,Sales Manager,EMP0210,Remote,2026-06-01,160.0,160.9,0.9,,9,2500,68.3,0,False,2025-03-25,,3.28,8437.0,1
EMP0294,Team C,Sales,Account Executive,EMP0318,Remote,2026-08-01,160.0,169.1,11.2,2.8,14,2000,70.3,0,False,2023-01-18,,4.53,7436.0,1
EMP0046,Team A,Support,Support Agent,EMP0162,HQ,2025-11-01,160.0,157.7,0.4,9.4,118,50,75.3,0,False,2025-11-19,,3.11,3799.2,1
EMP0286,Team J,Engineering,QA Engineer,EMP0162,Remote,2026-07-01,160.0,147.9,1.5,0.6,23,0,62.7,0,False,2021-12-01,,3.42,6306.3,1
EMP0204,Team G,Marketing,Content Creator,EMP0035,Remote,2026-02-01,160.0,160.0,2.2,3.2,23,150,70.4,6,False,2023-12-04,,2.96,4899.0,1
EMP0177,Team A,Support,Support Agent,EMP0351,HQ,2025-11-01,160.0,168.9,22.2,0.9,68,50,97.5,0,False,2023-11-30,,3.41,4852.8,1
EMP0232,Team H,Sales,Sales Manager,EMP0318,HQ,2025-10-01,160.0,158.6,43.3,1.3,11,2500,54.5,0,False,2023-10-14,,3.2,11624.6,1
EMP0062,Team D,Engineering,QA Engineer,EMP0187,Branch-West,2025-10-01,160.0,163.9,14.8,1.8,24,0,57.8,0,False,2024-11-23,,4.49,7816.2,1
EMP0017,Team D,Sales,SDR,EMP0102,HQ,2025-12-01,160.0,171.2,20.9,1.1,30,150,90.7,1,False,2025-08-06,,2.56,5671.4,1
EMP0074,Team H,Operations,Ops Coordinator,EMP0450,HQ,2026-07-01,160.0,163.1,21.0,0.7,60,35,51.0,1,False,2023-04-13,,3.45,5254.2,1
EMP0432,Team A,Operations,Ops Coordinator,EMP0453,Remote,2025-09-01,160.0,154.7,14.2,2.2,69,35,90.3,4,False,2024-03-12,,4.11,4752.0,1
EMP0338,Team D,Support,Support Agent,EMP0422,Remote,2026-04-01,160.0,168.4,8.4,1.5,103,50,97.8,2,False,2025-09-16,,3.12,4344.0,1
EMP0392,Team I,Sales,Account Executive,EMP0351,Branch-West,2025-09-01,160.0,161.1,1.1,1.0,8,2000,85.9,6,False,2023-03-21,,3.56,6510.0,1
EMP0207,Team F,Engineering,DevOps Engineer,EMP0167,Remote,2026-04-01,160.0,161.0,1.0,2.2,15,0,87.0,0,False,2025-05-18,,3.36,9425.0,1
EMP0414,Team A,Sales,SDR,EMP0225,Remote,2026-05-01,160.0,169.6,9.6,5.6,42,150,54.8,0,False,2024-03-18,,4.28,5152.0,1
EMP0396,Team J,Marketing,Content Creator,EMP0438,,2026-06-01,160.0,160.9,0.9,0.5,16,150,92.7,0,False,2025-12-09,,2.27,4867.5,1
EMP0372,Team H,Engineering,Data Engineer,EMP0301,HQ,2025-10-01,160.0,152.4,0.2,7.2,18,0,84.1,3,False,2022-07-05,,4.03,9162.0,1
EMP0162,Team I,Support,Support Agent,EMP0450,Remote,2025-09-01,160.0,162.2,7.7,1.1,147,50,83.9,3,False,2022-08-14,,2.88,4170.0,1
EMP0059,Team D,Engineering,Developer,EMP0482,,2026-05-01,160.0,160.6,0.6,2.0,17,0,86.4,0,False,2025-12-18,,,8882.5,1
EMP0141,Team B,Marketing,Marketing Specialist,EMP0318,Remote,2025-12-01,160.0,161.2,3.7,2.8,11,300,59.2,0,False,2025-10-26,,3.78,5502.75,1
EMP0305,Team G,Support,Support Lead,EMP0376,Remote,2026-01-01,160.0,158.8,11.4,1.9,88,60,62.4,0,False,2022-09-18,,4.42,5980.6,1
EMP0324,Team J,Engineering,QA Engineer,EMP0392,Remote,2026-08-01,160.0,152.8,6.7,3.5,14,0,66.2,1,False,2023-03-24,,3.54,6839.7,1
EMP0170,Team B,Sales,Sales Manager,EMP0210,Remote,2025-10-01,160.0,164.5,7.2,2.0,8,2500,67.8,3,False,2025-03-25,,3.01,9115.6,1
EMP0309,Team H,Operations,Ops Analyst,EMP0351,Remote,2026-02-01,160.0,144.7,0.2,0.2,56,40,55.2,1,False,2024-04-22,,,4640.0,1
EMP0446,Team G,Marketing,Content Creator,EMP0061,,2025-10-01,160.0,151.5,3.7,1.7,18,150,68.9,6,False,2022-06-10,,3.19,4711.5,1
EMP0298,Team I,Engineering,Developer,EMP0309,Remote,2025-10-01,160.0,140.4,5.9,0.9,14,0,83.1,1,True,2021-10-22,2025-12-20,2.32,8208.75,1
EMP0004,Team J,Sales,Account Executive,EMP0296,HQ,2026-05-01,160.0,144.2,2.4,0.1,20,2000,73.8,1,False,2023-10-08,,2.7,5912.0,1
EMP0139,Team H,Sales,Sales Manager,EMP0033,HQ,2025-11-01,160.0,156.9,23.1,3.6,11,2500,53.4,0,False,2025-03-14,,3.39,9960.6,1
EMP0208,Team H,Support,Support Lead,EMP0376,HQ,2026-08-01,160.0,141.5,6.4,0.2,113,60,83.0,1,False,2022-11-05,,,5137.4,1
EMP0394,Team F,Operations,Ops Coordinator,EMP0259,Remote,2026-03-01,160.0,160.2,3.6,3.8,60,35,83.5,2,False,2025-03-27,,3.68,4471.2,1
EMP0218,Team D,Operations,Ops Coordinator,EMP0147,HQ,2025-09-01,160.0,166.8,6.8,0.5,63,35,96.1,0,False,2022-05-08,,3.23,4779.0,1
EMP0324,Team J,Engineering,QA Engineer,EMP0392,Remote,2025-12-01,160.0,156.3,3.4,0.5,19,0,81.5,0,False,2023-03-24,,3.49,6778.8,1
EMP0288,Team I,Sales,SDR,EMP0471,Remote,2025-12-01,160.0,160.8,1.8,1.6,25,150,71.0,2,False,2023-09-20,,3.66,4578.0,1
EMP0008,Team B,Marketing,Marketing Specialist,EMP0457,Remote,2025-10-01,160.0,162.2,2.2,2.4,13,300,80.1,2,False,2025-09-18,,2.96,5461.5,1
EMP0404,Team I,Operations,Ops Analyst,EMP0167,HQ,2026-01-01,160.0,142.2,11.4,0.2,65,40,74.7,0,False,2022-03-08,,2.78,5097.6,1
EMP0402,Team H,Marketing,Marketing Specialist,EMP0085,Branch-West,2026-03-01,160.0,137.9,3.7,5.3,11,300,,5,False,2022-02-23,,3.95,4733.85,1
EMP0266,Team I,Operations,Ops Coordinator,EMP0033,HQ,2026-07-01,160.0,153.9,0.6,6.2,58,35,96.1,5,False,2024-05-19,,,4179.6,1
EMP0320,Team C,Engineering,Data Engineer,EMP0193,Remote,2026-03-01,160.0,136.7,2.8,1.6,20,0,79.3,1,False,2025-04-08,,3.7,8454.0,1
EMP0207,Team F,Engineering,DevOps Engineer,EMP0167,Remote,2026-06-01,160.0,154.9,3.0,1.6,12,0,96.6,0,False,2025-05-18,,3.19,9245.2,1
EMP0044,Team E,Marketing,Marketing Specialist,EMP0035,Remote,2026-07-01,160.0,158.0,2.2,0.3,9,300,89.5,6,False,2023-11-14,,3.2,5322.9,1
EMP0454,Team G,Marketing,Marketing Specialist,EMP0162,HQ,2026-06-01,160.0,135.7,4.3,0.8,10,300,,0,False,2023-08-22,,2.71,4690.95,1
EMP0205,Team E,Support,Support Lead,EMP0449,Remote,2026-01-01,160.0,161.1,1.1,1.0,87,60,89.6,1,False,2024-03-02,,3.46,5533.5,1
EMP0255,Team F,Engineering,DevOps Engineer,EMP0243,HQ,2026-01-01,160.0,149.3,13.9,1.1,17,0,68.4,1,False,2024-02-04,,2.89,9868.7,1
EMP0333,Team A,Engineering,QA Engineer,EMP0480,Branch-West,2025-11-01,160.0,147.0,0.7,2.6,19,0,82.7,2,False,2022-09-22,,2.69,6218.1,1
EMP0131,Team F,Sales,Account Executive,EMP0245,Remote,2025-11-01,160.0,154.0,4.9,0.9,17,2000,87.0,1,False,2024-05-01,,4.07,6454.0,1
EMP0177,Team A,Support,Support Agent,EMP0351,HQ,2026-08-01,160.0,156.7,0.2,0.5,122,50,80.6,1,False,2023-11-30,,2.98,3768.0,1
EMP0488,Team I,Engineering,QA Engineer,EMP0480,HQ,2025-12-01,160.0,151.5,1.6,0.7,24,0,82.8,1,False,2023-12-14,,3.16,6463.8,1
EMP0345,Team H,Sales,Sales Manager,EMP0301,Remote,2026-02-01,160.0,160.1,0.1,0.0,10,2500,86.4,4,False,2022-01-29,,2.92,8333.0,1
EMP0131,Team F,Sales,Account Executive,EMP0245,Remote,2026-03-01,160.0,162.8,2.8,1.8,11,2000,71.2,1,False,2024-05-01,,3.75,6680.0,1
EMP0023,Team E,Engineering,QA Engineer,EMP0147,,2026-05-01,160.0,163.9,7.2,0.4,26,0,52.5,0,False,2023-07-21,,3.98,7337.4,1
EMP0261,Team B,Support,Support Lead,EMP0480,HQ,2026-02-01,160.0,160.4,0.4,0.2,83,60,86.6,1,False,2023-09-20,,3.55,5474.0,1
EMP0053,Team B,Marketing,Marketing Specialist,EMP0100,Remote,2025-09-01,160.0,163.9,3.9,0.2,13,300,96.4,0,False,2022-09-20,,3.37,5601.75,1
EMP0258,Team I,Support,Support Agent,EMP0210,Branch-East,2026-07-01,160.0,165.7,5.7,1.6,103,50,74.2,1,False,2025-07-29,,3.11,4182.0,1
EMP0330,Team E,Engineering,DevOps Engineer,EMP0351,,2026-06-01,160.0,160.1,0.1,3.2,12,0,55.7,1,False,2025-07-30,,3.14,9294.5,1
EMP0321,Team F,Sales,Sales Manager,EMP0193,HQ,2025-12-01,160.0,161.1,1.1,1.4,8,2500,62.5,0,False,2023-05-01,,3.27,8463.0,1
EMP0397,Team A,Operations,Ops Analyst,EMP0301,Remote,2026-02-01,160.0,168.6,8.6,0.6,37,40,83.2,0,False,2021-08-20,,3.44,5808.0,1
EMP0277,Team A,Operations,Ops Coordinator,EMP0480,HQ,2026-04-01,160.0,160.0,9.4,4.3,73,35,61.4,0,False,2024-02-14,,3.64,4700.7,1
EMP0075,Team H,Support,Support Agent,EMP0420,Remote,2026-01-01,160.0,159.0,5.1,1.6,116,50,80.9,0,False,2021-11-30,,2.96,3999.6,1
EMP0477,TEAM F,Engineering,DevOps Engineer,EMP0102,,2025-11-01,160.0,164.6,4.6,1.8,16,0,71.7,1,False,2025-09-07,,4.87,9947.0,1
EMP0499,Team C,marketing,Marketing Specialist,EMP0177,HQ,2025-09-01,160.0,149.1,10.3,0.3,16,300,96.1,9,False,2025-03-25,,3.01,5430.15,1
EMP0211,Team H,Sales,SDR,EMP0217,HQ,2025-09-01,160.0,167.5,7.5,4.4,31,150,89.7,3,False,2023-02-27,,4.25,5005.0,1
EMP0269,Team D,Sales,SDR,EMP0100,HQ,2025-11-01,160.0,159.5,6.0,0.6,37,150,82.2,2,False,2022-01-05,,,4718.0,1
EMP0325,Team B,Marketing,Content Creator,EMP0376,Remote,2026-01-01,160.0,157.5,4.4,0.6,23,150,90.2,0,False,2024-06-07,,4.49,4923.0,1
EMP0277,Team A,Operations,Ops Coordinator,EMP0480,HQ,2025-09-01,160.0,149.0,23.6,0.0,51,35,91.2,0,False,2024-02-14,,4.17,4978.8,1
EMP0060,Team J,Sales,Sales Manager,EMP0296,Remote,2026-02-01,160.0,161.2,2.4,4.3,11,2500,67.7,6,False,2025-12-17,,,8569.6,1
EMP0131,Team F,Sales,Account Executive,EMP0245,Remote,2026-02-01,160.0,156.3,3.4,0.5,14,2000,82.1,0,False,2024-05-01,,3.22,6456.0,1
EMP0139,Team H,Sales,Sales Manager,EMP0033,HQ,2026-07-01,160.0,167.0,11.1,2.8,13,2500,83.9,0,False,2025-03-14,,2.17,9549.8,1
EMP0475,Team C,Sales,Account Executive,EMP0457,HQ,2026-02-01,160.0,161.2,1.2,0.8,14,2000,76.2,1,False,2024-06-18,,3.19,6520.0,1
EMP0459,Team C,Engineering,Data Engineer,EMP0376,Remote,2026-04-01,160.0,164.5,4.5,0.9,11,0,30.3,9,False,2025-01-27,,4.52,10275.0,1
EMP0408,Team A,Engineering,Data Engineer,EMP0301,Branch-West,2025-11-01,160.0,163.3,11.4,0.3,18,0,82.3,8,False,2022-03-01,,4.34,10824.0,1
EMP0188,Team E,Sales,Account Executive,EMP0420,Branch-East,2025-12-01,160.0,145.2,5.9,0.1,13,2000,80.9,1,False,2025-09-26,,3.68,6162.0,1
EMP0299,Team A,Support,Support Lead,EMP0035,HQ,2025-12-01,160.0,159.2,1.5,3.4,73,60,74.2,1,False,2024-09-07,,4.02,5489.3,1
EMP0498,Team J,Engineering,Developer,EMP0449,Branch-West,2026-03-01,160.0,158.0,1.9,1.9,18,0,68.5,3,False,2024-06-20,,3.05,8846.75,1
EMP0332,Team G,Operations,Ops Analyst,EMP0476,HQ,2026-01-01,160.0,149.9,7.9,0.4,53,40,41.4,2,False,2022-09-30,,3.17,5176.0,1
EMP0092,Team J,Support,Support Lead,EMP0333,Remote,2025-09-01,160.0,160.0,9.6,0.5,110,60,66.2,0,False,2023-04-05,,4.05,5929.6,1
EMP0467,Team A,Engineering,DevOps Engineer,EMP0303,Branch-East,2026-04-01,160.0,161.4,1.4,0.1,12,0,83.9,2,False,2023-08-15,,3.47,9483.0,1
EMP0129,Team J,Engineering,DevOps Engineer,EMP0033,,2025-10-01,160.0,154.2,4.7,0.8,16,0,54.1,4,False,2022-04-11,,4.14,9352.5,1
EMP0094,Team E,Sales,Sales Manager,EMP0480,Branch-East,2026-05-01,160.0,153.7,9.5,8.0,12,2500,57.6,4,False,2022-10-05,,3.23,8733.4,1
EMP0496,team e,Sales,Account Executive,EMP0303,HQ,2025-10-01,160.0,142.1,7.2,,15,2000,89.4,1,False,2023-10-04,,3.02,6116.0,1
EMP0231,Team H,Operations,Ops Coordinator,EMP0251,Branch-East,2026-02-01,160.0,160.0,33.4,0.9,55,35,82.0,1,False,2023-05-27,,3.55,5672.7,1
EMP0155,Team E,Marketing,Marketing Specialist,EMP0251,Remote,2026-07-01,160.0,158.6,1.3,5.4,12,300,89.8,1,False,2022-03-02,,3.1,5298.15,1
EMP0460,Team F,Engineering,Data Engineer,EMP0071,HQ,2026-01-01,160.0,161.7,13.6,1.1,21,0,73.7,2,False,2022-10-30,,3.99,10926.0,1
EMP0321,Team F,Sales,Sales Manager,EMP0193,,2026-04-01,160.0,159.8,3.2,5.0,12,2500,70.0,1,False,2023-05-01,,3.85,8559.2,1
EMP0451,Team A,Operations,Ops Analyst,EMP0100,Remote,2025-11-01,160.0,157.8,2.0,2.0,58,40,72.7,0,False,2023-05-13,,3.67,5145.6,1
EMP0072,Team G,Engineering,Developer,EMP0218,HQ,2025-11-01,160.0,172.7,23.8,1.0,19,0,95.3,0,True,2025-02-03,2026-05-29,3.74,11462.0,1
EMP0474,Team F,Marketing,Marketing Specialist,EMP0035,,2026-08-01,160.0,152.9,26.6,1.9,10,300,94.1,1,False,2024-08-21,,3.93,6362.4,1
EMP0307,Team B,Sales,Sales Manager,EMP0320,Remote,2026-05-01,160.0,165.5,5.5,1.1,9,2500,94.4,0,False,2022-12-08,,4.09,9035.0,1
EMP0076,Team H,Support,Support Lead,EMP0309,Remote,2026-03-01,160.0,163.5,3.5,1.3,94,60,55.3,0,False,2024-05-03,,4.99,5737.5,1
EMP0361,Team C,Sales,Account Executive,EMP0210,,2026-06-01,160.0,162.1,2.1,4.3,15,2000,69.2,1,True,2024-03-19,2026-06-26,3.41,6610.0,1
EMP0193,Team E,Marketing,Content Creator,,HQ,2025-10-01,160.0,160.9,17.3,1.0,26,150,87.7,2,False,2023-03-18,,3.87,5605.5,1
EMP0446,Team G,Marketing,Content Creator,EMP0061,Remote,2026-08-01,160.0,152.8,14.4,3.5,22,150,87.7,0,False,2022-06-10,,2.49,5232.0,1
EMP0286,Team J,Engineering,QA Engineer,EMP0162,Remote,2026-01-01,160.0,170.2,18.1,0.1,23,0,85.0,0,False,2021-12-01,,,8288.7,1
EMP0191,Team E,Engineering,QA Engineer,EMP0147,Remote,2025-11-01,160.0,173.6,22.4,0.2,27,0,79.3,4,False,2023-11-14,,3.82,8702.4,1
EMP0052,Team D,Operations,Ops Analyst,EMP0293,Remote,2026-02-01,160.0,166.9,6.9,1.8,72,40,87.5,1,False,2025-12-11,,2.01,5672.0,1
EMP0008,Team B,Marketing,Marketing Specialist,EMP0457,Remote,2026-05-01,160.0,149.5,1.1,1.2,13,300,96.4,1,False,2025-09-18,,2.74,4987.95,1
EMP0428,Team I,MARKETING,Content Creator,EMP0102,HQ,2026-07-01,160.0,168.2,8.2,3.1,16,150,51.7,1,False,2024-10-09,,4.04,5415.0,1
EMP0131,Team F,Sales,Account Executive,EMP0245,Remote,2026-07-01,160.0,153.5,3.2,3.0,15,2000,75.7,6,False,2024-05-01,,3.22,6332.0,1
EMP0466,Team F,Sales,SDR,EMP0422,Remote,2026-04-01,160.0,163.5,5.7,,39,150,68.8,2,False,2025-03-16,,2.66,4817.4,1
EMP0092,Team J,Support,Support Lead,EMP0333,Remote,2026-07-01,160.0,171.6,11.6,1.3,96,60,80.9,0,False,2023-04-05,,3.51,6426.0,1
EMP0347,Team B,Support,Support Agent,EMP0453,HQ,2026-03-01,160.0,144.9,8.8,1.0,86,50,77.2,1,False,2023-01-12,,3.63,3794.4,1
EMP0371,Team H,Engineering,QA Engineer,EMP0225,Branch-East,2026-05-01,160.0,149.9,4.5,4.0,29,0,66.6,4,False,2024-02-11,,3.09,6579.3,1
EMP0487,Team H,Engineering,QA Engineer,EMP0355,Remote,2026-01-01,160.0,154.2,7.7,0.9,23,0,80.2,1,True,2022-10-01,2026-07-11,2.7,6961.5,1
EMP0318,Team G,Engineering,QA Engineer,EMP0450,Remote,2025-12-01,160.0,155.1,1.7,1.1,26,0,63.3,1,False,2022-01-13,,4.22,6621.3,1
EMP0220,Team I,Operations,Ops Analyst,EMP0210,HQ,2025-11-01,160.0,160.6,6.0,0.2,59,40,75.0,1,False,2024-02-16,,3.99,5427.2,1
EMP0430,Team I,Engineering,Data Engineer,EMP0318,HQ,2026-02-01,160.0,162.6,3.8,1.1,19,0,58.9,2,False,2025-11-18,,3.69,10098.0,1
EMP0079,Team J,Sales,Account Executive,EMP0077,,2026-05-01,160.0,163.7,3.7,6.3,14,2000,90.9,3,False,2023-01-21,,2.14,6770.0,1
EMP0033,Team I,Engineering,Developer,EMP0351,HQ,2026-06-01,160.0,160.5,0.5,1.7,17,0,92.4,1,False,2024-01-01,,4.91,8868.75,1
EMP0205,Team E,Support,Support Lead,EMP0449,Remote,2026-04-01,160.0,165.0,5.0,0.1,97,60,75.5,10,False,2024-03-02,,3.34,5865.0,1
EMP0199,Team B,Marketing,Marketing Specialist,EMP0450,HQ,2025-10-01,160.0,168.7,14.7,1.7,13,300,80.0,0,True,2025-10-07,2025-11-18,2.74,6294.75,1
EMP0095,Team D,Operations,Ops Analyst,EMP0177,Branch-West,2026-03-01,160.0,164.5,26.4,1.3,64,40,84.3,7,False,2024-03-12,,4.27,6531.2,1
EMP0083,Team D,Sales,Account Executive,EMP0320,HQ,2026-08-01,160.0,149.9,0.2,0.7,18,2000,75.1,1,False,2025-05-17,,2.44,6008.0,1
EMP0459,Team C,Engineering,Data Engineer,EMP0376,Remote,2026-05-01,160.0,158.3,5.6,3.3,15,0,78.3,1,False,2025-01-27,,3.38,10002.0,1
EMP0092,Team J,Support,Support Lead,EMP0333,Remote,2026-02-01,160.0,159.1,20.2,3.6,117,60,88.3,1,False,2023-04-05,,2.98,6439.6,1
EMP0252,Team G,  Sales  ,Account Executive,EMP0033,HQ,2026-05-01,160.0,161.1,7.3,1.1,13,2000,75.7,4,False,2025-06-22,,3.03,6882.0,1
EMP0018,Team H,Sales,Sales Manager,EMP0280,Branch-East,2026-07-01,160.0,158.9,16.9,0.4,8,2500,84.5,0,False,2022-01-08,,2.8,9581.0,1
EMP0017,Team D,Sales,SDR,EMP0102,HQ,2025-09-01,160.0,151.8,4.8,0.9,47,150,58.1,0,False,2025-08-06,,4.08,4452.0,1
EMP0152,Team F,Engineering,QA Engineer,EMP0100,HQ,2026-07-01,160.0,154.3,9.6,,22,0,76.7,5,False,2024-12-13,,3.99,7085.4,1
EMP0045,Team H,Engineering,DevOps Engineer,EMP0225,Remote,2026-06-01,160.0,148.7,0.5,,18,0,83.9,1,False,2023-02-23,,3.02,8668.1,1
EMP0400,Team A,Operations,Ops Coordinator,EMP0434,,2026-01-01,160.0,160.4,0.4,0.2,50,35,95.1,0,False,2022-01-07,,3.38,4347.0,1
EMP0255,Team F,Engineering,DevOps Engineer,EMP0243,HQ,2025-10-01,160.0,164.7,4.7,2.8,12,0,85.2,2,False,2024-02-04,,3.69,9961.5,1
EMP0417,Team E,Engineering,Developer,EMP0450,Remote,2026-08-01,160.0,162.3,2.3,0.3,25,0,84.5,2,False,2022-10-07,,3.2,9116.25,1
EMP0484,Team J,Support,Support Agent,EMP0450,Remote,2026-04-01,160.0,158.2,24.9,,77,50,,1,False,2022-10-05,,3.92,4693.2,1
EMP0132,  Team A  ,Engineering,QA Engineer,EMP0035,Remote,2025-10-01,160.0,153.7,9.5,2.2,29,0,84.5,2,True,2025-05-31,2026-05-06,2.67,7053.9,1
EMP0317,Team C,Sales,Sales Manager,EMP0309,Remote,2026-05-01,160.0,161.2,1.2,2.2,8,2500,88.9,0,False,2024-01-19,,4.2,8476.0,1
EMP0112,Team A,Engineering,Developer,EMP0471,HQ,2026-01-01,160.0,150.0,2.9,1.5,19,0,60.7,0,False,2025-06-20,,4.3,8489.25,1
EMP0461,Team C,Engineering,DevOps Engineer,EMP0453,HQ,2026-04-01,160.0,159.9,12.1,0.9,9,0,,9,False,2023-10-09,,2.95,10326.9,1
EMP0389,Team A,Operations,Ops Analyst,EMP0006,HQ,2026-04-01,160.0,166.9,6.9,0.1,75,40,79.4,2,False,2025-05-01,,,5672.0,1
EMP0351,Team F,Sales,Sales Manager,,Branch-West,2025-11-01,160.0,148.9,1.8,0.9,7,2500,99.6,3,False,2022-07-22,,,7883.2,1
EMP0129,Team J,engineering,DevOps Engineer,EMP0033,,2026-08-01,160.0,160.9,0.9,10.2,13,0,29.2,6,False,2022-04-11,,3.26,9410.5,1
EMP0424,Team G,Sales,Account Executive,EMP0471,Remote,2026-06-01,160.0,158.2,3.3,1.6,17,2000,76.0,0,False,2025-03-25,,3.08,6526.0,1
EMP0471,Team D,Engineering,QA Engineer,EMP0147,Branch-East,2025-09-01,160.0,155.9,5.3,0.5,20,0,90.1,8,False,2024-07-01,,3.4,6881.7,1
EMP0370,Team E,Engineering,DevOps Engineer,EMP0259,HQ,2026-01-01,160.0,157.1,4.1,0.3,15,0,91.6,6,False,2025-12-26,,3.66,9468.5,1
EMP0440,Team G,Engineering,Developer,EMP0318,HQ,2026-03-01,160.0,160.4,0.4,1.2,17,0,85.0,3,False,2025-09-25,,4.48,8855.0,1
EMP0423,Team D,Engineering,QA Engineer,EMP0277,HQ,2026-07-01,160.0,164.2,10.2,2.3,17,0,83.9,2,False,2022-02-23,,2.9,7539.0,1
EMP0332,Team G,Operations,Ops Analyst,EMP0476,HQ,2026-04-01,160.0,162.0,2.0,1.8,54,40,70.6,7,False,2022-09-30,,,5280.0,1
EMP0333,Team A,  Engineering  ,QA Engineer,EMP0480,Branch-West,2026-03-01,160.0,140.9,7.9,0.0,27,0,81.7,1,False,2022-09-22,,,6415.5,1
EMP0462,Team D,Support,Support Agent,EMP0296,HQ,2026-04-01,160.0,158.4,10.9,0.4,129,50,90.3,1,False,2025-11-23,,4.08,4194.0,1
EMP0314,Team E,Marketing,Content Creator,EMP0422,Remote,2026-05-01,160.0,152.6,5.5,0.6,30,150,75.6,1,False,2025-11-14,,3.36,4825.5,1
EMP0033,Team I,Engineering,Developer,EMP0351,HQ,2026-03-01,160.0,154.8,3.2,0.1,14,0,,5,False,2024-01-01,,5.0,8778.0,1
EMP0178,Team D,Sales,Account Executive,EMP0480,Remote,2026-05-01,160.0,160.9,2.4,1.2,19,2000,68.3,6,False,2024-12-18,,4.13,6580.0,1
EMP0250,Team A,Operations,Ops Analyst,EMP0225,HQ,2025-10-01,160.0,163.3,4.0,2.0,63,40,80.7,1,False,2022-08-19,,3.96,5417.6,1
EMP0201,Team A,Support,Support Agent,EMP0303,,2025-11-01,160.0,153.7,1.1,4.5,79,50,83.5,2,False,2024-07-09,,,3728.4,1
EMP0201,Team A,Support,Support Agent,EMP0303,Branch-East,2026-01-01,160.0,147.5,7.5,0.2,101,50,91.1,0,False,2024-07-09,,5.0,3810.0,1
EMP0184,team e,Marketing,Marketing Specialist,EMP0100,HQ,2026-07-01,160.0,151.7,24.7,0.0,9,300,,0,False,2025-08-01,,4.29,6228.75,1
EMP0474,Team F,Marketing,Marketing Specialist,EMP0035,HQ,2026-03-01,160.0,158.7,14.0,8.6,13,300,62.5,1,False,2024-08-21,,4.3,5930.1,1
EMP0032,Team A,Engineering,QA Engineer,EMP0351,Branch-West,2025-09-01,160.0,160.3,10.8,2.2,25,0,96.5,5,False,2024-01-28,,3.72,7413.0,1
EMP0084,Team A,Engineering,Developer,EMP0006,Branch-West,2026-06-01,160.0,162.5,2.5,0.7,19,0,64.3,6,False,2024-05-20,,4.21,9143.75,1
EMP0308,Team B,Sales,Sales Manager,EMP0177,HQ,2026-05-01,160.0,165.6,14.4,1.5,9,2500,70.7,1,False,2025-11-07,,4.75,9734.4,1
EMP0478,Team C,Sales,Account Executive,EMP0457,HQ,2026-06-01,160.0,159.4,1.6,,13,2000,66.7,0,False,2025-12-26,,3.85,6472.0,1
EMP0348,Team D,Engineering,Data Engineer,EMP0085,,2026-04-01,160.0,159.7,9.0,,21,0,76.4,1,False,2025-05-03,,4.43,10392.0,1
EMP0467,Team A,Engineering,DevOps Engineer,EMP0303,Branch-East,2026-03-01,160.0,143.1,8.2,1.9,11,0,90.3,7,False,2023-08-15,,3.35,9013.2,1
EMP0006,Team E,Engineering,Developer,EMP0351,HQ,2025-11-01,160.0,150.6,0.3,0.8,19,0,79.1,1,False,2023-08-19,,3.38,8307.75,1
EMP0408,Team A,Engineering,Data Engineer,EMP0301,Branch-West,2025-12-01,160.0,156.0,2.4,0.5,11,0,55.0,0,False,2022-03-01,,4.04,9576.0,1
EMP0347,Team B,Support,Support Agent,EMP0453,HQ,2026-02-01,160.0,158.6,16.2,0.5,107,50,88.9,1,False,2023-01-12,,3.28,4389.6,1
EMP0189,Team I,Sales,SDR,EMP0218,HQ,2025-12-01,160.0,162.4,5.3,3.6,37,150,52.5,1,False,2021-12-23,,4.56,4769.8,1
EMP0148,Team E,Sales,Account Executive,EMP0376,HQ,2026-04-01,160.0,171.9,20.3,0.5,13,2000,72.7,1,False,2025-08-11,,3.37,8094.0,1
EMP0335,Team I,Engineering,DevOps Engineer,EMP0187,HQ,2026-07-01,160.0,149.2,11.0,,13,0,80.2,0,False,2023-07-24,,3.1,9610.6,1
EMP0095,Team D,Operations,Ops Analyst,EMP0177,Branch-West,2026-06-01,160.0,165.9,9.5,0.9,84,40,,0,False,2024-03-12,,3.3,5764.8,1
EMP0331,Team E,Sales,SDR,EMP0449,Branch-West,2026-07-01,160.0,144.9,15.8,4.8,40,150,76.5,1,False,2025-01-10,,3.92,4720.8,1
EMP0216,Team G,Engineering,DevOps Engineer,EMP0293,,2026-03-01,160.0,163.8,3.8,0.7,11,0,59.2,0,False,2025-01-28,,3.44,9831.0,1
EMP0306,Team H,MARKETING,Content Creator,EMP0333,HQ,2026-03-01,160.0,159.4,13.6,0.3,18,150,96.3,0,False,2025-10-08,,3.54,5394.0,1
EMP0079,Team J,Sales,Account Executive,EMP0077,Branch-East,2025-11-01,160.0,153.9,5.2,0.0,17,2000,,0,False,2023-01-21,,4.12,6468.0,1
EMP0477,Team F,Engineering,DevOps Engineer,EMP0102,Remote,2025-10-01,160.0,164.8,4.8,5.4,13,0,91.9,3,False,2025-09-07,,3.39,9976.0,1
EMP0351,Team F,Sales,Sales Manager,,Branch-West,2026-07-01,160.0,160.7,0.7,1.1,10,2500,79.8,2,False,2022-07-22,,4.02,8411.0,1
EMP0028,Team A,Sales,Account Executive,EMP0047,Remote,2026-08-01,160.0,157.3,0.3,0.9,16,2000,85.6,9,False,2024-12-15,,3.35,6310.0,1
EMP0499,Team C,Marketing,Marketing Specialist,EMP0177,,2026-06-01,160.0,143.7,0.4,0.2,12,300,65.2,1,False,2025-03-25,,3.26,4761.9,1
EMP0451,Team A,Operations,Ops Analyst,EMP0100,Remote,2026-06-01,160.0,163.0,3.0,0.1,51,40,82.2,2,False,2023-05-13,,3.11,5360.0,1
EMP0234,Team F,Sales,Sales Manager,EMP0280,Remote,2025-10-01,160.0,165.4,5.4,2.8,10,2500,82.3,1,False,2022-08-23,,3.22,9022.0,1
EMP0272,Team J,Operations,Ops Analyst,EMP0167,HQ,2026-05-01,160.0,161.7,1.7,1.6,52,40,56.6,2,False,2025-10-20,,3.16,5256.0,1
EMP0208,Team H,Support,Support Lead,EMP0376,HQ,2025-09-01,160.0,163.0,6.7,1.4,80,60,90.0,5,False,2022-11-05,,4.06,5883.7,1
EMP0341,Team C,Sales,Account Executive,EMP0061,Branch-East,2026-01-01,160.0,165.5,15.3,5.9,12,2000,52.0,0,False,2023-04-15,,2.67,7538.0,1
EMP0074,Team H,Operations,Ops Coordinator,EMP0450,HQ,2025-09-01,160.0,163.6,3.6,7.9,69,35,52.0,4,False,2023-04-13,,3.24,4563.0,1
EMP0097,Team C,Sales,Account Executive,EMP0280,HQ,2025-09-01,160.0,164.9,16.5,2.8,14,2000,71.9,1,False,2024-09-29,,2.55,7586.0,1
EMP0443,Team F,Sales,Account Executive,EMP0480,Remote,2026-06-01,160.0,165.8,26.3,1.8,18,2000,81.3,0,False,2021-12-08,,2.87,8210.0,1
EMP0227,Team A,Marketing,Content Creator,EMP0351,Remote,2025-11-01,160.0,148.4,4.9,0.4,17,150,73.1,0,False,2022-02-05,,3.2,4672.5,1
EMP0100,Team F,Engineering,Developer,EMP0480,Branch-West,2026-05-01,160.0,164.5,4.5,6.2,15,0,59.0,5,False,2023-06-05,,2.89,9418.75,1
EMP0323,Team C,Support,Support Agent,EMP0071,Remote,2026-06-01,160.0,160.3,3.3,0.5,99,50,92.3,0,False,2023-12-31,,2.91,3966.0,1
EMP0175,Team D,Support,Support Lead,EMP0344,HQ,2026-04-01,160.0,170.3,13.3,3.4,97,60,73.9,0,False,2022-10-14,,3.21,6468.5,1
EMP0492,Team B,Support,Support Lead,EMP0162,Remote,2025-09-01,160.0,163.4,3.4,0.6,71,60,66.4,1,False,2022-05-06,,4.49,5729.0,1
EMP0172,Team G,Engineering,Developer,EMP0071,Branch-West,2025-11-01,160.0,169.9,9.9,0.3,17,0,79.9,1,False,2024-03-09,,3.16,10161.25,1
EMP0035,Team H,Marketing,Content Creator,EMP0351,Remote,2025-09-01,160.0,167.0,13.4,1.1,23,150,65.4,0,False,2022-07-26,,2.95,5613.0,1
EMP0372,Team H,Engineering,Data Engineer,EMP0301,HQ,2025-11-01,160.0,147.3,0.6,0.6,15,0,90.8,0,False,2022-07-05,,3.29,8892.0,1
EMP0070,Team J,Marketing,Content Creator,EMP0006,Branch-West,2026-04-01,160.0,153.6,5.2,0.5,22,150,49.5,0,False,2025-03-03,,3.76,4842.0,1
EMP0345,Team H,Sales,Sales Manager,EMP0301,Remote,2026-05-01,160.0,163.8,4.3,1.3,8,2500,67.2,0,False,2022-01-29,,3.41,8853.0,1
EMP0098,Team J,Sales,SDR,EMP0162,Branch-West,2026-05-01,160.0,156.8,25.4,,35,150,75.5,0,False,2022-07-17,,3.8,5457.2,1
EMP0479,Team C,Marketing,Content Creator,EMP0450,HQ,2026-07-01,160.0,169.6,10.3,0.9,20,150,97.7,0,False,2025-12-24,,3.19,5551.5,1
EMP0220,Team I,Operations,Ops Analyst,EMP0210,HQ,2026-04-01,160.0,164.3,4.4,0.3,72,40,78.7,1,False,2024-02-16,,3.59,5468.8,1
EMP0272,Team J,Operations,Ops Analyst,EMP0167,HQ,2026-01-01,160.0,162.0,6.5,0.1,63,40,85.6,1,False,2025-10-20,,3.14,5496.0,1
EMP0358,Team F,Sales,SDR,EMP0077,Remote,2026-08-01,160.0,157.6,19.6,3.4,42,150,78.6,4,False,2022-11-05,,3.62,5236.0,1
EMP0197,Team E,Support,Support Agent,EMP0449,HQ,2026-08-01,160.0,153.9,1.4,0.2,132,50,78.6,0,False,2025-08-22,,3.98,3744.0,1
EMP0413,Team I,Marketing,Content Creator,EMP0301,Branch-East,2026-08-01,160.0,168.7,13.5,0.7,21,150,57.9,0,False,2023-10-30,,3.53,5668.5,1
EMP0417,Team E,Engineering,Developer,EMP0450,Remote,2026-04-01,160.0,154.4,1.1,0.6,16,0,75.1,1,False,2022-10-07,,3.35,8582.75,1
EMP0481,Team D,Support,Support Lead,EMP0476,HQ,2026-03-01,160.0,154.4,10.7,0.0,66,60,54.7,0,False,2022-01-26,,3.85,5795.3,1
EMP0362,Team D,Support,Support Agent,EMP0033,Remote,2026-04-01,160.0,160.7,0.7,1.5,110,50,67.4,3,False,2025-10-15,,3.87,3882.0,1
EMP0463,Team F,Operations,Ops Analyst,EMP0453,HQ,2026-04-01,160.0,139.1,4.7,2.0,37,40,48.5,2,False,2025-07-16,,3.79,4676.8,1
EMP0284,Team I,Engineering,Developer,EMP0167,HQ,2026-07-01,160.0,155.6,2.6,1.0,18,0,91.4,0,False,2022-05-19,,3.14,8772.5,1
EMP0419,Team E,Support,Support Agent,EMP0449,HQ,2026-04-01,160.0,158.1,2.0,1.0,114,50,75.1,3,False,2024-08-22,,4.18,3866.4,1
EMP0039,Team J,Support,Support Agent,EMP0300,Remote,2025-11-01,160.0,160.7,0.7,0.4,106,50,74.7,3,False,2025-06-06,,2.59,3882.0,1
EMP0444,Team G,Sales,Sales Manager,EMP0199,HQ,2025-12-01,160.0,159.3,3.0,2.2,7,2500,50.7,0,False,2023-01-09,,3.47,8517.6,1
EMP0463,Team F,OPERATIONS,Ops Analyst,EMP0453,HQ,2026-06-01,160.0,176.8,18.6,0.5,68,40,70.6,5,False,2025-07-16,,3.43,6550.4,1
EMP0054,Team H,Marketing,Marketing Specialist,EMP0476,HQ,2026-02-01,160.0,149.2,14.6,1.9,11,300,70.0,0,True,2023-10-07,2026-05-02,4.04,5646.3,1
EMP0472,Team A,Marketing,Marketing Specialist,EMP0471,Remote,2026-06-01,160.0,164.8,4.8,0.3,17,300,90.2,0,False,2023-02-14,,3.34,5676.0,1
EMP0352,Team H,Operations,Ops Analyst,EMP0100,Branch-West,2026-07-01,160.0,161.0,4.6,1.1,73,40,90.1,0,False,2024-01-17,,4.79,5372.8,1
EMP0020,Team B,Engineering,DevOps Engineer,EMP0344,HQ,2026-04-01,160.0,162.5,2.5,1.2,15,0,76.4,1,False,2025-08-14,,4.08,9642.5,1
EMP0134,Team F,Sales,Sales Manager,EMP0193,Remote,2025-12-01,160.0,158.2,3.3,2.5,8,2500,86.9,2,False,2023-03-16,,2.53,8483.8,1
EMP0352,Team H,Operations,Ops Analyst,EMP0100,Branch-West,2026-02-01,160.0,158.8,15.6,3.0,74,40,,0,False,2024-01-17,,3.67,5830.4,1
EMP0271,Team I,Operations,Ops Analyst,EMP0102,HQ,2026-05-01,160.0,162.1,2.1,2.7,43,40,85.5,4,False,2023-12-03,,4.16,5288.0,1
EMP0404,Team I,Operations,Ops Analyst,EMP0167,HQ,2025-09-01,160.0,154.9,0.3,1.0,60,40,63.2,1,False,2022-03-08,,4.35,4971.2,1
EMP0184,Team E,Marketing,Marketing Specialist,EMP0100,HQ,2026-02-01,160.0,162.1,2.1,0.0,10,300,74.4,0,False,2025-08-01,,4.88,5453.25,1
EMP0453,Team H,Sales,SDR,EMP0193,Remote,2026-07-01,160.0,170.3,24.5,0.8,22,150,74.0,0,False,2024-07-05,,,5797.4,1
EMP0287,Team D,Sales,SDR,EMP0033,Branch-West,2025-11-01,160.0,160.4,8.8,1.6,41,150,82.2,1,False,2025-01-08,,3.66,4860.8,1
EMP0303,Team D,Sales,Sales Manager,EMP0351,Branch-West,2026-04-01,160.0,162.8,2.8,0.4,11,2500,94.0,1,False,2024-10-26,,2.76,8684.0,1
EMP0122,Team H,Marketing,Content Creator,EMP0471,Branch-West,2025-11-01,160.0,156.7,3.1,2.1,23,150,53.0,1,False,2022-09-10,,3.35,4840.5,1
EMP0164,Team E,Sales,Sales Manager,EMP0422,Remote,2025-10-01,160.0,162.0,2.0,2.6,10,2500,70.0,1,False,2023-03-02,,3.86,8580.0,1
EMP0344,Team A,Sales,SDR,EMP0450,Remote,2025-09-01,160.0,160.9,0.9,1.9,47,150,35.3,1,False,2022-08-19,,2.95,4543.0,1
EMP0349,Team G,Sales,Account Executive,EMP0047,Branch-West,2026-08-01,160.0,154.9,0.9,0.1,16,2000,71.6,1,False,2021-12-13,,3.87,6250.0,1
EMP0286,Team J,Engineering,QA Engineer,EMP0162,Remote,2025-12-01,160.0,161.8,1.8,3.0,20,0,86.1,0,False,2021-12-01,,3.14,6909.0,1
EMP0178,Team D,Sales,Account Executive,EMP0480,Remote,2026-07-01,160.0,141.2,1.5,0.9,10,2000,75.3,3,False,2024-12-18,,3.42,5738.0,1
EMP0381,Team B,Engineering,Developer,EMP0259,Remote,2026-07-01,160.0,171.4,11.4,0.6,16,0,92.4,0,False,2025-04-07,,3.2,10367.5,1
EMP0339,Team H,Sales,Account Executive,EMP0035,HQ,2026-02-01,160.0,159.9,11.5,0.1,18,2000,,4,False,2024-04-19,,2.95,7086.0,1
EMP0339,Team H,Sales,Account Executive,EMP0035,HQ,2026-01-01,160.0,164.9,4.9,0.9,15,2000,68.4,0,False,2024-04-19,,3.95,6890.0,1
EMP0355,Team D,Engineering,Data Engineer,EMP0193,Remote,2025-09-01,160.0,161.8,7.4,,15,0,92.4,1,False,2022-01-13,,2.84,10374.0,1
EMP0446,Team G,Marketing,Content Creator,EMP0061,Remote,2026-01-01,160.0,142.4,3.0,0.7,20,150,77.6,1,False,2022-06-10,,3.85,4407.0,1
EMP0347,Team B,Support,Support Agent,EMP0453,HQ,2025-12-01,160.0,147.1,6.7,3.0,122,50,86.7,0,False,2023-01-12,,3.29,3771.6,1
EMP0061,Team J,Sales,Account Executive,EMP0193,Branch-East,2026-04-01,160.0,141.5,11.7,1.1,14,2000,68.7,2,False,2021-08-20,,4.73,6362.0,1
EMP0306,Team H,Marketing,Content Creator,EMP0333,HQ,2026-02-01,160.0,138.2,20.0,0.2,27,150,51.8,0,False,2025-10-08,,4.35,5046.0,1
EMP0443,Team F,Sales,Account Executive,EMP0480,Remote,2025-11-01,160.0,168.5,8.5,2.2,13,2000,80.7,4,False,2021-12-08,,4.24,7250.0,1
EMP0012,Team H,Marketing,Marketing Specialist,EMP0100,Branch-West,2026-07-01,160.0,166.8,11.2,0.1,10,300,74.3,2,False,2022-11-03,,2.76,6058.8,1
EMP0389,Team A,Operations,Ops Analyst,EMP0006,HQ,2026-06-01,160.0,149.5,1.0,0.0,52,40,90.4,2,False,2025-05-01,,3.36,4832.0,1
EMP0293,Team J,Operations,Ops Analyst,EMP0193,Remote,2025-12-01,160.0,163.2,3.2,1.4,68,40,57.3,0,False,2025-03-19,,,5376.0,1
EMP0354,Team C,Engineering,QA Engineer,EMP0422,Branch-East,2026-07-01,160.0,147.8,26.2,2.8,22,0,86.0,5,False,2023-12-07,,3.57,7858.2,1
EMP0273,team e,Marketing,Content Creator,EMP0438,Branch-West,2026-06-01,160.0,162.8,15.4,1.2,21,150,89.8,6,False,2025-06-28,,2.54,5577.0,1
EMP0084,Team A,Engineering,Developer,EMP0006,Branch-West,2026-01-01,160.0,161.4,1.4,,20,0,84.0,0,False,2024-05-20,,3.88,8992.5,1
EMP0163,Team I,Support,Support Agent,EMP0471,Branch-East,2026-03-01,160.0,163.0,17.3,2.3,112,50,96.5,1,False,2024-08-22,,3.27,4534.8,1
EMP0100,Team F,Engineering,Developer,EMP0480,Branch-West,2025-11-01,160.0,150.4,2.4,1.4,11,0,88.8,0,False,2023-06-05,,2.46,8470.0,1
EMP0330,  Team E  ,Engineering,DevOps Engineer,EMP0351,Branch-East,2026-07-01,160.0,141.8,4.8,0.4,12,0,90.4,2,False,2025-07-30,,3.2,8642.0,1
EMP0040,Team D,Sales,SDR,EMP0006,HQ,2025-11-01,160.0,167.9,9.5,0.3,41,150,97.4,1,False,2022-09-05,,2.78,5100.2,1
EMP0219,Team A,Support,Support Agent,EMP0480,Branch-East,2025-10-01,160.0,163.9,3.9,2.0,112,50,81.1,2,False,2021-12-22,,3.52,4074.0,1
EMP0467,Team A,Engineering,DevOps Engineer,EMP0303,Branch-East,2026-08-01,160.0,158.6,0.3,0.4,12,0,62.0,1,False,2023-08-15,,4.43,9224.9,1
EMP0245,Team H,Engineering,QA Engineer,EMP0351,HQ,2026-06-01,160.0,159.7,2.8,0.1,25,0,87.9,1,False,2024-08-16,,3.87,6883.8,1
EMP0037,Team I,Sales,Account Executive,EMP0277,Remote,2025-09-01,160.0,166.8,8.2,1.0,15,2000,71.6,4,False,2022-07-03,,2.96,7164.0,1
EMP0235,Team B,Engineering,DevOps Engineer,EMP0450,Remote,2026-05-01,160.0,160.2,3.9,1.2,18,0,90.7,0,False,2023-10-25,,4.27,9630.9,1
EMP0035,Team H,Marketing,Content Creator,EMP0351,Remote,2026-02-01,160.0,143.1,0.2,1.9,15,150,90.2,2,False,2022-07-26,,,4302.0,1
EMP0083,Team D,Sales,Account Executive,EMP0320,HQ,2025-12-01,160.0,149.1,15.5,1.2,11,2000,94.3,1,False,2025-05-17,,4.3,6894.0,1
EMP0323,Team C,Support,Support Agent,EMP0071,Remote,2025-11-01,160.0,152.1,2.4,0.8,104,50,65.0,0,False,2023-12-31,,3.23,3736.8,1
EMP0493,Team J,Engineering,Developer,EMP0033,Branch-West,2026-01-01,160.0,165.8,17.7,,16,0,83.0,2,False,2024-12-30,,3.07,10579.25,1
EMP0486,Team A,Marketing,Marketing Specialist,EMP0453,HQ,2026-02-01,160.0,157.4,9.5,1.2,9,300,62.0,0,False,2021-10-11,,3.22,5664.45,1
EMP0334,Team G,Engineering,DevOps Engineer,EMP0450,Branch-East,2026-07-01,160.0,160.0,0.0,0.2,12,0,76.9,4,False,2023-08-04,,3.15,9280.0,1
EMP0412,Team G,Marketing,Content Creator,EMP0303,Branch-East,2026-01-01,160.0,170.8,23.6,3.1,27,150,71.7,0,True,2025-02-28,2026-06-23,4.08,6186.0,1
EMP0212,Team H,Support,Support Lead,EMP0006,Remote,2025-09-01,160.0,165.2,5.2,1.0,78,60,85.4,5,False,2024-11-10,,2.33,5882.0,1
EMP0182,Team H,Engineering,Developer,EMP0217,Branch-East,2026-03-01,160.0,156.1,0.2,1.6,17,0,96.6,3,False,2025-08-26,,2.9,8602.0,1
EMP0081,Team H,Marketing,Content Creator,EMP0333,Remote,2026-01-01,160.0,165.1,5.1,0.6,15,150,96.3,5,False,2023-12-26,,3.12,5182.5,1
EMP0500,Team B,Marketing,Content Creator,EMP0243,Branch-East,2026-04-01,160.0,160.2,1.3,1.6,20,150,96.3,1,False,2023-12-17,,3.57,4864.5,1
EMP0268,Team G,Support,Support Lead,EMP0147,HQ,2026-05-01,160.0,162.2,2.2,,117,60,89.6,2,False,2022-06-15,,2.98,5627.0,1
EMP0009,Team C,Support,Support Lead,EMP0061,Branch-West,2026-06-01,160.0,160.2,0.2,2.3,108,60,56.5,1,False,2025-06-23,,4.1,5457.0,1
EMP0377,Team B,Operations,Ops Coordinator,EMP0243,Branch-East,2026-06-01,160.0,150.9,1.8,0.6,73,35,69.3,5,False,2025-12-07,,4.02,4147.2,1
EMP0288,Team I,Sales,SDR,EMP0471,Remote,2026-07-01,160.0,178.0,20.8,10.6,44,150,92.5,0,False,2023-09-20,,4.18,5857.6,1
EMP0237,Team J,Engineering,DevOps Engineer,EMP0077,HQ,2026-04-01,160.0,163.1,3.1,0.3,14,0,45.0,0,False,2021-10-17,,3.86,9729.5,1
EMP0422,Team A,operations,Ops Coordinator,EMP0147,Remote,2025-12-01,160.0,160.7,11.3,1.5,61,35,69.9,0,False,2024-02-15,,4.11,4796.55,1
EMP0450,Team I,Engineering,DevOps Engineer,,Remote,2025-12-01,160.0,158.6,9.0,0.3,4,0,40.2,0,False,2024-04-19,,2.53,9981.8,1
EMP0325,Team B,Marketing,Content Creator,EMP0376,Remote,2025-12-01,160.0,161.2,1.2,2.4,19,150,74.0,6,False,2024-06-07,,3.43,4890.0,1
EMP0285,Team C,sales,Account Executive,EMP0035,HQ,2026-03-01,160.0,156.2,1.5,1.7,18,2000,63.4,1,False,2024-09-15,,3.16,6338.0,1
EMP0290,Team B,Sales,Sales Manager,EMP0453,Remote,2026-05-01,160.0,158.4,2.2,0.2,12,2500,91.3,1,False,2022-01-31,,2.78,8408.4,1
EMP0185,Team B,Engineering,QA Engineer,EMP0450,HQ,2026-06-01,160.0,164.1,4.1,4.7,24,0,61.1,5,False,2025-08-09,,4.41,7150.5,1
EMP0184,Team E,Marketing,Marketing Specialist,EMP0100,,2026-06-01,160.0,163.4,6.3,0.4,12,300,50.1,5,False,2025-08-01,,,5704.05,1
EMP0265,Team B,Marketing,Marketing Specialist,EMP0006,Branch-West,2026-07-01,160.0,161.3,1.3,1.2,8,300,80.9,0,False,2022-09-06,,,5387.25,1
EMP0225,Team I,Engineering,Data Engineer,EMP0351,HQ,2025-10-01,160.0,155.2,0.8,1.5,19,0,86.8,2,False,2021-12-22,,4.07,9384.0,1
EMP0234,Team F,SALES,Sales Manager,EMP0280,Remote,2026-02-01,160.0,165.1,6.0,2.3,11,2500,89.3,2,False,2022-08-23,,4.02,9053.2,1
EMP0096,Team C,Sales,SDR,EMP0185,Remote,2025-11-01,160.0,150.5,4.1,0.6,37,150,56.3,0,True,2024-08-31,2025-11-12,3.24,4386.2,1
EMP0307,Team B,Sales,Sales Manager,EMP0320,Remote,2026-03-01,160.0,165.7,5.7,0.4,9,2500,72.4,2,False,2022-12-08,,4.4,9061.0,1
EMP0113,Team F,Marketing,Content Creator,EMP0476,Remote,2026-02-01,160.0,166.9,6.9,5.7,21,150,61.4,3,False,2025-12-11,,4.52,5317.5,1
EMP0261,Team B,Support,Support Lead,EMP0480,HQ,2025-12-01,160.0,162.3,3.6,2.7,61,60,76.5,3,False,2023-09-20,,2.85,5701.8,1
EMP0220,Team I,Operations,Ops Analyst,EMP0210,HQ,2026-05-01,160.0,169.7,11.4,0.9,70,40,69.7,1,False,2024-02-16,,3.59,5977.6,1
EMP0042,Team D,Sales,Account Executive,EMP0187,Remote,2026-02-01,160.0,153.2,1.5,2.1,18,2000,85.7,3,False,2025-05-18,,3.28,6218.0,1
EMP0093,Team G,Operations,Ops Coordinator,EMP0147,Remote,2026-05-01,160.0,151.2,11.5,1.5,103,35,83.7,0,False,2022-12-17,,3.52,4548.15,1
EMP0126,Team I,SALES,Sales Manager,EMP0077,Remote,2026-06-01,160.0,162.1,2.1,2.9,10,2500,65.7,0,False,2024-08-28,,3.07,8593.0,1
EMP0048,Team J,Sales,Account Executive,EMP0217,Remote,2026-03-01,160.0,153.0,4.1,0.3,13,2000,74.5,3,False,2023-11-16,,3.95,6366.0,1
EMP0203,Team B,Engineering,DevOps Engineer,EMP0280,Remote,2026-08-01,160.0,150.8,15.2,0.9,13,0,51.7,0,False,2025-08-16,,3.38,10068.8,1
EMP0121,Team C,OPERATIONS,Ops Coordinator,EMP0047,,2026-07-01,160.0,164.0,4.0,0.3,49,35,80.1,0,False,2026-02-03,,4.22,4590.0,1
EMP0264,Team A,Sales,Account Executive,EMP0187,Remote,2025-09-01,160.0,168.2,9.9,3.1,16,2000,77.8,4,False,2024-03-18,,3.83,7322.0,1
EMP0488,Team I,Engineering,QA Engineer,EMP0480,HQ,2026-04-01,160.0,159.1,0.9,0.0,18,0,81.9,0,False,2023-12-14,,2.98,6738.9,1
EMP0195,Team I,Sales,Account Executive,EMP0453,HQ,2026-07-01,160.0,157.0,0.6,0.1,12,2000,90.1,2,False,2025-07-05,,3.66,6316.0,1
EMP0312,Team B,Engineering,DevOps Engineer,EMP0320,Branch-West,2025-12-01,160.0,168.8,21.7,1.9,12,0,74.5,1,False,2023-02-28,,3.66,11678.3,1
EMP0403,Team J,Sales,Sales Manager,EMP0225,HQ,2026-05-01,160.0,151.2,0.3,1.6,9,2500,96.3,1,False,2024-10-14,,3.08,7885.8,1
EMP0215,Team I,Support,Support Agent,EMP0193,Branch-East,2026-04-01,160.0,161.5,11.5,4.1,108,50,50.1,0,False,2022-11-10,,3.92,4290.0,1
EMP0371,Team H,Engineering,QA Engineer,EMP0225,Branch-East,2025-09-01,160.0,162.4,2.4,,32,0,79.3,1,False,2024-02-11,,3.5,6972.0,1
EMP0198,Team C,Marketing,Content Creator,EMP0162,Remote,2026-05-01,160.0,155.4,2.2,0.5,23,150,76.6,0,False,2024-12-29,,3.17,4761.0,1
EMP0405,Team B,Sales,SDR,EMP0309,Remote,2026-01-01,160.0,162.1,2.1,,42,150,81.5,2,False,2024-10-13,,4.12,4627.0,1
EMP0306,Team H,Marketing,Content Creator,EMP0333,HQ,2025-12-01,160.0,161.7,1.7,0.4,12,150,27.3,3,False,2025-10-08,,3.66,4927.5,1
EMP0126,Team I,Sales,Sales Manager,EMP0077,Remote,2025-10-01,160.0,167.3,8.6,0.2,11,2500,69.4,1,False,2024-08-28,,3.62,9370.4,1
EMP0219,Team A,Support,Support Agent,EMP0480,Branch-East,2026-02-01,160.0,161.3,1.6,1.5,107,50,51.4,0,False,2021-12-22,,3.73,3928.8,1
EMP0272,Team J,Operations,Ops Analyst,EMP0167,HQ,2025-12-01,160.0,161.0,1.0,0.4,44,40,76.1,1,False,2025-10-20,,4.05,5200.0,1
EMP0100,Team F,Engineering,Developer,EMP0480,Branch-West,2026-08-01,160.0,157.4,10.1,0.3,20,0,78.1,1,False,2023-06-05,,4.6,9490.25,1
EMP0219,Team A,Support,Support Agent,EMP0480,,2025-12-01,160.0,164.6,15.0,1.7,128,50,42.0,2,False,2021-12-22,,2.84,4490.4,1
EMP0378,Team D,Engineering,Developer,EMP0177,Remote,2026-03-01,160.0,168.6,20.2,,17,0,65.8,0,False,2023-07-16,,3.03,10939.5,1
EMP0362,Team D,Support,Support Agent,EMP0033,Remote,2025-12-01,160.0,160.6,9.2,1.5,73,50,63.7,3,False,2025-10-15,,3.22,4185.6,1
EMP0133,Team E,Engineering,Developer,EMP0147,HQ,2025-09-01,160.0,155.5,5.4,2.1,19,0,,0,False,2025-01-07,,2.73,8998.0,1
EMP0185,Team B,Engineering,QA Engineer,EMP0450,HQ,2026-01-01,160.0,145.7,4.2,1.7,26,0,83.4,1,False,2025-08-09,,3.57,6384.0,1
EMP0235,Team B,Engineering,DevOps Engineer,EMP0450,Remote,2025-11-01,160.0,161.2,14.5,1.1,16,0,76.4,0,False,2023-10-25,,4.1,10611.1,1
EMP0246,Team B,Marketing,Marketing Specialist,EMP0355,,2025-12-01,160.0,150.5,16.6,0.4,8,300,91.6,2,False,2024-11-20,,3.1,5788.2,1
EMP0214,Team A,Engineering,Data Engineer,EMP0453,Remote,2025-09-01,160.0,159.1,3.7,,11,0,79.1,0,False,2022-08-17,,3.42,9879.0,1
EMP0107,Team F,Sales,Sales Manager,EMP0420,Remote,2026-08-01,160.0,166.1,11.2,1.9,10,2500,90.9,1,False,2024-02-15,,3.69,9510.8,1
EMP0007,Team E,Engineering,Data Engineer,EMP0355,Branch-West,2025-11-01,160.0,161.8,1.8,1.0,23,0,77.3,1,False,2022-05-29,,3.52,9870.0,1
EMP0423,Team D,Engineering,QA Engineer,EMP0277,HQ,2026-08-01,160.0,151.7,7.5,,38,0,20.6,0,False,2022-02-23,,3.48,6843.9,1
EMP0263,Team D,Engineering,Developer,EMP0450,Remote,2026-04-01,160.0,164.3,29.0,0.5,21,0,72.0,0,False,2022-07-26,,2.31,11429.0,1
EMP0008,Team B,Marketing,Marketing Specialist,EMP0457,Remote,2026-01-01,160.0,155.1,20.4,4.0,14,300,89.9,0,False,2025-09-18,,,6128.1,1
EMP0289,Team B,Engineering,DevOps Engineer,EMP0480,Remote,2026-02-01,160.0,162.0,2.0,2.1,17,0,93.7,4,False,2023-10-15,,3.19,9570.0,1
EMP0132,Team A,Engineering,QA Engineer,EMP0035,Remote,2026-02-01,160.0,160.0,7.9,0.6,31,0,71.9,0,True,2025-05-31,2026-05-06,3.83,7217.7,1
EMP0483,Team J,SALES,Account Executive,EMP0392,HQ,2025-10-01,160.0,160.7,0.7,0.9,11,2000,94.0,1,True,2024-12-03,2026-07-15,4.83,6470.0,1
EMP0088,Team E,Support,Support Agent,EMP0199,Branch-East,2026-02-01,160.0,163.2,3.2,0.8,115,50,64.3,1,False,2025-04-28,,3.49,4032.0,1
EMP0386,Team H,Operations,Ops Coordinator,EMP0259,HQ,2026-08-01,160.0,160.7,1.7,0.5,69,35,92.1,0,False,2023-10-22,,3.21,4407.75,1
EMP0485,Team D,Sales,SDR,EMP0471,HQ,2026-04-01,160.0,161.5,1.9,2.4,38,150,48.4,0,False,2024-05-27,,2.8,4601.8,1
EMP0296,Team I,Sales,Account Executive,EMP0450,HQ,2026-01-01,160.0,159.1,4.3,1.0,18,2000,89.5,1,False,2023-04-24,,3.78,6622.0,1
EMP0341,Team C,Sales,Account Executive,EMP0061,Branch-East,2026-03-01,160.0,157.1,0.1,0.2,15,2000,62.9,0,False,2023-04-15,,2.76,6290.0,1
EMP0257,Team A,Marketing,Marketing Specialist,EMP0476,Remote,2026-05-01,160.0,151.5,1.0,2.0,13,300,88.5,3,False,2025-05-28,,3.05,5049.0,1
EMP0495,Team E,Sales,Sales Manager,EMP0476,Remote,2026-07-01,160.0,161.8,1.8,0.1,9,2500,75.5,8,False,2025-09-22,,2.89,8554.0,1
EMP0264,Team A,Sales,Account Executive,EMP0187,Remote,2026-08-01,160.0,161.3,1.3,1.9,17,2000,60.5,0,False,2024-03-18,,4.11,6530.0,1
EMP0354,Team C,Engineering,QA Engineer,EMP0422,,2026-06-01,160.0,165.9,5.9,1.2,37,0,83.5,2,False,2023-12-07,,3.13,7339.5,1
EMP0038,Team J,Engineering,DevOps Engineer,EMP0199,Branch-West,2026-01-01,160.0,146.0,3.3,3.5,11,0,87.0,1,False,2023-04-29,,3.86,8755.1,1
EMP0189,Team I,Sales,SDR,EMP0218,HQ,2026-08-01,160.0,160.5,0.5,0.4,44,150,87.7,1,False,2021-12-23,,3.86,4515.0,1
EMP0440,Team G,Engineering,Developer,EMP0318,HQ,2026-05-01,160.0,151.3,0.4,0.2,21,0,63.6,0,False,2025-09-25,,3.69,8354.5,1
EMP0445,Team G,Operations,Ops Analyst,EMP0309,Remote,2025-10-01,160.0,150.3,5.7,2.5,59,40,84.6,2,False,2025-03-25,,3.04,5083.2,1
EMP0404,Team I,Operations,Ops Analyst,EMP0167,HQ,2026-04-01,160.0,160.5,0.5,3.1,58,40,82.2,5,False,2022-03-08,,3.49,5160.0,1
EMP0160,Team C,Support,Support Agent,EMP0450,HQ,2026-03-01,160.0,172.7,12.7,3.6,112,50,64.5,0,False,2024-08-10,,3.4,4602.0,1
EMP0112,Team A,Engineering,Developer,EMP0471,HQ,2026-08-01,160.0,161.9,1.9,0.9,19,0,89.1,0,False,2025-06-20,,2.8,9061.25,1
EMP0369,Team F,Engineering,Developer,EMP0100,Remote,2026-07-01,160.0,162.0,5.6,,18,0,74.1,0,False,2023-07-03,,4.26,9372.0,1
EMP0351,Team F,Sales,Sales Manager,,Branch-West,2025-12-01,160.0,153.6,2.0,0.4,9,2500,95.0,0,False,2022-07-22,,3.12,8143.2,1
EMP0492,Team B,Support,Support Lead,EMP0162,Remote,2026-07-01,160.0,151.5,10.4,7.2,83,60,72.1,2,False,2022-05-06,,3.37,5681.4,1
EMP0295,Team F,Engineering,Developer,EMP0035,Remote,2026-03-01,160.0,149.7,0.7,3.1,16,0,73.4,0,False,2023-06-07,,3.12,8291.25,1
EMP0198,Team C,Marketing,Content Creator,EMP0162,Remote,2025-12-01,160.0,161.9,7.9,,16,150,94.9,0,False,2024-12-29,,3.16,5212.5,1
EMP0119,Team I,Marketing,Content Creator,EMP0218,Remote,2026-07-01,160.0,160.2,3.1,2.8,14,150,88.8,2,False,2023-05-10,,3.11,4945.5,1
EMP0442,Team A,Marketing,Marketing Specialist,EMP0280,,2026-06-01,160.0,150.7,4.0,1.2,11,300,42.9,3,False,2022-02-19,,2.47,5171.1,1
EMP0238,Team E,Engineering,QA Engineer,EMP0277,Branch-East,2025-10-01,160.0,144.8,0.6,4.2,24,0,60.1,1,False,2022-10-24,,4.08,6119.4,1
EMP0135,Team C,Marketing,Content Creator,EMP0471,HQ,2026-02-01,160.0,149.2,5.2,1.3,26,150,80.3,2,False,2021-10-07,,3.29,4710.0,1
EMP0032,Team A,Engineering,QA Engineer,EMP0351,Branch-West,2026-07-01,160.0,166.7,16.2,0.5,20,0,68.0,0,False,2024-01-28,,4.31,8022.0,1
EMP0161,TEAM E,Sales,Account Executive,EMP0277,Branch-West,2026-06-01,160.0,171.7,12.3,0.8,22,2000,85.1,0,False,2021-09-11,,4.27,7606.0,1
EMP0373,Team B,Engineering,QA Engineer,EMP0006,HQ,2026-01-01,160.0,143.3,0.1,2.6,28,0,81.3,0,False,2021-12-23,,4.31,6024.9,1
EMP0206,Team C,Engineering,DevOps Engineer,EMP0476,HQ,2025-12-01,160.0,152.9,0.9,0.7,13,0,74.2,1,False,2025-06-19,,4.26,8946.5,1
EMP0222,Team I,Sales,SDR,EMP0218,Branch-East,2025-11-01,160.0,158.9,18.6,,33,150,57.9,3,False,2023-02-12,,4.0,5230.4,1
EMP0166,Team I,Operations,Ops Coordinator,EMP0035,Branch-West,2026-07-01,160.0,133.5,3.9,1.0,71,35,67.2,3,False,2024-10-04,,3.62,3762.45,1
EMP0026,Team F,Operations,Ops Analyst,EMP0185,Remote,2025-10-01,160.0,158.7,35.9,0.2,83,40,57.0,1,False,2025-04-06,,,6801.6,1
EMP0449,Team F,Sales,Sales Manager,EMP0450,HQ,2025-09-01,160.0,159.0,4.2,3.1,9,2500,69.8,0,False,2025-01-09,,3.36,8595.6,1
EMP0204,Team G,Marketing,Content Creator,EMP0035,Remote,2026-01-01,160.0,156.2,10.6,2.8,22,150,64.5,7,False,2023-12-04,,2.97,5163.0,1
EMP0091,Team B,Engineering,QA Engineer,EMP0035,Branch-East,2026-05-01,160.0,161.3,5.7,1.9,31,0,75.2,3,False,2022-10-13,,3.16,7133.7,1
EMP0376,Team E,Sales,SDR,EMP0193,Branch-West,2025-10-01,160.0,160.5,0.5,0.2,41,150,65.9,2,True,2022-03-01,2026-06-17,4.02,4515.0,1
EMP0203,Team B,Engineering,DevOps Engineer,EMP0280,Remote,2025-11-01,160.0,160.0,2.3,,15,0,85.5,1,False,2025-08-16,,3.31,9480.1,1
EMP0424,Team G,Sales,Account Executive,EMP0471,Remote,2026-05-01,160.0,156.8,7.4,1.3,19,2000,73.1,2,False,2025-03-25,,3.36,6716.0,1
EMP0190,Team D,Engineering,QA Engineer,EMP0259,,2026-06-01,160.0,160.2,0.2,6.1,23,0,88.1,0,False,2022-09-18,,3.37,6741.0,1
EMP0182,Team H,Engineering,Developer,EMP0217,Branch-East,2025-09-01,160.0,162.5,2.5,2.0,19,0,46.6,1,False,2025-08-26,,3.37,9143.75,1
EMP0157,  Team G  ,Support,Support Lead,EMP0035,Branch-East,2026-05-01,160.0,162.1,13.3,0.1,113,60,78.4,0,False,2024-11-27,,3.88,6189.7,1
EMP0446,Team G,Marketing,Content Creator,EMP0061,Remote,2026-02-01,160.0,163.8,5.8,2.7,18,150,90.4,0,False,2022-06-10,,3.62,5175.0,1
EMP0422,Team A,Operations,Ops Coordinator,EMP0147,Remote,2026-01-01,160.0,157.1,18.2,0.4,63,35,,6,False,2024-02-15,,2.66,4978.8,1
EMP0022,Team E,Engineering,QA Engineer,EMP0245,Remote,2026-04-01,160.0,165.1,6.2,2.0,22,0,57.3,2,False,2023-06-03,,3.49,7324.8,1
EMP0074,Team H,OPERATIONS,Ops Coordinator,EMP0450,HQ,2025-10-01,160.0,161.9,1.9,5.8,76,35,64.9,0,False,2023-04-13,,3.68,4448.25,1
EMP0468,Team A,Marketing,Marketing Specialist,EMP0259,HQ,2025-10-01,160.0,162.3,2.3,1.3,11,300,82.1,4,False,2021-09-19,,3.93,5469.75,1
EMP0115,Team A,Support,Support Agent,EMP0085,,2026-02-01,160.0,157.5,3.3,0.3,136,50,94.6,1,False,2023-09-29,,4.94,3898.8,1
EMP0277,Team A,Operations,Ops Coordinator,EMP0480,HQ,2025-10-01,160.0,160.1,0.1,0.5,83,35,52.2,2,False,2024-02-14,,3.46,4326.75,1
EMP0086,Team H,Sales,Sales Manager,EMP0217,Branch-East,2025-10-01,160.0,164.3,15.1,1.8,6,2500,64.0,0,False,2023-08-16,,2.9,9721.4,1
EMP0430,Team I,Engineering,Data Engineer,EMP0318,HQ,2025-12-01,160.0,154.0,2.9,1.0,11,0,80.6,5,False,2025-11-18,,2.41,9501.0,1
EMP0256,Team F,Sales,Account Executive,EMP0300,Remote,2026-03-01,160.0,141.1,14.3,0.1,13,2000,90.4,0,True,2025-12-14,2026-04-05,2.27,6502.0,1
EMP0292,Team A,Engineering,QA Engineer,EMP0225,Remote,2026-05-01,160.0,147.8,0.6,0.9,24,0,92.4,0,False,2023-01-21,,3.93,6245.4,1
EMP0011,Team B,Engineering,Developer,EMP0217,Remote,2026-08-01,160.0,153.9,2.0,0.7,16,0,89.9,1,False,2025-08-31,,3.99,8629.5,1
EMP0065,Team C,  Engineering  ,DevOps Engineer,EMP0199,HQ,2026-04-01,160.0,165.2,5.2,0.5,6,0,55.1,6,False,2025-05-06,,3.93,10034.0,1
EMP0001,Team G,Sales,SDR,EMP0218,Remote,2026-01-01,160.0,150.3,15.5,1.1,47,150,82.2,0,False,2025-02-25,,4.07,4859.4,1
EMP0418,Team J,Sales,Account Executive,EMP0392,Branch-West,2026-03-01,160.0,153.7,13.3,3.2,14,2000,65.9,0,False,2025-06-01,,3.21,6946.0,1
EMP0047,Team C,Sales,Account Executive,EMP0450,Remote,2026-04-01,160.0,167.5,9.6,0.6,9,2000,43.7,9,False,2023-12-23,,4.03,7276.0,1
EMP0001,Team G,Sales,SDR,EMP0218,Remote,2026-03-01,160.0,169.5,9.5,0.6,40,150,98.1,0,False,2025-02-25,,2.96,5145.0,1
EMP0093,Team G,OPERATIONS,Ops Coordinator,EMP0147,,2026-02-01,160.0,137.1,3.0,0.4,64,35,83.4,1,False,2022-12-17,,3.91,3823.2,1
EMP0261,Team B,Support,Support Lead,EMP0480,HQ,2025-10-01,160.0,158.2,7.9,3.6,85,60,93.2,4,False,2023-09-20,,4.43,5781.7,1
EMP0107,Team F,Sales,Sales Manager,EMP0420,Remote,2026-05-01,160.0,142.0,7.1,1.0,11,2500,83.1,0,False,2024-02-15,,3.21,7937.8,1
EMP0260,Team C,Engineering,QA Engineer,EMP0187,HQ,2026-03-01,160.0,163.9,3.9,0.6,35,0,60.3,1,False,2025-12-23,,3.64,7129.5,1
EMP0024,Team G,Sales,SDR,EMP0434,Remote,2025-12-01,160.0,158.0,8.2,2.6,28,150,86.3,1,False,2024-05-13,,2.94,4768.4,1
EMP0117,Team C,Operations,Ops Analyst,EMP0033,HQ,2026-01-01,160.0,164.2,4.2,0.5,47,40,88.8,0,False,2022-11-16,,3.4,5456.0,1
EMP0287,Team D,Sales,SDR,EMP0033,Branch-West,2025-09-01,160.0,162.5,7.6,3.1,50,150,63.4,5,False,2025-01-08,,3.57,4869.2,1
EMP0375,Team A,Engineering,Data Engineer,EMP0187,Branch-East,2026-01-01,160.0,151.6,5.3,5.5,14,0,84.4,1,False,2024-12-29,,3.22,9573.0,1
EMP0240,Team E,Engineering,DevOps Engineer,EMP0259,Branch-East,2025-11-01,160.0,162.9,2.9,3.0,14,0,70.6,5,False,2025-10-21,,2.75,9700.5,1
EMP0353,Team A,Support,Support Lead,EMP0470,Remote,2026-05-01,160.0,170.4,10.4,0.4,79,60,96.3,3,False,2023-08-26,,2.81,6324.0,1
EMP0344,Team A,Sales,SDR,EMP0450,Remote,2026-03-01,160.0,151.2,7.4,0.1,28,150,81.3,0,False,2022-08-19,,3.14,4544.4,1
EMP0258,Team I,Support,Support Agent,EMP0210,,2025-09-01,160.0,160.5,0.5,0.2,124,50,88.3,2,False,2025-07-29,,3.44,3870.0,1
EMP0160,Team C,Support,Support Agent,EMP0450,HQ,2026-04-01,160.0,162.2,2.2,0.2,69,50,32.2,15,False,2024-08-10,,2.43,3972.0,1
EMP0489,Team C,Marketing,Marketing Specialist,EMP0471,Remote,2026-04-01,160.0,159.3,32.3,3.8,8,300,52.3,8,False,2024-06-30,,3.38,6855.75,1
EMP0232,Team H,Sales,Sales Manager,EMP0318,HQ,2026-08-01,160.0,146.3,12.8,0.7,11,2500,53.8,0,False,2023-10-14,,3.9,8606.0,1
EMP0271,Team I,Operations,Ops Analyst,EMP0102,HQ,2026-06-01,160.0,147.3,3.0,1.8,48,40,74.3,0,False,2023-12-03,,3.69,4857.6,1
EMP0446,Team G,Marketing,Content Creator,EMP0061,Remote,2026-06-01,160.0,155.7,2.2,0.2,18,150,73.1,2,False,2022-06-10,,3.56,4770.0,1
EMP0132,Team A,Engineering,QA Engineer,EMP0035,Remote,2025-11-01,160.0,162.3,2.3,1.3,22,0,55.8,8,True,2025-05-31,2026-05-06,2.15,6961.5,1
EMP0347,Team B,Support,Support Agent,EMP0453,HQ,2025-11-01,160.0,169.1,9.1,2.0,111,50,94.5,6,False,2023-01-12,,3.47,4386.0,1
EMP0383,  Team I  ,Support,Support Agent,EMP0457,,2026-02-01,160.0,160.0,0.0,3.9,89,50,91.9,0,False,2021-09-07,,3.51,3840.0,1
EMP0471,Team D,Engineering,QA Engineer,EMP0147,Branch-East,2026-08-01,160.0,163.2,3.2,0.8,23,0,53.2,1,False,2024-07-01,,2.47,7056.0,1
EMP0236,Team J,Support,Support Agent,EMP0225,Remote,2026-07-01,160.0,160.1,0.1,0.8,121,50,57.6,2,False,2021-11-04,,4.0,3846.0,1
EMP0196,Team B,Sales,Sales Manager,EMP0245,HQ,2026-03-01,160.0,164.9,4.9,2.2,12,2500,52.9,0,False,2024-03-06,,3.29,8957.0,1
EMP0353,Team A,Support,Support Lead,EMP0470,Remote,2026-02-01,160.0,165.0,5.2,3.5,100,60,68.7,1,False,2023-08-26,,4.37,5875.2,1
EMP0175,Team D,Support,Support Lead,EMP0344,HQ,2026-06-01,160.0,163.5,3.5,0.6,84,60,82.1,1,False,2022-10-14,,3.15,5737.5,1
EMP0275,Team E,Sales,Sales Manager,EMP0420,Remote,2025-09-01,160.0,150.6,4.0,0.9,7,2500,69.1,0,False,2025-03-15,,4.62,8143.2,1
EMP0472,Team A,Marketing,Marketing Specialist,EMP0471,Remote,2025-12-01,160.0,155.2,5.7,0.2,6,300,45.9,0,False,2023-02-14,,4.3,5403.75,1
EMP0248,Team H,Marketing,Marketing Specialist,EMP0061,HQ,2026-02-01,160.0,163.3,8.4,,12,300,61.5,0,False,2022-06-20,,2.76,5804.7,1
EMP0402,Team H,Marketing,Marketing Specialist,EMP0085,Branch-West,2026-04-01,160.0,157.0,2.0,1.3,13,300,82.4,0,False,2022-02-23,,3.39,5280.0,1
EMP0149,Team J,Engineering,QA Engineer,EMP0071,,2026-06-01,160.0,162.0,2.0,3.0,23,0,80.5,3,False,2022-08-29,,4.33,6930.0,1
EMP0422,Team A,Operations,Ops Coordinator,EMP0147,Remote,2025-11-01,160.0,159.2,2.7,1.1,43,35,86.6,6,False,2024-02-15,,3.53,4407.75,1
EMP0216,Team G,Engineering,DevOps Engineer,EMP0293,Remote,2025-11-01,160.0,166.3,14.7,,18,0,14.0,1,False,2025-01-28,,2.88,10924.3,1
EMP0118,Team F,Engineering,QA Engineer,EMP0392,HQ,2025-11-01,160.0,152.3,9.9,2.8,24,0,83.4,2,False,2023-06-17,,,7020.3,1
EMP0458,Team H,Sales,SDR,EMP0177,Remote,2026-05-01,160.0,145.1,0.5,,35,150,71.4,0,False,2024-02-18,,3.88,4083.8,1
EMP0023,Team E,Engineering,QA Engineer,EMP0147,Remote,2026-01-01,160.0,157.4,7.3,0.7,25,0,62.2,6,False,2023-07-21,,3.71,7070.7,1
EMP0007,Team E,Engineering,Data Engineer,EMP0355,Branch-West,2026-01-01,160.0,157.3,0.9,3.3,18,0,59.1,2,False,2022-05-29,,4.39,9519.0,1
EMP0160,Team C,Support,Support Agent,EMP0450,HQ,2026-02-01,160.0,147.6,7.2,1.3,90,50,66.6,0,False,2024-08-10,,4.38,3801.6,1
EMP0331,Team E,Sales,SDR,EMP0449,Branch-West,2025-09-01,160.0,152.1,10.6,1.1,34,150,76.5,1,False,2025-01-10,,4.38,4704.0,1
EMP0362,Team D,Support,Support Agent,EMP0033,Remote,2025-11-01,160.0,158.2,24.2,6.0,194,50,95.5,1,False,2025-10-15,,3.81,4668.0,1
EMP0012,Team H,Marketing,Marketing Specialist,EMP0100,Branch-West,2026-06-01,160.0,154.5,2.6,1.3,6,300,56.4,0,False,2022-11-03,,4.44,5227.2,1
EMP0130,Team G,Sales,SDR,EMP0351,HQ,2026-05-01,160.0,139.3,1.5,1.0,47,150,55.3,0,False,2025-04-15,,3.36,3963.4,1
EMP0196,Team B,Sales,Sales Manager,EMP0245,HQ,2026-04-01,160.0,166.4,18.1,5.3,9,2500,88.4,2,False,2024-03-06,,3.0,10064.6,1
EMP0458,  Team H  ,Sales,SDR,EMP0177,Remote,2026-06-01,160.0,156.1,8.0,0.6,46,150,62.8,4,False,2024-02-18,,3.72,4706.8,1
EMP0454,Team G,Marketing,Marketing Specialist,EMP0162,HQ,2026-08-01,160.0,166.8,7.9,0.5,15,300,81.4,1,False,2023-08-22,,3.73,5895.45,1
EMP0207,Team F,Engineering,DevOps Engineer,EMP0167,Remote,2026-05-01,160.0,154.5,12.7,,13,0,93.4,7,False,2025-05-18,,4.0,10065.9,1
EMP0309,Team H,Operations,Ops Analyst,EMP0351,Remote,2025-12-01,160.0,160.6,8.7,1.6,62,40,74.6,0,False,2024-04-22,,3.72,5556.8,1
EMP0441,Team E,Engineering,Developer,EMP0006,Branch-East,2026-07-01,160.0,159.4,0.6,0.2,19,0,41.3,2,False,2024-06-21,,4.06,8816.5,1
EMP0337,Team I,Operations,Ops Coordinator,EMP0243,Remote,2025-12-01,160.0,161.4,1.4,,63,35,85.4,2,False,2022-12-31,,2.94,4414.5,1
EMP0453,Team H,Sales,SDR,EMP0193,Remote,2026-02-01,160.0,147.4,0.9,0.0,36,150,60.2,2,False,2024-07-05,,2.39,4165.0,1
EMP0280,Team I,Operations,Ops Coordinator,EMP0193,Branch-East,2025-11-01,160.0,159.6,5.1,0.1,61,35,78.1,0,False,2022-01-05,,3.4,4515.75,1
EMP0093,Team G,Operations,Ops Coordinator,EMP0147,Remote,2025-12-01,160.0,164.5,19.0,0.5,57,35,66.1,1,False,2022-12-17,,3.9,5211.0,1
EMP0164,Team E,Sales,Sales Manager,EMP0422,Remote,2025-11-01,160.0,157.8,13.7,0.7,11,2500,72.6,2,False,2023-03-02,,3.8,9274.2,1
EMP0037,Team I,Sales,Account Executive,EMP0277,Remote,2025-12-01,160.0,162.2,2.2,0.5,16,2000,79.8,3,False,2022-07-03,,3.83,6620.0,1
EMP0331,Team E,Sales,SDR,EMP0449,Branch-West,2026-01-01,160.0,159.0,6.9,0.2,47,150,85.9,1,False,2025-01-10,,4.74,4741.8,1
EMP0212,Team H,Support,Support Lead,EMP0006,Remote,2026-08-01,160.0,160.6,0.6,0.2,109,60,81.4,3,False,2024-11-10,,3.18,5491.0,1
EMP0414,Team A,Sales,SDR,EMP0225,Remote,2025-12-01,160.0,143.2,11.6,0.9,30,150,74.5,2,False,2024-03-18,,2.53,4496.8,1
EMP0053,Team B,Marketing,Marketing Specialist,EMP0100,Remote,2026-02-01,160.0,136.1,5.4,0.1,13,300,79.0,0,False,2022-09-20,,2.77,4758.6,1
EMP0006,Team E,Engineering,Developer,EMP0351,HQ,2025-12-01,160.0,143.5,13.9,3.2,16,0,70.2,0,False,2023-08-19,,3.87,9039.25,1
EMP0065,Team C,Engineering,DevOps Engineer,EMP0199,HQ,2025-09-01,160.0,168.1,12.3,3.9,17,0,96.2,2,False,2025-05-06,,4.25,10819.9,1
EMP0031,Team F,Support,Support Agent,EMP0100,,2025-10-01,160.0,161.1,9.3,0.5,85,50,76.7,1,False,2022-09-27,,3.74,4201.2,1
EMP0277,Team A,Operations,Ops Coordinator,EMP0480,HQ,2026-02-01,160.0,141.6,2.4,0.6,79,35,65.5,0,False,2024-02-14,,3.08,3920.4,1
EMP0128,Team C,Marketing,Marketing Specialist,EMP0077,HQ,2026-07-01,160.0,161.3,7.6,1.0,11,300,81.1,2,False,2022-10-12,,,5699.1,1
EMP0205,Team E,Support,Support Lead,EMP0449,Remote,2026-06-01,160.0,155.9,2.6,0.1,102,60,94.9,0,False,2024-03-02,,3.54,5433.2,1
EMP0366,Team H,Sales,SDR,EMP0434,HQ,2026-04-01,160.0,135.5,9.8,1.4,42,150,69.4,4,False,2022-12-12,,4.12,4205.6,1
EMP0416,Team D,Sales,Account Executive,EMP0450,Branch-East,2025-11-01,160.0,155.0,4.0,0.9,13,2000,51.8,1,False,2025-02-23,,3.67,6440.0,1
EMP0287,Team D,Sales,SDR,EMP0033,Branch-West,2026-05-01,160.0,166.1,6.1,2.4,36,150,89.9,1,False,2025-01-08,,5.0,4907.0,1
EMP0421,Team C,Operations,Ops Coordinator,EMP0303,Branch-East,2026-06-01,160.0,149.0,0.8,4.0,75,35,91.3,0,False,2026-01-13,,3.38,4055.4,1
EMP0229,Team C,Marketing,Marketing Specialist,EMP0449,HQ,2026-01-01,160.0,167.5,22.9,0.0,10,300,42.6,5,False,2024-07-13,,3.37,6661.05,1
EMP0227,Team A,Marketing,Content Creator,EMP0351,Remote,2025-10-01,160.0,165.2,22.8,2.3,24,150,,3,False,2022-02-05,,,5982.0,1
EMP0230,Team G,Support,Support Lead,EMP0280,HQ,2025-12-01,160.0,155.8,9.4,1.2,52,60,57.3,1,False,2024-09-03,,3.2,5776.6,1
EMP0175,Team D,Support,Support Lead,EMP0344,HQ,2025-10-01,160.0,161.9,1.9,0.1,114,60,76.7,0,False,2022-10-14,,4.0,5601.5,1
EMP0195,Team I,Sales,Account Executive,EMP0453,HQ,2026-05-01,160.0,162.7,3.4,4.1,12,2000,63.0,2,False,2025-07-05,,3.78,6712.0,1
EMP0442,Team A,Marketing,Marketing Specialist,EMP0280,Branch-East,2026-01-01,160.0,156.2,14.9,0.5,15,300,78.8,0,False,2022-02-19,,2.46,5892.15,1
EMP0312,Team B,Engineering,DevOps Engineer,EMP0320,Branch-West,2026-08-01,160.0,145.0,1.0,0.7,21,0,69.9,3,False,2023-02-28,,3.35,8497.0,1
EMP0239,Team C,Support,Support Agent,EMP0296,Remote,2026-06-01,160.0,147.5,6.8,1.1,112,50,55.3,3,False,2023-05-19,,3.78,3784.8,1
EMP0053,Team B,  Marketing  ,Marketing Specialist,EMP0100,Remote,2025-12-01,160.0,148.4,1.1,1.0,5,300,59.1,4,False,2022-09-20,,4.47,4951.65,1
EMP0392,Team I,sales,Account Executive,EMP0351,Branch-West,2026-03-01,160.0,161.3,3.0,1.1,17,2000,86.7,3,False,2023-03-21,,4.54,6632.0,1
EMP0314,Team E,Marketing,Content Creator,EMP0422,Remote,2025-12-01,160.0,153.7,0.5,,11,150,52.7,0,False,2025-11-14,,2.87,4633.5,1
EMP0417,Team E,Engineering,Developer,EMP0450,Remote,2026-01-01,160.0,167.1,7.1,1.0,17,0,72.1,1,False,2022-10-07,,2.75,9776.25,1
EMP0195,Team I,Sales,Account Executive,EMP0453,HQ,2026-06-01,160.0,147.4,2.5,4.3,11,2000,77.4,1,False,2025-07-05,,4.27,6046.0,1
EMP0069,Team F,Engineering,QA Engineer,EMP0218,Branch-East,2025-10-01,160.0,150.2,0.8,1.3,24,0,80.6,2,False,2024-09-25,,3.75,6358.8,1
EMP0420,Team D,Operations,Ops Analyst,EMP0193,Remote,2025-10-01,160.0,163.5,3.5,0.7,49,40,91.8,5,False,2025-05-29,,,5400.0,1
EMP0068,Team J,Operations,Ops Analyst,EMP0434,Remote,2026-02-01,160.0,162.1,2.1,3.0,58,40,96.7,1,False,2024-04-02,,,5288.0,1
EMP0441,Team E,Engineering,Developer,EMP0006,Branch-East,2025-11-01,160.0,160.6,0.6,0.1,21,0,48.4,3,False,2024-06-21,,4.42,8882.5,1
EMP0187,Team C,Operations,Ops Analyst,EMP0351,HQ,2026-07-01,160.0,163.9,8.7,5.7,60,40,60.6,1,False,2025-09-30,,3.58,5662.4,1
EMP0329,Team B,Sales,SDR,EMP0006,Remote,2026-02-01,160.0,164.4,4.4,1.3,39,150,85.7,7,False,2026-01-16,,,4788.0,1
EMP0028,Team A,Sales,Account Executive,EMP0047,Remote,2025-12-01,160.0,141.0,3.8,0.2,14,2000,85.9,1,False,2024-12-15,,3.92,5868.0,1
EMP0171,Team G,Support,Support Agent,EMP0303,HQ,2026-06-01,160.0,151.9,10.1,0.8,149,50,78.7,3,False,2022-11-02,,3.42,4009.2,1
EMP0294,Team C,Sales,Account Executive,EMP0318,Remote,2026-02-01,160.0,162.0,2.0,1.5,16,2000,88.5,1,False,2023-01-18,,3.68,6600.0,1
EMP0091,Team B,Engineering,QA Engineer,EMP0035,Branch-East,2026-03-01,160.0,144.2,3.1,0.7,32,0,91.5,2,False,2022-10-13,,4.25,6251.7,1
EMP0491,Team B,Sales,Sales Manager,EMP0193,Remote,2026-04-01,160.0,163.8,8.2,0.9,9,2500,76.8,0,False,2023-07-23,,4.29,9157.2,1
EMP0078,Team B,Engineering,DevOps Engineer,EMP0293,Remote,2026-02-01,160.0,158.4,12.8,0.2,12,0,68.7,1,False,2025-09-04,,3.49,10300.8,1
EMP0189,Team I,Sales,SDR,EMP0218,HQ,2026-06-01,160.0,161.8,1.8,0.2,37,150,48.9,2,False,2021-12-23,,3.43,4606.0,1
EMP0406,Team G,Marketing,Content Creator,EMP0438,HQ,2025-11-01,160.0,156.7,2.6,5.1,23,150,78.5,0,False,2022-05-03,,2.91,4818.0,1
EMP0384,Team G,Marketing,Marketing Specialist,EMP0480,HQ,2026-03-01,160.0,154.7,20.5,0.1,16,300,67.3,0,False,2025-06-13,,3.33,6119.85,1
EMP0415,Team F,Support,Support Agent,EMP0303,Remote,2026-04-01,160.0,151.8,2.3,0.9,149,50,77.4,0,False,2025-06-27,,3.8,3726.0,1
EMP0384,Team G,  Marketing  ,Marketing Specialist,EMP0480,HQ,2025-10-01,160.0,150.2,1.3,,11,300,61.4,0,False,2025-06-13,,3.43,5020.95,1
EMP0431,Team D,Engineering,QA Engineer,EMP0225,Remote,2025-12-01,160.0,164.3,25.6,1.1,12,0,93.2,0,False,2024-08-13,,4.54,8513.4,1
EMP0260,Team C,Engineering,QA Engineer,EMP0187,HQ,2026-06-01,160.0,162.1,2.1,2.3,31,0,,1,False,2025-12-23,,2.57,6940.5,1
EMP0418,Team J,Sales,Account Executive,EMP0392,Branch-West,2025-09-01,160.0,160.9,0.9,0.3,17,2000,65.3,3,False,2025-06-01,,3.24,6490.0,1
EMP0303,Team D,Sales,Sales Manager,EMP0351,Branch-West,2026-06-01,160.0,155.1,0.5,0.1,12,2500,92.7,0,False,2024-10-26,,3.11,8104.2,1
EMP0359,Team B,Marketing,Marketing Specialist,EMP0210,HQ,2026-04-01,160.0,158.7,4.9,2.1,15,300,83.0,0,False,2023-12-04,,4.48,5479.65,1
EMP0283,Team E,Sales,SDR,EMP0199,Branch-East,2025-11-01,160.0,155.8,0.3,0.4,44,150,78.9,3,True,2023-01-10,2026-05-03,3.57,4375.0,1
EMP0349,Team G,Sales,Account Executive,EMP0047,Branch-West,2026-04-01,160.0,170.3,10.3,2.5,14,2000,91.1,1,False,2021-12-13,,3.11,7430.0,1
EMP0013,Team H,Operations,Ops Coordinator,EMP0277,HQ,2026-07-01,160.0,148.1,0.7,0.2,53,35,65.5,1,False,2021-11-20,,2.91,4027.05,1
EMP0218,Team D,Operations,Ops Coordinator,EMP0147,HQ,2026-02-01,160.0,154.9,2.8,0.3,58,35,86.9,6,False,2022-05-08,,2.16,4295.7,1
EMP0213,Team E,Support,Support Agent,EMP0077,HQ,2025-11-01,160.0,154.0,2.1,1.0,92,50,57.9,3,False,2025-08-12,,3.23,3771.6,1
EMP0320,Team C,Engineering,Data Engineer,EMP0193,Remote,2025-11-01,160.0,161.6,2.1,2.1,16,0,93.0,0,False,2025-04-08,,3.46,9885.0,1
EMP0443,Team F,Sales,Account Executive,EMP0480,Remote,2026-07-01,160.0,152.2,1.7,0.3,11,2000,64.0,2,False,2021-12-08,,,6190.0,1
EMP0427,Team G,Sales,Account Executive,EMP0482,HQ,2026-05-01,160.0,140.7,25.5,0.3,15,2000,74.0,4,False,2021-11-10,,2.81,7158.0,1
EMP0435,Team A,Engineering,QA Engineer,EMP0277,HQ,2026-06-01,160.0,164.7,19.3,3.5,32,0,55.3,0,False,2025-06-23,,2.93,8133.3,1
EMP0134,Team F,Sales,Sales Manager,EMP0193,Remote,2025-11-01,160.0,160.0,6.0,1.9,10,2500,88.7,3,False,2023-03-16,,3.0,8788.0,1
EMP0202,Team F,Engineering,QA Engineer,EMP0434,HQ,2026-01-01,160.0,156.2,13.5,0.6,18,0,84.0,1,False,2025-07-01,,4.02,7410.9,1
EMP0249,Team I,Marketing,Content Creator,EMP0035,Remote,2026-01-01,160.0,164.8,6.8,0.3,28,150,61.0,2,False,2023-06-24,,2.7,5250.0,1
EMP0136,Team F,Sales,SDR,EMP0318,HQ,2026-08-01,160.0,162.2,2.2,0.7,30,150,55.9,0,False,2024-10-13,,4.87,4634.0,1
EMP0134,Team F,Sales,Sales Manager,EMP0193,Remote,2025-09-01,160.0,150.6,2.3,1.5,9,2500,91.1,0,False,2023-03-16,,4.1,8010.6,1
EMP0215,Team I,Support,Support Agent,EMP0193,Branch-East,2026-02-01,160.0,165.6,8.2,2.2,131,50,60.8,6,False,2022-11-10,,4.09,4269.6,1
EMP0212,Team H,support,Support Lead,EMP0006,Remote,2026-04-01,160.0,161.1,1.1,0.3,74,60,91.2,1,False,2024-11-10,,4.5,5533.5,1
EMP0400,Team A,Operations,Ops Coordinator,EMP0434,HQ,2025-11-01,160.0,160.3,0.3,1.7,74,35,79.0,1,False,2022-01-07,,3.4,4340.25,1
EMP0126,Team I,Sales,Sales Manager,EMP0077,Remote,2026-02-01,160.0,152.4,1.4,1.6,11,2500,,3,False,2024-08-28,,4.86,8034.0,1
EMP0330,Team E,Engineering,DevOps Engineer,EMP0351,Branch-East,2026-04-01,160.0,156.5,12.9,0.4,11,0,78.8,4,False,2025-07-30,,3.06,10199.3,1
EMP0339,Team H,Sales,Account Executive,EMP0035,HQ,2026-08-01,160.0,164.3,5.8,6.2,16,2000,85.9,0,False,2024-04-19,,3.16,6920.0,1
EMP0281,Team D,Marketing,Marketing Specialist,EMP0376,HQ,2026-04-01,160.0,155.0,11.1,5.6,12,300,84.2,1,False,2024-05-11,,2.88,5664.45,1
EMP0183,Team B,Marketing,Content Creator,EMP0438,HQ,2026-08-01,160.0,165.4,5.4,3.3,16,150,63.0,1,False,2024-02-19,,3.26,5205.0,1
EMP0304,Team F,Support,Support Lead,EMP0457,HQ,2026-02-01,160.0,156.7,11.0,1.5,84,60,73.7,1,False,2022-04-22,,3.66,5888.8,1
EMP0039,Team J,Support,Support Agent,EMP0300,Remote,2026-04-01,160.0,139.6,1.0,2.1,122,50,94.0,1,False,2025-06-06,,2.71,3386.4,1
EMP0023,Team E,Engineering,QA Engineer,EMP0147,Remote,2026-04-01,160.0,161.8,11.7,0.2,26,0,74.5,1,False,2023-07-21,,4.47,7532.7,1
EMP0109,Team G,Engineering,DevOps Engineer,EMP0450,HQ,2025-09-01,160.0,146.7,0.4,0.6,12,0,49.8,2,False,2023-03-05,,4.07,8543.4,1
EMP0197,Team E,Support,Support Agent,EMP0449,HQ,2026-01-01,160.0,154.2,8.3,0.4,141,50,62.8,6,False,2025-08-22,,3.89,3999.6,1
EMP0437,Team B,Engineering,DevOps Engineer,EMP0035,Remote,2026-03-01,160.0,160.4,0.8,0.3,13,0,47.1,0,False,2024-12-13,,3.78,9372.8,1
EMP0398,Team E,Sales,Sales Manager,EMP0243,Remote,2025-12-01,160.0,160.2,8.0,1.2,9,2500,63.4,0,False,2024-02-16,,3.28,8954.4,1
EMP0079,Team J,Sales,Account Executive,EMP0077,Branch-East,2026-01-01,160.0,146.4,2.5,3.9,16,2000,91.8,1,False,2023-01-21,,3.72,6006.0,1
EMP0216,Team G,Engineering,DevOps Engineer,EMP0293,Remote,2026-07-01,160.0,160.3,0.3,,16,0,73.3,0,False,2025-01-28,,4.16,9323.5,1
EMP0069,Team F,ENGINEERING,QA Engineer,EMP0218,,2025-12-01,160.0,159.1,11.4,0.7,17,0,,3,False,2024-09-25,,5.0,7400.4,1
EMP0024,Team G,Sales,SDR,EMP0434,Remote,2026-07-01,160.0,155.4,0.1,2.9,30,150,86.6,1,False,2024-05-13,,3.94,4355.4,1
EMP0157,Team G,Support,Support Lead,EMP0035,Branch-East,2026-06-01,160.0,145.3,5.2,2.2,91,60,78.7,0,False,2024-11-27,,2.89,5205.4,1
EMP0344,Team A,Sales,SDR,EMP0450,Remote,2025-12-01,160.0,160.1,5.7,4.2,33,150,56.9,2,False,2022-08-19,,3.69,4722.2,1
EMP0208,Team H,Support,Support Lead,EMP0376,HQ,2025-12-01,160.0,161.5,8.1,1.0,38,60,59.7,2,False,2022-11-05,,2.72,5904.1,1
EMP0181,Team F,Sales,SDR,EMP0309,HQ,2026-03-01,160.0,168.0,8.0,1.3,30,150,94.6,1,False,2024-12-27,,4.05,5040.0,1
EMP0073,Team B,Engineering,Developer,EMP0035,HQ,2026-03-01,160.0,166.1,13.0,0.4,16,0,64.6,15,False,2025-04-05,,4.37,10208.0,1
EMP0473,Team H,Engineering,Developer,EMP0071,HQ,2025-09-01,160.0,154.3,3.4,0.3,18,0,84.6,2,False,2025-08-28,,3.84,8767.0,1
EMP0205,Team E,Support,Support Lead,EMP0449,Remote,2025-10-01,160.0,151.4,4.1,3.7,97,60,78.5,1,False,2024-03-02,,4.25,5356.7,1
EMP0419,Team E,Support,Support Agent,EMP0449,HQ,2025-11-01,160.0,150.2,0.3,1.2,106,50,63.3,2,False,2024-08-22,,3.9,3615.6,1
EMP0273,Team E,Marketing,Content Creator,EMP0438,Branch-West,2025-12-01,160.0,161.6,2.1,,12,150,89.0,2,False,2025-06-28,,3.65,4942.5,1
EMP0459,Team C,Engineering,Data Engineer,EMP0376,Remote,2025-11-01,160.0,165.7,6.0,5.9,12,0,43.1,2,False,2025-01-27,,3.51,10482.0,1
EMP0146,Team I,Engineering,Developer,EMP0162,Branch-West,2026-06-01,160.0,167.1,8.0,3.7,22,0,70.7,0,False,2022-10-13,,3.96,9850.5,1
EMP0166,Team I,Operations,Ops Coordinator,EMP0035,,2026-02-01,160.0,154.9,0.4,0.8,85,35,94.2,3,False,2024-10-04,,3.8,4198.5,1
EMP0276,Team F,Sales,SDR,EMP0077,Remote,2026-03-01,160.0,158.6,0.6,2.3,49,150,46.5,0,False,2022-12-15,,5.0,4466.0,1
EMP0198,Team C,Marketing,Content Creator,EMP0162,Remote,2026-08-01,160.0,169.3,23.6,0.1,28,150,96.1,0,False,2024-12-29,,3.83,6141.0,1
EMP0041,Team D,Engineering,DevOps Engineer,EMP0162,Branch-East,2025-11-01,160.0,142.4,3.2,1.0,10,0,78.8,0,False,2022-04-09,,3.04,8537.6,1
EMP0039,Team J,Support,Support Agent,EMP0300,Remote,2025-10-01,160.0,158.9,16.1,2.1,155,50,75.1,0,False,2025-06-06,,3.28,4393.2,1
EMP0481,Team D,Support,Support Lead,EMP0476,HQ,2026-04-01,160.0,145.8,3.1,0.8,113,60,52.1,5,False,2022-01-26,,3.81,5115.3,1
EMP0215,Team I,Support,Support Agent,EMP0193,,2026-05-01,160.0,151.8,1.3,,111,50,54.2,6,False,2022-11-10,,4.16,3690.0,1
EMP0162,Team I,Support,Support Agent,EMP0450,Remote,2026-08-01,160.0,152.9,2.4,3.0,157,50,,0,False,2022-08-14,,3.68,3756.0,1
EMP0465,Team A,Marketing,Content Creator,EMP0376,Remote,2026-03-01,160.0,148.4,1.6,1.1,20,150,79.3,2,False,2025-04-17,,3.51,4524.0,1
EMP0394,  Team F  ,Operations,Ops Coordinator,EMP0259,Remote,2026-04-01,160.0,161.5,1.5,1.1,68,35,90.8,1,False,2025-03-27,,3.99,4421.25,1
EMP0417,Team E,Engineering,Developer,EMP0450,Remote,2026-03-01,160.0,157.5,2.2,0.5,19,0,88.4,1,False,2022-10-07,,4.19,8844.0,1
EMP0022,Team E,engineering,QA Engineer,EMP0245,Remote,2026-03-01,160.0,166.0,6.0,0.1,20,0,76.7,1,False,2023-06-03,,4.8,7350.0,1
EMP0219,Team A,Support,Support Agent,EMP0480,Branch-East,2026-03-01,160.0,148.0,2.7,2.0,136,50,84.4,2,False,2021-12-22,,3.1,3649.2,1
EMP0316,Team J,Support,Support Lead,EMP0100,HQ,2026-01-01,160.0,160.8,0.8,,80,60,84.2,4,False,2025-11-19,,2.65,5508.0,1
EMP0447,Team D,Marketing,Content Creator,EMP0167,Branch-East,2026-08-01,160.0,147.6,3.0,0.7,15,150,81.0,1,False,2025-09-02,,3.91,4563.0,1
EMP0181,  Team F  ,Sales,SDR,EMP0309,HQ,2026-05-01,160.0,153.7,3.7,1.8,40,150,96.3,6,False,2024-12-27,,4.09,4459.0,1
EMP0466,Team F,sales,SDR,EMP0422,Remote,2026-07-01,160.0,156.1,3.6,2.5,36,150,65.1,2,False,2025-03-16,,,4522.0,1
EMP0081,Team H,Marketing,Content Creator,EMP0333,Remote,2026-06-01,160.0,162.2,2.2,1.9,22,150,65.8,0,False,2023-12-26,,3.79,4965.0,1
EMP0287,Team D,Sales,SDR,EMP0033,Branch-West,2025-10-01,160.0,159.6,8.9,2.5,39,150,92.2,0,False,2025-01-08,,3.28,4842.6,1
EMP0001,Team G,Sales,SDR,EMP0218,Remote,2026-07-01,160.0,159.9,23.6,0.2,47,150,75.4,2,False,2025-02-25,,4.4,5468.4,1
EMP0193,Team E,Marketing,Content Creator,,,2026-03-01,160.0,160.6,9.3,1.1,19,150,92.8,1,False,2023-03-18,,4.07,5236.5,1
EMP0182,Team H,Engineering,Developer,EMP0217,Branch-East,2026-07-01,160.0,147.2,4.3,2.0,22,0,57.1,0,False,2025-08-26,,3.47,8450.75,1
EMP0025,Team B,Sales,SDR,EMP0077,Remote,2026-01-01,160.0,161.5,9.9,0.1,38,150,69.3,5,False,2021-10-07,,4.05,4937.8,1
EMP0457,Team G,Engineering,Data Engineer,EMP0147,Remote,2026-06-01,160.0,153.5,32.9,1.5,9,0,57.9,0,False,2022-07-06,,3.6,12171.0,1
EMP0158,TEAM J,Operations,Ops Analyst,EMP0006,Branch-West,2026-01-01,160.0,156.8,2.4,,52,40,70.6,0,False,2023-12-14,,3.76,5132.8,1
EMP0295,Team F,Engineering,Developer,EMP0035,Remote,2026-01-01,160.0,151.4,2.4,2.4,16,0,94.1,3,False,2023-06-07,,2.68,8525.0,1
EMP0093,Team G,Operations,Ops Coordinator,EMP0147,Remote,2026-07-01,160.0,154.2,7.2,0.4,59,35,87.8,3,False,2022-12-17,,3.77,4455.0,1
EMP0459,Team C,Engineering,Data Engineer,EMP0376,Remote,2026-01-01,160.0,150.4,0.3,5.4,15,0,70.6,4,False,2025-01-27,,4.28,9051.0,1
EMP0251,Team A,Engineering,DevOps Engineer,EMP0147,,2026-07-01,160.0,147.6,28.2,0.4,10,0,73.9,1,False,2023-11-18,,3.1,11014.2,1
EMP0379,Team D,Operations,Ops Analyst,EMP0471,Remote,2026-04-01,160.0,167.3,7.3,1.8,85,40,73.5,1,False,2025-03-21,,3.55,5704.0,1
EMP0415,Team F,Support,Support Agent,EMP0303,Remote,2026-02-01,160.0,159.4,5.8,1.8,126,50,74.9,6,False,2025-06-27,,3.62,4034.4,1
EMP0278,Team G,Support,Support Agent,EMP0199,Remote,2026-04-01,160.0,159.7,0.1,1.6,161,50,83.7,1,False,2024-09-27,,3.56,3836.4,1
EMP0054,Team H,Marketing,Marketing Specialist,EMP0476,HQ,2026-05-01,160.0,158.1,12.6,0.9,12,300,62.2,4,True,2023-10-07,2026-05-02,3.14,5841.0,1
EMP0275,Team E,Sales,Sales Manager,EMP0420,Remote,2026-03-01,160.0,151.1,2.0,0.7,8,2500,71.3,3,False,2025-03-15,,3.45,8013.2,1
EMP0456,Team F,Sales,Sales Manager,EMP0351,HQ,2026-08-01,160.0,152.2,14.5,2.2,9,2500,84.6,0,False,2025-12-25,,3.85,9045.4,1
EMP0463,Team F,Operations,Ops Analyst,EMP0453,HQ,2026-08-01,160.0,162.6,2.6,1.1,49,40,89.9,0,False,2025-07-16,,3.63,5328.0,1
EMP0115,Team A,Support,Support Agent,EMP0085,Remote,2026-07-01,160.0,162.9,2.9,4.1,131,50,58.3,3,False,2023-09-29,,3.56,4014.0,1
EMP0447,Team D,Marketing,Content Creator,EMP0167,Branch-East,2026-07-01,160.0,166.4,23.0,1.4,24,150,78.6,3,False,2025-09-02,,3.72,6027.0,1
EMP0068,Team J,Operations,Ops Analyst,EMP0434,Remote,2026-03-01,160.0,163.0,3.0,0.6,60,40,68.0,1,False,2024-04-02,,2.87,5360.0,1
EMP0302,Team E,Sales,SDR,EMP0033,Remote,2026-03-01,160.0,160.1,0.1,0.1,42,150,91.1,0,False,2025-12-19,,4.37,4487.0,1
EMP0036,Team H,Operations,Ops Analyst,EMP0296,,2026-04-01,160.0,157.3,0.8,0.8,49,40,86.9,0,False,2023-07-24,,3.91,5072.0,1
EMP0283,Team E,Sales,SDR,EMP0199,Branch-East,2025-10-01,160.0,152.6,1.7,6.7,26,150,77.0,4,True,2023-01-10,2026-05-03,3.49,4344.2,1
EMP0279,Team J,Support,Support Lead,EMP0320,,2025-09-01,160.0,160.2,0.2,2.4,101,60,77.2,1,False,2024-01-02,,3.73,5457.0,1
EMP0136,Team F,Sales,SDR,EMP0318,HQ,2026-01-01,160.0,156.9,8.7,2.6,55,150,48.5,0,False,2024-10-13,,4.16,4758.6,1
EMP0047,Team C,Sales,Account Executive,EMP0450,Remote,2026-07-01,160.0,158.7,1.5,0.6,16,2000,38.8,2,False,2023-12-23,,4.06,6438.0,1
EMP0271,Team I,Operations,Ops Analyst,EMP0102,HQ,2025-12-01,160.0,152.8,4.7,0.6,59,40,43.9,1,False,2023-12-03,,3.62,5115.2,1
EMP0335,Team I,Engineering,DevOps Engineer,EMP0187,HQ,2025-12-01,160.0,163.0,3.2,0.4,13,0,81.8,0,False,2023-07-24,,3.69,9732.4,1
EMP0365,Team I,Marketing,Content Creator,EMP0301,HQ,2026-08-01,160.0,157.6,5.4,1.0,19,150,79.5,0,False,2024-09-30,,4.14,4971.0,1
EMP0140,Team I,Marketing,Marketing Specialist,EMP0482,HQ,2026-06-01,160.0,168.6,8.6,0.8,14,300,71.1,0,False,2025-07-21,,3.7,5989.5,1
EMP0360,Team D,Sales,Sales Manager,EMP0177,HQ,2025-10-01,160.0,161.2,1.2,0.8,11,2500,83.5,1,True,2024-06-21,2025-11-08,2.9,8476.0,1
EMP0455,Team B,Engineering,DevOps Engineer,EMP0251,Remote,2026-02-01,160.0,172.7,20.6,1.3,17,0,90.4,0,False,2025-01-25,,3.16,11808.8,1
EMP0340,Team E,Engineering,Data Engineer,EMP0100,Remote,2025-11-01,160.0,157.4,3.4,1.5,16,0,63.5,0,False,2021-11-09,,2.38,9750.0,1
EMP0126,Team I,Sales,Sales Manager,EMP0077,Remote,2026-08-01,160.0,158.4,4.0,0.6,13,2500,80.1,2,False,2024-08-28,,2.78,8548.8,1
EMP0353,Team A,Support,Support Lead,EMP0470,Remote,2025-12-01,160.0,161.3,1.3,0.4,78,60,63.9,1,False,2023-08-26,,4.08,5550.5,1
EMP0126,Team I,Sales,Sales Manager,EMP0077,Remote,2025-12-01,160.0,167.0,10.6,2.7,9,2500,79.5,2,False,2024-08-28,,3.11,9510.8,1
EMP0487,Team H,Engineering,QA Engineer,EMP0355,Remote,2026-04-01,160.0,150.9,9.0,2.8,22,0,95.6,0,True,2022-10-01,2026-07-11,3.44,6904.8,1
EMP0431,Team D,Engineering,QA Engineer,EMP0225,Remote,2025-10-01,160.0,152.7,4.8,0.1,31,0,89.2,1,False,2024-08-13,,2.48,6715.8,1
EMP0331,Team E,Sales,SDR,EMP0449,Branch-West,2025-10-01,160.0,165.0,5.0,1.5,42,150,75.0,2,False,2025-01-10,,3.46,4830.0,1
EMP0293,Team J,  Operations  ,Ops Analyst,EMP0193,,2025-10-01,160.0,156.8,16.7,1.1,63,40,80.5,1,False,2025-03-19,,1.89,5819.2,1
EMP0418,Team J,Sales,Account Executive,EMP0392,,2026-08-01,160.0,150.9,1.1,1.8,15,2000,,1,False,2025-06-01,,3.08,6102.0,1
EMP0184,Team E,Marketing,Marketing Specialist,EMP0100,HQ,2025-12-01,160.0,168.4,8.4,1.0,8,300,90.0,1,False,2025-08-01,,4.59,5973.0,1
EMP0493,Team J,Engineering,Developer,EMP0033,Branch-West,2025-12-01,160.0,158.4,1.7,1.3,17,0,75.7,1,False,2024-12-30,,,8852.25,1
EMP0210,Team A,Engineering,Developer,EMP0193,Remote,2026-08-01,160.0,162.4,6.6,2.6,18,0,,3,False,2021-11-02,,3.68,9476.5,1
EMP0013,  Team H  ,Operations,Ops Coordinator,EMP0277,HQ,2026-02-01,160.0,164.0,4.0,0.6,92,35,87.1,1,False,2021-11-20,,3.14,4590.0,1
EMP0094,Team E,Sales,Sales Manager,EMP0480,Branch-East,2025-11-01,160.0,156.7,7.3,1.1,11,2500,72.0,8,False,2022-10-05,,3.37,8717.8,1
EMP0084,Team A,Engineering,Developer,EMP0006,Branch-West,2025-09-01,160.0,146.1,20.6,0.6,15,0,83.7,0,False,2024-05-20,,4.42,9735.0,1
EMP0461,Team C,Engineering,DevOps Engineer,EMP0453,HQ,2025-11-01,160.0,163.1,4.1,0.6,11,0,,2,False,2023-10-09,,3.89,9816.5,1
EMP0153,Team J,Engineering,Developer,EMP0457,Remote,2026-03-01,160.0,150.1,13.2,1.4,18,0,76.9,0,False,2025-06-07,,3.4,9344.5,1
EMP0122,Team H,  Marketing  ,Content Creator,EMP0471,Branch-West,2026-08-01,160.0,144.6,12.8,7.0,20,150,44.7,0,False,2022-09-10,,3.16,4914.0,1
EMP0051,Team G,Marketing,Marketing Specialist,EMP0392,Remote,2026-01-01,160.0,153.1,8.7,3.2,12,300,78.2,2,False,2024-07-19,,3.2,5482.95,1
EMP0429,Team I,Sales,Sales Manager,EMP0344,Branch-East,2026-06-01,160.0,157.7,16.7,3.9,13,2500,72.5,2,False,2022-08-12,,3.01,9503.0,1
EMP0198,Team C,Marketing,Content Creator,EMP0162,Remote,2026-04-01,160.0,158.7,4.1,1.9,9,150,42.3,9,False,2024-12-29,,3.39,4945.5,1
EMP0307,Team B,Sales,Sales Manager,EMP0320,Remote,2026-07-01,160.0,161.4,22.6,2.3,9,2500,79.9,1,False,2022-12-08,,4.5,10155.6,1
EMP0194,Team A,Support,Support Lead,EMP0320,HQ,2026-06-01,160.0,149.8,11.3,0.5,90,60,88.5,2,False,2022-07-10,,2.58,5669.5,1
EMP0139,Team H,Sales,Sales Manager,EMP0033,HQ,2026-04-01,160.0,161.2,24.3,1.0,9,2500,96.0,3,False,2025-03-14,,4.4,10277.8,1
EMP0091,  Team B  ,Engineering,QA Engineer,EMP0035,Branch-East,2025-10-01,160.0,154.6,0.2,3.2,22,0,81.0,0,False,2022-10-13,,4.21,6505.8,1
EMP0046,Team A,SUPPORT,Support Agent,EMP0162,HQ,2025-12-01,160.0,168.6,10.4,0.3,125,50,91.2,4,False,2025-11-19,,3.33,4420.8,1
EMP0470,Team F,Marketing,Marketing Specialist,EMP0450,Branch-West,2025-11-01,160.0,160.1,0.1,0.0,13,300,88.7,0,False,2022-02-18,,3.67,5288.25,1
EMP0373,Team B,Engineering,QA Engineer,EMP0006,HQ,2025-09-01,160.0,144.5,7.2,1.3,22,0,51.7,0,False,2021-12-23,,4.84,6522.6,1
EMP0468,Team A,Marketing,Marketing Specialist,EMP0259,HQ,2026-02-01,160.0,170.5,10.8,,13,300,74.0,1,False,2021-09-19,,4.13,6161.1,1
EMP0428,Team I,Marketing,Content Creator,EMP0102,HQ,2025-12-01,160.0,149.6,4.1,0.3,19,150,97.2,0,False,2024-10-09,,4.46,4672.5,1
EMP0354,Team C,Engineering,QA Engineer,EMP0422,Branch-East,2025-10-01,160.0,149.7,7.0,2.6,35,0,73.6,0,False,2023-12-07,,3.16,6728.4,1
EMP0415,Team F,Support,Support Agent,EMP0303,Remote,2025-12-01,160.0,164.2,13.9,4.0,98,50,77.7,1,False,2025-06-27,,3.16,4441.2,1
EMP0362,Team D,Support,Support Agent,EMP0033,Remote,2026-06-01,160.0,146.6,1.5,1.1,110,50,63.4,4,False,2025-10-15,,3.26,3572.4,1
EMP0073,Team B,Engineering,Developer,EMP0035,HQ,2025-11-01,160.0,165.3,5.3,0.6,16,0,46.3,0,False,2025-04-05,,3.16,9528.75,1
EMP0419,  Team E  ,Support,Support Agent,EMP0449,HQ,2026-08-01,160.0,153.3,6.3,1.7,107,50,56.7,4,False,2024-08-22,,4.05,3906.0,1
EMP0221,Team D,Support,Support Agent,EMP0420,HQ,2026-05-01,160.0,158.7,1.4,8.7,134,50,55.1,1,False,2022-04-21,,4.65,3859.2,1
EMP0292,Team A,Engineering,QA Engineer,EMP0225,Remote,2025-11-01,160.0,148.1,3.6,0.2,17,0,77.7,0,False,2023-01-21,,,6447.0,1
EMP0180,Team G,Engineering,QA Engineer,EMP0199,Branch-West,2026-02-01,160.0,173.0,15.5,1.5,19,0,61.2,1,False,2024-11-03,,2.53,8242.5,1
EMP0350,Team B,Support,Support Lead,EMP0167,HQ,2026-08-01,160.0,163.3,22.4,0.4,63,60,80.8,0,False,2024-03-17,,4.01,6694.6,1
EMP0316,Team J,Support,Support Lead,EMP0100,,2026-06-01,160.0,163.5,8.3,0.4,89,60,67.9,1,False,2025-11-19,,,5982.3,1
EMP0181,Team F,Sales,SDR,EMP0309,HQ,2026-08-01,160.0,152.0,0.4,,38,150,73.8,0,False,2024-12-27,,3.38,4272.8,1
EMP0116,Team G,Marketing,Marketing Specialist,EMP0162,Remote,2026-08-01,160.0,151.0,21.2,0.5,12,300,78.0,1,False,2024-08-31,,4.22,6032.4,1
EMP0133,TEAM E,Engineering,Developer,EMP0147,HQ,2026-04-01,160.0,149.7,1.4,0.8,21,0,87.9,0,False,2025-01-07,,3.7,8349.0,1
EMP0432,  Team A  ,Operations,Ops Coordinator,EMP0453,Remote,2025-12-01,160.0,169.3,9.3,0.2,54,35,73.8,2,False,2024-03-12,,3.61,4947.75,1
EMP0051,Team G,  Marketing  ,Marketing Specialist,EMP0392,,2026-08-01,160.0,176.6,22.5,0.3,15,300,86.1,0,False,2024-07-19,,3.93,6941.55,1
EMP0167,Team E,Sales,Account Executive,EMP0450,Remote,2026-07-01,160.0,164.4,6.5,2.0,11,2000,88.0,0,False,2026-02-10,,3.97,6966.0,1
EMP0050,Team J,Engineering,Developer,EMP0471,Branch-East,2026-08-01,160.0,152.5,2.8,3.3,23,0,93.0,5,False,2022-02-18,,3.47,8618.5,1
EMP0460,Team F,ENGINEERING,Data Engineer,EMP0071,HQ,2026-04-01,160.0,156.4,2.4,2.6,16,0,84.4,4,False,2022-10-30,,3.59,9600.0,1
EMP0184,Team E,  Marketing  ,Marketing Specialist,EMP0100,HQ,2026-04-01,160.0,159.9,4.4,5.3,12,300,83.5,2,False,2025-08-01,,2.7,5494.5,1
EMP0139,Team H,Sales,Sales Manager,EMP0033,HQ,2026-08-01,160.0,156.8,13.1,0.0,10,2500,76.6,5,False,2025-03-14,,3.54,9175.4,1
EMP0373,Team B,Engineering,QA Engineer,EMP0006,HQ,2026-08-01,160.0,159.8,8.6,2.0,22,0,86.1,1,False,2021-12-23,,3.22,7253.4,1
EMP0239,Team C,Support,Support Agent,EMP0296,Remote,2025-11-01,160.0,130.3,5.9,0.4,135,50,74.8,1,False,2023-05-19,,3.53,3339.6,1
EMP0326,Team I,Operations,Ops Analyst,EMP0047,Branch-East,2025-10-01,160.0,146.4,1.0,0.1,73,40,,1,False,2023-07-15,,4.3,4732.8,1
EMP0154,Team C,Sales,SDR,EMP0344,HQ,2025-12-01,160.0,155.7,0.1,4.5,34,150,82.7,0,False,2025-09-02,,3.11,4363.8,1
EMP0123,Team C,Sales,SDR,EMP0344,Branch-West,2025-11-01,160.0,158.2,16.9,0.6,43,150,54.6,5,False,2025-05-24,,3.74,5139.4,1
EMP0269,Team D,Sales,SDR,EMP0100,HQ,2026-01-01,160.0,170.2,10.2,3.7,39,150,74.3,3,False,2022-01-05,,2.01,5194.0,1
EMP0299,Team A,Support,Support Lead,EMP0035,HQ,2026-06-01,160.0,152.7,13.4,1.8,74,60,77.9,2,False,2024-09-07,,4.33,5875.2,1
EMP0120,Team C,Sales,SDR,EMP0303,Branch-East,2026-01-01,160.0,168.4,8.4,0.4,52,150,85.6,0,False,2025-11-04,,3.56,5068.0,1
EMP0154,Team C,Sales,SDR,EMP0344,HQ,2026-04-01,160.0,163.1,3.1,1.3,26,150,40.7,12,False,2025-09-02,,3.99,4697.0,1
EMP0332,Team G,Operations,Ops Analyst,EMP0476,HQ,2026-05-01,160.0,160.6,0.6,0.2,79,40,67.8,5,False,2022-09-30,,,5168.0,1
EMP0334,Team G,Engineering,DevOps Engineer,EMP0450,Branch-East,2026-06-01,160.0,161.6,1.6,0.9,15,0,45.2,0,False,2023-08-04,,3.97,9512.0,1
EMP0255,Team F,Engineering,DevOps Engineer,EMP0243,HQ,2025-11-01,160.0,157.1,30.1,0.8,16,0,83.8,1,False,2024-02-04,,3.96,11730.5,1
EMP0097,Team C,Sales,Account Executive,EMP0280,HQ,2026-01-01,160.0,157.2,6.4,0.3,18,2000,89.1,0,False,2024-09-29,,4.34,6672.0,1
EMP0434,Team I,Engineering,Developer,EMP0480,Branch-East,2025-12-01,160.0,169.4,9.4,3.8,8,0,75.5,3,False,2022-01-28,,3.52,10092.5,1
EMP0075,Team H,Support,Support Agent,EMP0420,Remote,2025-09-01,160.0,161.2,36.5,1.1,104,50,84.8,0,False,2021-11-30,,3.36,5182.8,1
EMP0117,Team C,Operations,Ops Analyst,EMP0033,HQ,2025-09-01,160.0,153.1,4.6,0.5,55,40,74.5,0,False,2022-11-16,,4.19,5120.0,1
EMP0331,Team E,Sales,SDR,EMP0449,Branch-West,2026-08-01,160.0,164.1,4.1,0.0,46,150,56.0,0,False,2025-01-10,,3.7,4767.0,1
EMP0298,Team I,Engineering,Developer,EMP0309,,2025-11-01,160.0,150.8,2.3,2.5,16,0,58.6,1,True,2021-10-22,2025-12-20,1.99,8483.75,1
EMP0216,Team G,Engineering,DevOps Engineer,EMP0293,Remote,2025-09-01,160.0,161.0,9.3,0.4,17,0,85.4,2,False,2025-01-28,,3.39,10147.1,1
EMP0107,Team F,Sales,Sales Manager,EMP0420,Remote,2026-04-01,160.0,136.6,0.1,1.3,12,2500,86.7,0,False,2024-02-15,,2.6,7111.0,1
EMP0263,Team D,Engineering,Developer,EMP0450,Remote,2025-09-01,160.0,167.2,7.2,0.5,16,0,55.5,3,False,2022-07-26,,3.33,9790.0,1
EMP0118,Team F,Engineering,QA Engineer,EMP0392,,2025-09-01,160.0,154.7,2.3,0.3,30,0,73.7,0,False,2023-06-17,,3.59,6642.3,1
EMP0324,Team J,Engineering,QA Engineer,EMP0392,Remote,2026-06-01,160.0,147.5,1.9,2.7,13,0,86.2,0,False,2023-03-24,,3.58,6314.7,1
EMP0365,Team I,Marketing,Content Creator,EMP0301,HQ,2026-06-01,160.0,154.0,3.6,1.6,20,150,79.6,0,False,2024-09-30,,4.28,4782.0,1
EMP0293,Team J,Operations,Ops Analyst,EMP0193,,2026-04-01,160.0,158.7,2.3,0.4,59,40,80.7,3,False,2025-03-19,,4.05,5188.8,1
EMP0450,Team I,Engineering,DevOps Engineer,,Remote,2025-09-01,160.0,155.9,10.7,5.1,12,0,70.0,6,False,2024-04-19,,3.87,9973.1,1
EMP0316,Team J,Support,Support Lead,EMP0100,,2026-05-01,160.0,165.7,7.6,0.9,85,60,96.7,7,False,2025-11-19,,3.59,6021.4,1
EMP0014,Team C,Engineering,DevOps Engineer,EMP0185,Branch-West,2026-06-01,160.0,160.6,0.6,1.5,14,0,79.3,0,False,2026-02-19,,3.08,9367.0,1
EMP0359,Team B,Marketing,Marketing Specialist,EMP0210,HQ,2026-02-01,160.0,151.0,2.4,0.5,10,300,68.3,1,False,2023-12-04,,3.82,5101.8,1
EMP0278,Team G,Support,Support Agent,EMP0199,Remote,2026-08-01,160.0,159.6,2.3,0.1,138,50,65.0,0,False,2024-09-27,,3.4,3913.2,1
EMP0073,Team B,Engineering,Developer,EMP0035,HQ,2026-04-01,160.0,161.3,2.8,0.2,20,0,76.6,0,False,2025-04-05,,,9102.5,1
EMP0181,Team F,Sales,SDR,EMP0309,HQ,2025-11-01,160.0,161.2,1.2,2.9,38,150,85.4,0,False,2024-12-27,,4.04,4564.0,1
EMP0251,Team A,Engineering,DevOps Engineer,EMP0147,HQ,2025-10-01,160.0,156.2,2.3,0.9,16,0,83.1,4,False,2023-11-18,,2.64,9259.7,1
EMP0437,Team B,Engineering,DevOps Engineer,EMP0035,,2025-11-01,160.0,156.0,14.7,1.2,16,0,94.2,0,False,2024-12-13,,3.82,10326.9,1
EMP0418,Team J,Sales,Account Executive,EMP0392,Branch-West,2026-04-01,160.0,163.6,10.1,0.2,17,2000,45.3,0,False,2025-06-01,,4.7,7150.0,1
EMP0040,Team D,Sales,SDR,EMP0006,HQ,2026-01-01,160.0,138.9,7.0,0.2,39,150,58.5,3,False,2022-09-05,,4.0,4183.2,1
EMP0490,Team I,Marketing,Marketing Specialist,EMP0199,Remote,2026-01-01,160.0,160.7,0.7,1.1,11,300,87.1,0,False,2024-07-08,,2.8,5337.75,1
EMP0450,Team I,Engineering,DevOps Engineer,,Remote,2025-10-01,160.0,166.0,7.1,0.6,13,0,69.4,3,False,2024-04-19,,3.44,10245.7,1
EMP0137,Team C,Sales,Sales Manager,EMP0193,Branch-West,2026-06-01,160.0,147.5,2.5,6.0,9,2500,81.6,3,False,2022-03-30,,4.36,7865.0,1
EMP0462,Team D,Support,Support Agent,EMP0296,HQ,2026-07-01,160.0,146.9,4.1,0.1,122,50,70.4,2,False,2025-11-23,,3.48,3673.2,1
EMP0060,Team J,Sales,Sales Manager,EMP0296,Remote,2026-05-01,160.0,161.0,1.0,1.8,15,2500,91.1,3,False,2025-12-17,,3.2,8450.0,1
EMP0397,Team A,Operations,Ops Analyst,EMP0301,Remote,2026-01-01,160.0,157.3,1.5,6.3,78,40,72.5,1,False,2021-08-20,,2.97,5105.6,1
EMP0290,Team B,Sales,Sales Manager,EMP0453,Remote,2026-07-01,160.0,152.6,0.9,1.5,10,2500,78.9,1,False,2022-01-31,,3.73,8005.4,1
EMP0233,Team D,Sales,Sales Manager,EMP0218,Branch-West,2025-10-01,160.0,168.9,8.9,0.8,9,2500,60.1,6,True,2022-03-08,2026-03-31,3.6,9477.0,1
EMP0378,Team D,Engineering,Developer,EMP0177,Remote,2026-07-01,160.0,162.7,2.7,,18,0,79.2,1,False,2023-07-16,,3.82,9171.25,1
EMP0346,Team H,Support,Support Lead,EMP0434,Remote,2026-01-01,160.0,150.3,19.0,2.0,74,60,,1,False,2024-07-26,,4.15,6079.2,1
EMP0387,Team G,Engineering,QA Engineer,EMP0167,HQ,2025-10-01,160.0,158.7,2.8,,30,0,59.3,5,False,2021-12-10,,4.02,6841.8,1
EMP0415,Team F,Support,Support Agent,EMP0303,Remote,2025-10-01,160.0,160.4,2.6,0.3,121,50,49.8,5,False,2025-06-27,,4.87,3943.2,1
EMP0465,Team A,Marketing,Content Creator,EMP0376,Remote,2026-08-01,160.0,137.5,13.9,1.0,21,150,67.5,0,False,2025-04-17,,3.61,4750.5,1
EMP0214,Team A,Engineering,Data Engineer,EMP0453,Remote,2026-07-01,160.0,152.6,6.9,2.9,10,0,73.1,0,False,2022-08-17,,3.99,9777.0,1
EMP0157,Team G,Support,Support Lead,EMP0035,Branch-East,2026-03-01,160.0,153.2,18.8,0.2,88,60,62.1,0,False,2024-11-27,,3.12,6167.6,1
EMP0409,Team D,Marketing,Marketing Specialist,EMP0320,Branch-East,2026-03-01,160.0,170.8,10.8,1.2,11,300,85.2,0,False,2023-07-23,,2.96,6171.0,1
EMP0113,Team F,Marketing,Content Creator,EMP0476,Remote,2026-04-01,160.0,146.8,37.3,0.3,17,150,82.8,4,False,2025-12-11,,4.41,6082.5,1
EMP0279,Team J,Support,Support Lead,EMP0320,HQ,2025-12-01,160.0,168.1,8.1,0.3,70,60,63.3,0,False,2024-01-02,,2.85,6128.5,1
EMP0296,Team I,Sales,Account Executive,EMP0450,HQ,2026-06-01,160.0,163.3,3.3,0.6,24,2000,81.3,0,False,2023-04-24,,4.02,6730.0,1
EMP0251,Team A,Engineering,DevOps Engineer,EMP0147,HQ,2026-02-01,160.0,161.0,1.4,0.3,16,0,73.3,3,False,2023-11-18,,2.23,9459.8,1
EMP0348,Team D,Engineering,Data Engineer,EMP0085,Branch-East,2026-07-01,160.0,152.0,0.5,0.5,10,0,57.6,0,False,2025-05-03,,3.87,9165.0,1
EMP0069,Team F,Engineering,QA Engineer,EMP0218,Branch-East,2026-02-01,160.0,151.0,5.0,2.1,22,0,53.3,4,False,2024-09-25,,3.8,6657.0,1
EMP0281,Team D,Marketing,Marketing Specialist,EMP0376,HQ,2025-10-01,160.0,161.8,1.8,1.4,11,300,72.6,0,False,2024-05-11,,3.47,5428.5,1
EMP0337,Team I,Operations,Ops Coordinator,EMP0243,Remote,2026-03-01,160.0,162.2,7.0,1.9,77,35,74.9,2,False,2022-12-31,,4.24,4662.9,1
EMP0074,Team H,Operations,Ops Coordinator,EMP0450,HQ,2026-05-01,160.0,160.7,1.6,0.6,60,35,89.0,2,False,2023-04-13,,3.11,4403.7,1
EMP0041,Team D,Engineering,DevOps Engineer,EMP0162,Branch-East,2026-07-01,160.0,166.1,6.1,,15,0,80.0,5,False,2022-04-09,,2.93,10164.5,1
EMP0317,Team C,Sales,Sales Manager,EMP0309,Remote,2025-11-01,160.0,160.0,0.0,0.5,10,2500,90.5,4,False,2024-01-19,,3.52,8320.0,1
EMP0152,Team F,Engineering,QA Engineer,EMP0100,HQ,2025-12-01,160.0,149.8,2.6,2.4,19,0,91.0,3,False,2024-12-13,,3.19,6455.4,1
EMP0084,Team A,Engineering,Developer,EMP0006,Branch-West,2025-11-01,160.0,142.7,1.4,0.3,19,0,55.1,1,False,2024-05-20,,3.95,7964.0,1
EMP0329,Team B,Sales,SDR,EMP0006,Remote,2026-03-01,160.0,170.7,10.7,1.8,46,150,75.3,0,False,2026-01-16,,3.25,5229.0,1
EMP0399,Team G,Operations,Ops Analyst,EMP0061,HQ,2026-03-01,160.0,163.3,3.3,1.8,47,40,82.2,2,False,2025-12-09,,2.61,5384.0,1
EMP0062,Team D,Engineering,QA Engineer,EMP0187,Branch-West,2026-05-01,160.0,162.5,2.5,0.8,24,0,86.7,0,False,2024-11-23,,3.04,6982.5,1
EMP0011,Team B,Engineering,Developer,EMP0217,Remote,2026-04-01,160.0,155.0,2.5,0.0,16,0,67.0,1,False,2025-08-31,,2.8,8731.25,1
EMP0042,Team D,Sales,Account Executive,EMP0187,Remote,2025-12-01,160.0,130.7,3.6,0.2,10,2000,86.9,0,False,2025-05-18,,3.84,5444.0,1
EMP0307,Team B,Sales,Sales Manager,EMP0320,Remote,2026-04-01,160.0,161.7,1.8,,11,2500,68.6,0,False,2022-12-08,,2.76,8548.8,1
EMP0162,Team I,Support,Support Agent,EMP0450,Remote,2025-12-01,160.0,165.5,5.5,1.5,122,50,94.0,2,False,2022-08-14,,3.92,4170.0,1
EMP0500,Team B,Marketing,Content Creator,EMP0243,Branch-East,2026-08-01,160.0,152.3,3.1,0.0,24,150,50.7,2,False,2023-12-17,,4.24,4708.5,1
EMP0419,Team E,Support,Support Agent,EMP0449,HQ,2026-07-01,160.0,163.4,10.0,3.0,125,50,70.5,0,False,2024-08-22,,3.99,4281.6,1
EMP0289,Team B,Engineering,DevOps Engineer,EMP0480,Remote,2025-12-01,160.0,167.5,7.5,1.4,17,0,82.4,1,False,2023-10-15,,4.5,10367.5,1
EMP0486,Team A,Marketing,Marketing Specialist,EMP0453,HQ,2025-12-01,160.0,164.5,4.5,3.0,7,300,50.6,0,False,2021-10-11,,3.93,5651.25,1
EMP0208,Team H,Support,Support Lead,EMP0376,,2026-01-01,160.0,158.6,9.9,3.2,137,60,47.7,0,False,2022-11-05,,2.52,5897.3,1
EMP0077,  Team H  ,Operations,Ops Analyst,EMP0480,Branch-East,2025-12-01,160.0,157.1,1.0,0.2,39,40,58.2,1,True,2025-02-13,2026-01-10,2.03,5075.2,1
EMP0255,Team F,Engineering,DevOps Engineer,EMP0243,HQ,2026-06-01,160.0,153.1,2.6,1.1,14,0,95.3,0,False,2024-02-04,,3.61,9106.0,1
EMP0398,Team E,Sales,Sales Manager,EMP0243,Remote,2026-07-01,160.0,161.2,4.0,1.2,8,2500,79.5,5,False,2024-02-16,,3.33,8694.4,1
EMP0339,Team H,Sales,Account Executive,EMP0035,HQ,2026-07-01,160.0,161.6,5.3,1.2,11,2000,84.5,3,False,2024-04-19,,2.91,6782.0,1
EMP0412,Team G,Marketing,Content Creator,EMP0303,Branch-East,2026-02-01,160.0,151.6,0.1,0.6,24,150,66.2,0,True,2025-02-28,2026-06-23,3.44,4552.5,1
EMP0245,Team H,Engineering,QA Engineer,EMP0351,HQ,2026-07-01,160.0,159.1,9.8,0.1,32,0,91.7,0,False,2024-08-16,,3.84,7299.6,1
EMP0439,Team J,Support,Support Agent,EMP0147,Branch-East,2025-10-01,160.0,148.5,0.5,3.4,98,50,74.2,0,True,2022-11-12,2026-03-22,3.42,3582.0,1
EMP0108,Team J,Operations,Ops Analyst,EMP0061,Branch-East,2025-09-01,160.0,148.5,19.8,1.4,47,40,64.9,2,False,2022-03-17,,2.84,5702.4,1
EMP0393,Team J,Sales,Account Executive,EMP0476,HQ,2026-04-01,160.0,163.1,3.1,0.5,19,2000,59.4,0,False,2024-08-12,,3.87,6710.0,1
EMP0352,team h,  Operations  ,Ops Analyst,EMP0100,Branch-West,2025-10-01,160.0,155.4,0.7,5.4,33,40,71.7,0,False,2024-01-17,,3.71,5006.4,1
EMP0274,Team D,Marketing,Marketing Specialist,EMP0243,Remote,2026-07-01,160.0,165.4,5.4,0.5,9,300,86.6,1,False,2026-02-02,,,5725.5,1
EMP0402,Team H,Marketing,Marketing Specialist,EMP0085,Branch-West,2025-09-01,160.0,158.2,5.4,4.9,14,300,95.2,1,False,2022-02-23,,2.52,5487.9,1
EMP0157,Team G,Support,Support Lead,EMP0035,Branch-East,2025-12-01,160.0,156.2,5.9,0.2,80,60,70.2,3,False,2024-11-27,,2.88,5611.7,1
EMP0242,Team H,Marketing,Marketing Specialist,EMP0167,HQ,2026-07-01,160.0,175.9,17.5,3.4,9,300,50.3,1,False,2024-05-23,,3.54,6670.95,1
EMP0376,Team E,Sales,SDR,EMP0193,Branch-West,2025-12-01,160.0,153.5,9.1,2.8,37,150,63.2,0,True,2022-03-01,2026-06-17,4.03,4680.2,1
EMP0470,Team F,Marketing,Marketing Specialist,EMP0450,Branch-West,2026-02-01,160.0,145.7,4.3,2.3,10,300,52.4,0,False,2022-02-18,,3.68,5020.95,1
EMP0168,Team C,Engineering,DevOps Engineer,EMP0392,HQ,2026-04-01,160.0,163.7,15.6,0.2,8,0,44.6,6,False,2025-06-23,,4.0,10851.8,1
EMP0086,Team H,Sales,Sales Manager,EMP0217,Branch-East,2026-03-01,160.0,156.3,2.1,2.4,10,2500,53.9,0,False,2023-08-16,,4.03,8291.4,1
EMP0356,Team B,Support,Support Lead,EMP0457,Remote,2026-04-01,160.0,161.1,1.1,1.4,97,60,76.3,4,False,2026-01-04,,3.52,5533.5,1
EMP0091,Team B,Engineering,QA Engineer,EMP0035,Branch-East,2025-11-01,160.0,166.4,8.9,0.2,27,0,81.0,1,False,2022-10-13,,3.84,7549.5,1
EMP0459,Team C,Engineering,Data Engineer,EMP0376,Remote,2026-08-01,160.0,160.4,0.4,5.9,15,0,68.3,1,False,2025-01-27,,3.12,9660.0,1
EMP0034,Team J,Marketing,Content Creator,EMP0434,Branch-West,2026-03-01,160.0,158.0,0.4,0.1,17,150,83.6,1,False,2023-04-13,,2.63,4758.0,1
EMP0284,Team I,Engineering,Developer,EMP0167,HQ,2025-09-01,160.0,150.0,2.9,5.6,16,0,85.9,0,False,2022-05-19,,3.02,8489.25,1
EMP0309,Team H,Operations,Ops Analyst,EMP0351,Remote,2026-01-01,160.0,155.1,22.6,0.8,56,40,89.7,0,False,2024-04-22,,3.54,6048.0,1
EMP0461,Team C,Engineering,DevOps Engineer,EMP0453,HQ,2026-05-01,160.0,168.4,8.4,3.0,16,0,72.4,0,False,2023-10-09,,3.78,10498.0,1
EMP0135,Team C,Marketing,Content Creator,EMP0471,HQ,2026-08-01,160.0,157.8,9.4,0.0,21,150,86.0,1,False,2021-10-07,,2.99,5157.0,1
EMP0102,Team E,Support,Support Lead,EMP0351,HQ,2026-08-01,160.0,159.8,0.9,0.7,83,60,75.8,0,False,2024-04-04,,3.04,5479.1,1
EMP0281,Team D,Marketing,Marketing Specialist,EMP0376,HQ,2026-06-01,160.0,150.4,27.4,0.2,11,300,89.2,0,False,2024-05-11,,3.7,6319.5,1
EMP0162,Team I,Support,Support Agent,EMP0450,Remote,2026-06-01,160.0,149.9,3.1,0.4,129,50,71.7,0,False,2022-08-14,,4.59,3709.2,1
EMP0250,Team A,Operations,Ops Analyst,EMP0225,HQ,2025-09-01,160.0,160.1,0.1,,64,40,81.7,0,False,2022-08-19,,3.73,5128.0,1
EMP0374,team h,Support,Support Agent,EMP0344,Branch-West,2026-07-01,160.0,162.9,2.9,4.3,133,50,82.2,1,False,2022-05-23,,4.01,4014.0,1
EMP0327,Team H,Sales,SDR,EMP0077,Branch-East,2026-06-01,160.0,150.3,8.5,1.0,38,150,92.2,2,False,2025-01-22,,3.73,4565.4,1
EMP0470,Team F,Marketing,Marketing Specialist,EMP0450,Branch-West,2025-09-01,160.0,156.5,1.7,0.4,17,300,47.0,0,False,2022-02-18,,2.73,5248.65,1
EMP0207,Team F,  Engineering  ,DevOps Engineer,EMP0167,Remote,2025-11-01,160.0,166.4,9.7,,13,0,72.1,3,False,2025-05-18,,3.42,10495.1,1
EMP0446,Team G,Marketing,Content Creator,EMP0061,Remote,2025-11-01,160.0,168.1,8.1,0.7,25,150,70.7,1,False,2022-06-10,,2.39,5407.5,1
EMP0494,Team C,Engineering,Data Engineer,EMP0210,HQ,2026-03-01,160.0,142.8,1.0,0.9,15,0,92.1,0,False,2024-08-06,,2.2,8658.0,1
EMP0163,Team I,Support,Support Agent,EMP0471,Branch-East,2025-11-01,160.0,163.0,6.6,1.0,106,50,83.3,2,False,2024-08-22,,3.19,4149.6,1
EMP0465,Team A,Marketing,Content Creator,EMP0376,Remote,2025-12-01,160.0,164.7,4.7,2.5,12,150,79.5,1,False,2025-04-17,,3.38,5152.5,1
EMP0249,Team I,Marketing,Content Creator,EMP0035,Remote,2025-10-01,160.0,153.8,6.1,,23,150,94.7,5,False,2023-06-24,,4.45,4888.5,1
EMP0227,Team A,Marketing,Content Creator,EMP0351,Remote,2026-03-01,160.0,166.5,6.5,0.6,23,150,83.8,4,False,2022-02-05,,4.04,5287.5,1
EMP0295,Team F,Engineering,Developer,EMP0035,Remote,2026-05-01,160.0,162.4,2.4,3.3,10,0,38.5,5,False,2023-06-07,,3.53,9130.0,1
EMP0499,Team C,Marketing,Marketing Specialist,EMP0177,HQ,2026-05-01,160.0,160.4,0.4,6.3,14,300,86.7,2,False,2025-03-25,,4.26,5313.0,1
EMP0306,Team H,Marketing,Content Creator,EMP0333,HQ,2026-06-01,160.0,151.7,6.2,2.4,15,150,91.7,1,False,2025-10-08,,2.17,4830.0,1
EMP0214,Team A,Engineering,Data Engineer,EMP0453,Remote,2026-03-01,160.0,162.6,2.6,0.4,17,0,86.7,1,False,2022-08-17,,3.77,9990.0,1
EMP0313,Team G,Engineering,DevOps Engineer,EMP0225,,2025-09-01,160.0,156.1,3.5,0.1,13,0,73.0,3,True,2024-06-02,2025-11-02,4.01,9358.3,1
EMP0479,Team C,Marketing,Content Creator,EMP0450,HQ,2026-05-01,160.0,151.4,3.0,2.0,19,150,58.1,1,False,2025-12-24,,3.25,4677.0,1
EMP0406,Team G,Marketing,Content Creator,EMP0438,HQ,2026-02-01,160.0,161.5,4.8,5.5,23,150,62.8,0,False,2022-05-03,,4.88,5061.0,1
EMP0338,Team D,Support,Support Agent,EMP0422,Remote,2026-02-01,160.0,154.9,2.7,1.8,113,50,86.7,0,False,2025-09-16,,2.91,3814.8,1
EMP0275,Team E,Sales,Sales Manager,EMP0420,Remote,2026-02-01,160.0,153.1,0.3,,12,2500,51.8,5,False,2025-03-15,,3.15,7984.6,1
EMP0352,Team H,Operations,Ops Analyst,EMP0100,Branch-West,2026-06-01,160.0,150.7,8.8,1.1,67,40,74.2,3,False,2024-01-17,,4.31,5244.8,1
EMP0167,Team E,Sales,Account Executive,EMP0450,Remote,2026-06-01,160.0,167.4,13.9,3.5,16,2000,78.8,0,False,2026-02-10,,3.67,7530.0,1
EMP0426,Team B,Sales,SDR,EMP0476,HQ,2026-03-01,160.0,160.0,0.0,2.7,36,150,94.9,1,False,2026-01-02,,3.15,4480.0,1
EMP0317,Team C,Sales,Sales Manager,EMP0309,Remote,2026-01-01,160.0,166.3,6.3,2.0,9,2500,96.3,6,False,2024-01-19,,3.6,9139.0,1
EMP0230,Team G,Support,Support Lead,EMP0280,HQ,2025-10-01,160.0,148.6,16.3,5.9,121,60,61.3,0,False,2024-09-03,,3.09,5883.7,1
EMP0058,Team D,Engineering,Developer,EMP0482,Branch-East,2026-06-01,160.0,152.5,1.7,3.0,21,0,58.2,0,False,2021-12-24,,3.55,8527.75,1
EMP0147,Team A,Support,Support Lead,,Branch-West,2026-05-01,160.0,160.8,0.8,0.1,75,60,67.0,0,False,2023-04-22,,3.55,5508.0,1
EMP0408,Team A,Engineering,Data Engineer,EMP0301,Branch-West,2026-06-01,160.0,162.2,2.2,0.1,18,0,92.1,1,False,2022-03-01,,3.73,9930.0,1
EMP0336,Team I,ENGINEERING,Data Engineer,EMP0376,HQ,2026-04-01,160.0,162.1,2.1,2.5,13,0,93.8,0,True,2023-09-19,2026-04-13,3.44,9915.0,1
EMP0459,Team C,Engineering,Data Engineer,EMP0376,Remote,2025-10-01,160.0,158.7,0.1,0.1,19,0,80.7,1,False,2025-01-27,,3.53,9531.0,1
EMP0369,Team F,Engineering,Developer,EMP0100,Remote,2026-01-01,160.0,142.2,3.3,0.4,19,0,86.8,0,False,2023-07-03,,3.82,8093.25,1
EMP0056,Team B,Marketing,Content Creator,EMP0301,Remote,2026-08-01,160.0,159.5,1.5,0.4,24,150,59.5,0,False,2024-02-12,,2.8,4852.5,1
EMP0285,Team C,Sales,Account Executive,EMP0035,HQ,2025-10-01,160.0,163.0,3.0,0.3,17,2000,90.9,0,False,2024-09-15,,3.56,6700.0,1
EMP0052,Team D,Operations,Ops Analyst,EMP0293,Remote,2026-01-01,160.0,157.8,0.7,0.0,61,40,92.7,1,False,2025-12-11,,2.77,5083.2,1
EMP0109,Team G,Engineering,DevOps Engineer,EMP0450,HQ,2026-02-01,160.0,154.0,1.8,0.5,16,0,86.5,1,False,2023-03-05,,4.0,9088.6,1
EMP0166,Team I,Operations,Ops Coordinator,EMP0035,Branch-West,2025-09-01,160.0,160.2,0.2,0.5,61,35,92.2,0,False,2024-10-04,,4.17,4333.5,1
EMP0102,Team E,Support,Support Lead,EMP0351,HQ,2026-05-01,160.0,160.8,0.8,0.6,82,60,95.4,5,False,2024-04-04,,4.01,5508.0,1
EMP0192,TEAM G,Marketing,Marketing Specialist,EMP0457,HQ,2025-11-01,160.0,150.5,2.4,2.0,14,300,93.1,0,False,2024-01-17,,2.96,5085.3,1
EMP0116,Team G,Marketing,Marketing Specialist,EMP0162,Remote,2026-01-01,160.0,161.1,10.6,0.3,8,300,91.0,3,False,2024-08-31,,3.63,5841.0,1
EMP0283,Team E,Sales,SDR,EMP0199,Branch-East,2026-05-01,160.0,143.3,4.3,4.2,38,150,,4,True,2023-01-10,2026-05-03,3.5,4193.0,1
EMP0011,Team B,ENGINEERING,Developer,EMP0217,Remote,2026-07-01,160.0,161.3,1.3,1.2,17,0,78.7,5,False,2025-08-31,,,8978.75,1
EMP0075,Team H,Support,Support Agent,EMP0420,,2026-06-01,160.0,145.3,14.9,0.4,155,50,83.4,2,False,2021-11-30,,3.27,4023.6,1
EMP0487,Team H,Engineering,QA Engineer,EMP0355,Remote,2026-03-01,160.0,152.4,2.3,0.6,24,0,74.9,1,True,2022-10-01,2026-07-11,3.53,6545.7,1
EMP0369,  Team F  ,Engineering,Developer,EMP0100,Remote,2026-04-01,160.0,162.3,2.3,0.3,17,0,53.9,2,False,2023-07-03,,4.12,9116.25,1
EMP0084,Team A,Engineering,Developer,EMP0006,Branch-West,2026-04-01,160.0,160.0,6.4,4.1,15,0,74.6,6,False,2024-05-20,,3.53,9328.0,1
EMP0012,Team H,Marketing,Marketing Specialist,EMP0100,Branch-West,2025-10-01,160.0,160.7,0.7,0.7,11,300,95.8,5,False,2022-11-03,,4.31,5337.75,1
EMP0484,Team J,Support,Support Agent,EMP0450,Remote,2026-08-01,160.0,147.7,1.5,5.2,137,50,75.4,0,False,2022-10-05,,4.51,3598.8,1
EMP0481,Team D,Support,Support Lead,EMP0476,HQ,2025-11-01,160.0,163.5,3.5,1.2,93,60,87.8,1,False,2022-01-26,,3.26,5737.5,1
EMP0064,Team J,Sales,Account Executive,EMP0077,Branch-East,2026-05-01,160.0,164.7,4.7,4.1,19,2000,95.4,1,False,2021-09-07,,3.83,6870.0,1
EMP0447,Team D,Marketing,Content Creator,EMP0167,Branch-East,2026-04-01,160.0,164.7,4.7,0.7,20,150,84.9,5,False,2025-09-02,,2.87,5152.5,1
EMP0437,  Team B  ,Engineering,DevOps Engineer,EMP0035,Remote,2026-04-01,160.0,169.8,10.2,0.1,14,0,60.7,6,False,2024-12-13,,3.69,10735.8,1
EMP0416,Team D,Sales,Account Executive,EMP0450,Branch-East,2025-10-01,160.0,160.4,0.4,,17,2000,89.9,2,False,2025-02-23,,4.44,6440.0,1
EMP0100,Team F,Engineering,Developer,EMP0480,Branch-West,2026-07-01,160.0,165.7,11.5,1.4,16,0,86.0,3,False,2023-06-05,,3.55,10062.25,1
EMP0088,TEAM E,Support,Support Agent,EMP0199,Branch-East,2026-06-01,160.0,160.3,0.3,0.4,124,50,69.2,0,False,2025-04-28,,2.53,3858.0,1
EMP0001,Team G,Sales,SDR,EMP0218,Remote,2026-02-01,160.0,155.3,9.9,1.5,45,150,81.5,0,False,2025-02-25,,3.32,4764.2,1
EMP0305,Team G,Support,Support Lead,EMP0376,Remote,2026-07-01,160.0,156.0,3.0,2.2,79,60,76.3,3,False,2022-09-18,,3.41,5457.0,1
EMP0314,Team E,Marketing,Content Creator,EMP0422,Remote,2026-04-01,160.0,160.6,0.6,7.3,25,150,42.3,6,False,2025-11-14,,4.24,4845.0,1
EMP0267,Team F,Support,Support Agent,EMP0185,Remote,2025-12-01,160.0,162.5,2.5,2.2,114,50,75.7,1,False,2025-11-23,,3.6,3990.0,1
EMP0250,Team A,Operations,Ops Analyst,EMP0225,HQ,2025-11-01,160.0,154.1,2.7,1.2,62,40,86.9,3,False,2022-08-19,,2.99,5060.8,1
EMP0387,Team G,Engineering,QA Engineer,EMP0167,HQ,2026-02-01,160.0,173.1,25.4,0.5,33,0,69.7,3,False,2021-12-10,,3.34,8870.4,1
EMP0171,Team G,Support,Support Agent,EMP0303,HQ,2026-02-01,160.0,169.7,9.7,3.3,120,50,90.0,0,False,2022-11-02,,4.09,4422.0,1
EMP0116,Team G,Marketing,Marketing Specialist,EMP0162,Remote,2025-10-01,160.0,158.2,8.8,0.2,12,300,80.4,0,False,2024-08-31,,4.23,5656.2,1
EMP0328,Team F,Support,Support Lead,EMP0167,Branch-East,2026-05-01,160.0,158.9,3.5,,114,60,35.1,4,False,2024-09-18,,4.87,5581.1,1
EMP0058,Team D,Engineering,Developer,EMP0482,Branch-East,2025-12-01,160.0,150.5,36.1,1.1,12,0,61.4,0,False,2021-12-24,,1.34,11255.75,1
EMP0379,Team D,Operations,Ops Analyst,EMP0471,Remote,2025-10-01,160.0,144.7,0.1,0.2,56,40,32.8,3,False,2025-03-21,,4.1,4635.2,1
EMP0375,Team A,Engineering,Data Engineer,EMP0187,Branch-East,2026-02-01,160.0,150.7,1.4,2.6,13,0,67.3,0,False,2024-12-29,,4.25,9168.0,1
EMP0416,Team D,Sales,Account Executive,EMP0450,Branch-East,2026-02-01,160.0,163.7,3.7,4.7,9,2000,69.4,0,False,2025-02-23,,3.6,6770.0,1
EMP0086,Team H,Sales,Sales Manager,EMP0217,Branch-East,2026-05-01,160.0,147.9,24.7,0.9,10,2500,91.3,0,False,2023-08-16,,,9617.4,1
EMP0197,team e,Support,Support Agent,EMP0449,HQ,2025-11-01,160.0,154.1,4.0,0.6,136,50,87.6,3,False,2025-08-22,,3.44,3842.4,1
EMP0278,Team G,Support,Support Agent,EMP0199,Remote,2025-10-01,160.0,163.8,3.8,2.5,96,50,87.1,0,False,2024-09-27,,3.31,4068.0,1
EMP0117,Team C,Operations,Ops Analyst,EMP0033,HQ,2026-08-01,160.0,161.2,1.2,0.1,75,40,47.7,0,False,2022-11-16,,3.17,5216.0,1
EMP0099,Team J,Engineering,Data Engineer,EMP0344,Branch-East,2025-10-01,160.0,162.1,2.1,0.4,16,0,93.4,3,False,2025-06-21,,3.4,9915.0,1
EMP0271,Team I,Operations,Ops Analyst,EMP0102,HQ,2025-09-01,160.0,144.5,1.8,0.5,78,40,82.0,5,False,2023-12-03,,3.79,4710.4,1
EMP0450,Team I,Engineering,DevOps Engineer,,Remote,2026-01-01,160.0,151.2,3.1,1.4,14,0,49.2,1,False,2024-04-19,,2.86,9039.3,1
EMP0386,team h,Operations,Ops Coordinator,EMP0259,HQ,2026-05-01,160.0,159.7,2.0,0.4,88,35,95.4,0,False,2023-10-22,,4.1,4392.9,1
EMP0237,Team J,Engineering,DevOps Engineer,EMP0077,HQ,2026-01-01,160.0,158.0,1.8,0.6,14,0,65.5,3,False,2021-10-17,,3.75,9320.6,1
EMP0413,Team I,Marketing,Content Creator,EMP0301,Branch-East,2026-01-01,160.0,161.2,1.2,1.2,14,150,75.5,6,False,2023-10-30,,3.73,4890.0,1
EMP0415,Team F,Support,Support Agent,EMP0303,Remote,2025-09-01,160.0,158.2,2.9,2.7,101,50,82.1,0,False,2025-06-27,,3.5,3901.2,1
EMP0294,Team C,Sales,Account Executive,EMP0318,Remote,2026-05-01,160.0,161.8,1.8,0.7,21,2000,,3,False,2023-01-18,,,6580.0,1
EMP0053,Team B,Marketing,Marketing Specialist,EMP0100,Remote,2026-01-01,160.0,133.1,2.8,1.7,13,300,52.9,2,False,2022-09-20,,4.03,4530.9,1
EMP0246,Team B,Marketing,Marketing Specialist,EMP0355,HQ,2026-06-01,160.0,165.5,5.5,1.2,12,300,60.1,1,False,2024-11-20,,3.69,5733.75,1
EMP0183,Team B,Marketing,Content Creator,EMP0438,HQ,2025-10-01,160.0,161.8,1.8,0.7,20,150,65.6,0,False,2024-02-19,,2.96,4935.0,1
EMP0054,Team H,Marketing,Marketing Specialist,EMP0476,HQ,2026-03-01,160.0,142.8,3.1,3.5,14,300,53.6,2,True,2023-10-07,2026-05-02,2.73,4865.85,1
EMP0280,Team I,Operations,Ops Coordinator,EMP0193,Branch-East,2026-08-01,160.0,160.0,0.0,2.1,83,35,72.8,8,False,2022-01-05,,2.72,4320.0,1
EMP0435,Team A,Engineering,QA Engineer,EMP0277,HQ,2026-03-01,160.0,173.5,13.5,1.7,21,0,18.3,1,False,2025-06-23,,3.5,8137.5,1
EMP0320,Team C,Engineering,Data Engineer,EMP0193,Remote,2025-09-01,160.0,160.8,0.8,1.4,15,0,82.0,0,False,2025-04-08,,3.23,9720.0,1
EMP0080,Team E,Engineering,Developer,EMP0422,Remote,2026-03-01,160.0,161.4,1.4,0.8,23,0,83.4,0,False,2024-11-08,,3.83,8992.5,1
EMP0407,Team I,Sales,Account Executive,EMP0187,Remote,2026-05-01,160.0,155.5,44.7,,18,2000,52.4,1,False,2023-02-17,,4.09,8902.0,1
EMP0141,Team B,Marketing,Marketing Specialist,EMP0318,Remote,2026-08-01,160.0,164.0,5.1,2.6,14,300,99.0,2,False,2025-10-26,,3.69,5664.45,1
EMP0255,Team F,Engineering,DevOps Engineer,EMP0243,HQ,2025-09-01,160.0,147.1,1.8,2.4,15,0,91.2,1,False,2024-02-04,,3.99,8688.4,1
EMP0015,Team H,Engineering,Developer,EMP0457,HQ,2026-06-01,160.0,155.9,8.3,3.0,20,0,76.0,0,False,2023-09-11,,3.51,9259.25,1
EMP0301,Team I,Engineering,DevOps Engineer,EMP0450,Remote,2025-12-01,160.0,153.3,7.0,1.4,16,0,73.1,0,False,2022-05-13,,4.37,9500.4,1
EMP0168,TEAM C,Engineering,DevOps Engineer,EMP0392,HQ,2026-03-01,160.0,155.8,28.1,2.2,11,0,72.2,1,False,2025-06-23,,4.4,11481.1,1
EMP0289,Team B,Engineering,DevOps Engineer,EMP0480,Remote,2026-05-01,160.0,159.2,5.8,0.1,16,0,86.2,0,False,2023-10-15,,3.43,9738.2,1
EMP0500,Team B,Marketing,Content Creator,EMP0243,Branch-East,2026-07-01,160.0,160.0,0.0,4.6,17,150,67.3,0,False,2023-12-17,,4.08,4800.0,1
EMP0472,Team A,Marketing,Marketing Specialist,EMP0471,Remote,2025-09-01,160.0,160.7,21.7,0.7,13,300,73.1,0,False,2023-02-14,,3.23,6377.25,1
EMP0388,Team J,Engineering,DevOps Engineer,EMP0392,Branch-East,2026-02-01,160.0,154.4,0.5,0.9,16,0,95.7,1,False,2025-10-09,,3.66,8998.7,1
EMP0274,Team D,Marketing,Marketing Specialist,EMP0243,Remote,2026-02-01,160.0,155.5,11.3,0.2,14,300,61.4,6,False,2026-02-02,,3.41,5690.85,1
EMP0188,Team E,Sales,Account Executive,EMP0420,Branch-East,2026-05-01,160.0,161.8,1.8,0.3,18,2000,76.9,2,False,2025-09-26,,2.93,6580.0,1
EMP0057,Team H,Engineering,Data Engineer,EMP0245,Remote,2026-06-01,160.0,141.3,9.9,4.9,15,0,61.8,0,False,2025-05-07,,3.39,9369.0,1
EMP0180,Team G,Engineering,QA Engineer,EMP0199,Branch-West,2026-08-01,160.0,145.5,1.0,5.2,28,0,78.3,0,False,2024-11-03,,4.27,6174.0,1
EMP0206,Team C,Engineering,DevOps Engineer,EMP0476,HQ,2026-05-01,160.0,156.4,1.3,0.6,19,0,88.0,4,False,2025-06-19,,2.92,9184.3,1
EMP0012,Team H,Marketing,Marketing Specialist,EMP0100,Branch-West,2026-08-01,160.0,153.7,8.3,0.4,11,300,98.4,2,False,2022-11-03,,3.39,5482.95,1
EMP0341,Team C,Sales,Account Executive,EMP0061,Branch-East,2026-07-01,160.0,156.3,3.1,1.6,11,2000,89.4,0,False,2023-04-15,,3.17,6438.0,1
EMP0335,Team I,Engineering,DevOps Engineer,EMP0187,HQ,2025-09-01,160.0,160.7,3.1,1.4,14,0,74.4,1,False,2023-07-24,,3.55,9590.3,1
EMP0118,Team F,Engineering,QA Engineer,EMP0392,HQ,2026-04-01,160.0,162.9,2.9,0.6,24,0,69.0,1,False,2023-06-17,,3.64,7024.5,1
EMP0297,Team F,Operations,Ops Coordinator,EMP0185,HQ,2026-02-01,160.0,162.0,2.0,0.5,66,35,65.4,1,False,2022-01-30,,3.34,4455.0,1
EMP0099,Team J,Engineering,Data Engineer,EMP0344,Branch-East,2026-07-01,160.0,150.2,25.2,1.6,13,0,79.6,2,False,2025-06-21,,3.16,11280.0,1
EMP0230,Team G,support,Support Lead,EMP0280,HQ,2026-05-01,160.0,155.1,0.4,0.7,89,60,68.1,3,False,2024-09-03,,4.22,5293.8,1
EMP0019,Team G,Sales,Account Executive,EMP0006,HQ,2026-05-01,160.0,158.7,4.0,1.5,19,2000,69.0,0,False,2025-03-26,,3.45,6588.0,1
EMP0115,Team A,Support,Support Agent,EMP0085,Remote,2025-11-01,160.0,162.1,2.1,1.0,89,50,79.2,1,False,2023-09-29,,3.21,3966.0,1
EMP0071,Team E,Operations,Ops Analyst,EMP0193,HQ,2026-03-01,160.0,161.6,1.6,1.3,53,40,60.0,4,False,2022-11-07,,4.36,5248.0,1
EMP0485,Team D,Sales,SDR,EMP0471,HQ,2025-09-01,160.0,151.3,7.9,1.0,44,150,26.9,0,False,2024-05-27,,3.53,4568.2,1
EMP0061,Team J,Sales,Account Executive,EMP0193,Branch-East,2026-07-01,160.0,148.2,1.7,3.1,14,2000,78.1,0,False,2021-08-20,,4.24,6030.0,1
EMP0428,Team I,Marketing,Content Creator,EMP0102,HQ,2026-08-01,160.0,165.7,5.7,0.4,22,150,77.6,1,False,2024-10-09,,3.6,5227.5,1
EMP0031,Team F,Support,Support Agent,EMP0100,Branch-West,2025-09-01,160.0,159.7,19.6,1.0,87,50,83.2,2,False,2022-09-27,,3.79,4538.4,1
EMP0344,Team A,Sales,SDR,EMP0450,Remote,2026-01-01,160.0,157.8,1.8,2.0,55,150,82.1,0,False,2022-08-19,,2.3,4494.0,1
EMP0498,Team J,Engineering,Developer,EMP0449,Branch-West,2026-02-01,160.0,162.1,2.1,0.3,17,0,73.2,1,False,2024-06-20,,4.09,9088.75,1
EMP0107,Team F,Sales,Sales Manager,EMP0420,Remote,2026-02-01,160.0,168.2,11.3,1.5,7,2500,83.2,6,False,2024-02-15,,3.5,9627.8,1
EMP0258,Team I,Support,Support Agent,EMP0210,Branch-East,2025-11-01,160.0,162.3,3.3,0.2,134,50,91.1,1,False,2025-07-29,,3.9,4014.0,1
EMP0323,Team C,Support,Support Agent,EMP0071,Remote,2026-02-01,160.0,162.9,2.9,0.4,139,50,79.4,1,False,2023-12-31,,2.68,4014.0,1
EMP0108,Team J,Operations,Ops Analyst,EMP0061,Branch-East,2025-12-01,160.0,164.0,24.6,0.2,47,40,91.1,2,False,2022-03-17,,4.32,6428.8,1
EMP0253,Team G,Operations,Ops Coordinator,EMP0450,HQ,2026-02-01,160.0,150.6,5.5,4.8,52,35,68.6,0,False,2022-07-28,,3.19,4288.95,1
EMP0220,Team I,Operations,Ops Analyst,EMP0210,HQ,2026-07-01,160.0,160.3,0.3,3.4,66,40,60.8,3,False,2024-02-16,,3.37,5144.0,1
EMP0125,Team G,Engineering,QA Engineer,EMP0033,HQ,2026-05-01,160.0,166.3,17.0,0.3,26,0,90.4,0,False,2022-05-04,,3.65,8055.6,1
EMP0002,Team D,Marketing,Marketing Specialist,EMP0344,Remote,2026-02-01,160.0,164.9,4.9,0.2,14,300,81.8,1,False,2022-03-21,,4.39,5684.25,1
EMP0313,Team G,Engineering,DevOps Engineer,EMP0225,HQ,2025-11-01,160.0,166.0,6.0,1.8,19,0,96.1,1,True,2024-06-02,2025-11-02,2.41,10150.0,1
EMP0464,Team J,Sales,Account Executive,EMP0277,HQ,2026-08-01,160.0,159.9,12.4,0.5,17,2000,91.6,0,False,2024-07-31,,4.13,7140.0,1
EMP0474,  Team F  ,Marketing,Marketing Specialist,EMP0035,HQ,2026-07-01,160.0,144.9,39.9,0.9,6,300,78.0,0,False,2024-08-21,,2.99,6756.75,1
EMP0083,Team D,Sales,Account Executive,EMP0320,HQ,2026-01-01,160.0,168.7,14.0,0.1,18,2000,57.5,1,False,2025-05-17,,3.02,7588.0,1
EMP0307,Team B,Sales,Sales Manager,EMP0320,Remote,2026-02-01,160.0,160.1,0.1,1.0,9,2500,81.4,1,False,2022-12-08,,4.03,8333.0,1
EMP0485,Team D,Sales,SDR,EMP0471,HQ,2026-01-01,160.0,163.6,3.6,2.5,42,150,39.4,0,False,2024-05-27,,4.81,4732.0,1
EMP0097,Team C,Sales,Account Executive,EMP0280,HQ,2026-08-01,160.0,160.0,2.7,1.9,15,2000,84.0,2,False,2024-09-29,,3.88,6562.0,1
EMP0022,Team E,Engineering,QA Engineer,EMP0245,Remote,2026-05-01,160.0,149.3,11.3,3.8,32,0,77.5,0,False,2023-06-03,,3.78,6982.5,1
EMP0338,Team D,Support,Support Agent,EMP0422,Remote,2025-12-01,160.0,162.7,3.2,2.6,114,50,49.9,3,False,2025-09-16,,4.23,4020.0,1
EMP0249,Team I,marketing,Content Creator,EMP0035,Remote,2026-05-01,160.0,162.1,2.1,2.6,21,150,84.9,3,False,2023-06-24,,3.07,4957.5,1
EMP0057,Team H,Engineering,Data Engineer,EMP0245,Remote,2025-11-01,160.0,149.4,2.5,,21,0,80.6,3,False,2025-05-07,,4.31,9189.0,1
EMP0346,Team H,Support,Support Lead,EMP0434,Remote,2025-09-01,160.0,164.0,4.0,0.5,76,60,55.2,1,False,2024-07-26,,3.29,5780.0,1
EMP0169,Team J,Engineering,Data Engineer,EMP0301,Branch-East,2025-12-01,160.0,156.3,1.1,1.6,9,0,83.3,3,False,2023-06-29,,2.91,9477.0,1
EMP0105,Team F,Marketing,Marketing Specialist,EMP0303,HQ,2026-08-01,160.0,152.7,0.4,1.5,14,300,62.1,2,False,2022-11-12,,3.42,5058.9,1
EMP0347,Team B,Support,Support Agent,EMP0453,HQ,2025-09-01,160.0,162.3,2.3,,156,50,75.8,0,False,2023-01-12,,2.92,3978.0,1
EMP0457,Team G,ENGINEERING,Data Engineer,EMP0147,Remote,2025-12-01,160.0,164.6,4.6,2.0,13,0,84.6,4,False,2022-07-06,,2.54,10290.0,1
EMP0097,Team C,Sales,Account Executive,EMP0280,HQ,2026-02-01,160.0,161.6,10.7,0.0,20,2000,93.0,2,False,2024-09-29,,4.51,7106.0,1
EMP0008,Team B,Marketing,Marketing Specialist,EMP0457,Remote,2026-03-01,160.0,138.3,3.6,2.0,10,300,80.3,0,False,2025-09-18,,3.36,4742.1,1
EMP0274,Team D,Marketing,Marketing Specialist,EMP0243,Remote,2026-04-01,160.0,163.2,3.2,0.7,13,300,86.4,1,False,2026-02-02,,3.75,5544.0,1
EMP0496,Team E,Sales,Account Executive,EMP0303,HQ,2026-02-01,160.0,163.9,3.9,1.3,18,2000,65.8,0,False,2023-10-04,,2.99,6790.0,1
EMP0473,Team H,Engineering,Developer,EMP0071,HQ,2025-12-01,160.0,154.3,2.9,0.4,18,0,59.5,1,False,2025-08-28,,4.2,8725.75,1
EMP0489,Team C,Marketing,Marketing Specialist,EMP0471,Remote,2025-11-01,160.0,160.4,0.4,4.2,12,300,,0,False,2024-06-30,,4.88,5313.0,1
EMP0123,Team C,Sales,SDR,EMP0344,Branch-West,2025-12-01,160.0,158.3,10.7,0.3,27,150,73.9,3,False,2025-05-24,,3.41,4881.8,1
EMP0153,Team J,Engineering,Developer,EMP0457,Remote,2025-11-01,160.0,159.2,1.7,1.7,22,0,93.1,3,False,2025-06-07,,4.15,8896.25,1
EMP0400,Team A,Operations,Ops Coordinator,EMP0434,HQ,2026-05-01,160.0,150.0,1.1,0.1,79,35,95.8,4,False,2022-01-07,,3.79,4094.55,1
EMP0131,Team F,Sales,Account Executive,EMP0245,Remote,2025-10-01,160.0,156.8,1.1,2.6,17,2000,84.2,3,False,2024-05-01,,2.67,6338.0,1
EMP0495,team e,Sales,Sales Manager,EMP0476,Remote,2026-02-01,160.0,164.5,4.5,3.2,7,2500,69.4,2,False,2025-09-22,,3.8,8905.0,1
EMP0016,Team H,Engineering,QA Engineer,EMP0147,HQ,2026-04-01,160.0,161.5,1.5,3.2,21,0,93.3,4,False,2024-01-03,,3.62,6877.5,1
EMP0408,TEAM A,Engineering,Data Engineer,EMP0301,Branch-West,2026-03-01,160.0,162.8,2.8,4.2,15,0,69.8,2,False,2022-03-01,,3.84,10020.0,1
EMP0097,Team C,Sales,Account Executive,EMP0280,HQ,2026-05-01,160.0,162.2,27.7,0.0,17,2000,65.5,0,False,2024-09-29,,3.31,8150.0,1
EMP0381,Team B,Engineering,Developer,EMP0259,Remote,2025-12-01,160.0,158.2,9.2,0.3,21,0,61.7,7,False,2025-04-07,,3.56,9460.0,1
EMP0325,Team B,Marketing,Content Creator,EMP0376,Remote,2026-06-01,160.0,160.3,0.3,0.8,22,150,68.7,0,False,2024-06-07,,3.51,4822.5,1
EMP0286,Team J,Engineering,QA Engineer,EMP0162,Remote,2026-08-01,160.0,160.7,0.7,2.6,22,0,79.0,5,False,2021-12-01,,4.15,6793.5,1
EMP0379,Team D,Operations,Ops Analyst,EMP0471,Remote,2026-06-01,160.0,161.0,1.0,,54,40,63.4,0,False,2025-03-21,,3.92,5200.0,1
EMP0444,Team G,Sales,Sales Manager,EMP0199,HQ,2026-03-01,160.0,160.0,13.1,0.3,10,2500,49.8,1,False,2023-01-09,,,9341.8,1
EMP0295,Team F,Engineering,Developer,EMP0035,Remote,2026-07-01,160.0,169.2,11.2,3.1,9,0,36.7,1,False,2023-06-07,,4.17,10230.0,1
EMP0220,Team I,Operations,Ops Analyst,EMP0210,HQ,2026-01-01,160.0,160.2,0.2,1.9,56,40,64.9,0,False,2024-02-16,,3.02,5136.0,1
EMP0010,Team I,Support,Support Lead,EMP0259,Branch-West,2025-11-01,160.0,160.9,3.1,0.0,108,60,82.5,2,False,2022-08-16,,4.2,5628.7,1
EMP0257,Team A,Marketing,Marketing Specialist,EMP0476,Remote,2026-01-01,160.0,160.2,0.6,5.4,15,300,79.3,1,False,2025-05-28,,2.66,5316.3,1
EMP0320,Team C,Engineering,Data Engineer,EMP0193,Remote,2026-07-01,160.0,152.8,2.9,0.3,12,0,65.1,5,False,2025-04-08,,3.94,9429.0,1
EMP0025,Team B,Sales,SDR,EMP0077,Remote,2025-11-01,160.0,153.5,9.0,3.0,29,150,77.1,2,False,2021-10-07,,3.07,4676.0,1
EMP0394,Team F,Operations,Ops Coordinator,EMP0259,Remote,2026-02-01,160.0,161.4,1.4,0.1,64,35,79.0,0,False,2025-03-27,,3.32,4414.5,1
EMP0421,Team C,Operations,Ops Coordinator,EMP0303,Branch-East,2026-03-01,160.0,145.8,5.8,0.0,74,35,66.0,1,False,2026-01-13,,3.32,4171.5,1
EMP0145,TEAM E,Engineering,QA Engineer,EMP0453,Branch-East,2026-01-01,160.0,147.1,5.3,2.4,25,0,86.4,1,False,2024-09-23,,3.65,6512.1,1
EMP0164,Team E,Sales,Sales Manager,EMP0422,Remote,2026-01-01,160.0,164.2,6.4,1.1,10,2500,70.0,0,False,2023-03-02,,3.57,9037.6,1
EMP0468,Team A,Marketing,Marketing Specialist,EMP0259,HQ,2026-01-01,160.0,154.8,9.9,2.3,8,300,75.5,0,False,2021-09-19,,3.17,5598.45,1
EMP0472,Team A,Marketing,Marketing Specialist,EMP0471,Remote,2025-11-01,160.0,142.3,0.2,1.1,12,300,37.9,2,False,2023-02-14,,3.05,4705.8,1
EMP0401,Team D,Engineering,Data Engineer,EMP0071,HQ,2025-09-01,160.0,149.7,5.8,3.8,15,0,42.5,0,False,2023-05-29,,,9504.0,1
EMP0169,Team J,Engineering,Data Engineer,EMP0301,Branch-East,2026-06-01,160.0,147.0,9.8,0.3,17,0,83.5,2,False,2023-06-29,,3.44,9702.0,1
EMP0321,Team F,Sales,Sales Manager,EMP0193,HQ,2026-06-01,160.0,166.9,8.1,0.5,6,2500,90.4,4,False,2023-05-01,,3.7,9310.6,1
EMP0450,Team I,Engineering,DevOps Engineer,,Remote,2026-05-01,160.0,148.5,3.4,2.5,12,0,65.9,5,False,2024-04-19,,2.97,8908.8,1
EMP0116,Team G,Marketing,Marketing Specialist,EMP0162,,2026-05-01,160.0,155.2,3.5,,13,300,62.8,8,False,2024-08-31,,3.94,5294.85,1
EMP0226,Team G,Engineering,DevOps Engineer,EMP0392,HQ,2026-04-01,160.0,153.9,1.1,0.8,17,0,58.5,2,False,2025-12-09,,2.8,9021.9,1
EMP0168,Team C,Engineering,DevOps Engineer,EMP0392,HQ,2025-10-01,160.0,140.9,2.2,0.4,15,0,72.6,1,False,2025-06-23,,3.37,8363.6,1
EMP0319,Team A,Engineering,QA Engineer,EMP0482,Branch-West,2026-03-01,160.0,170.4,14.9,0.7,29,0,86.5,1,False,2023-06-16,,4.1,8095.5,1
EMP0205,Team E,Support,Support Lead,EMP0449,Remote,2026-07-01,160.0,160.8,0.8,0.7,68,60,78.8,2,False,2024-03-02,,4.49,5508.0,1
EMP0410,Team H,Engineering,Developer,EMP0061,HQ,2026-05-01,160.0,144.5,2.4,3.1,20,0,88.2,3,False,2024-09-20,,2.57,8145.5,1
EMP0312,Team B,Engineering,DevOps Engineer,EMP0320,Branch-West,2025-10-01,160.0,149.7,12.8,0.3,15,0,46.2,5,False,2023-02-28,,3.45,9796.2,1
EMP0455,Team B,Engineering,DevOps Engineer,EMP0251,Remote,2026-01-01,160.0,155.0,8.1,0.4,14,0,,1,False,2025-01-25,,2.55,9694.7,1
EMP0374,Team H,support,Support Agent,EMP0344,Branch-West,2025-12-01,160.0,168.3,8.4,1.2,112,50,89.4,0,False,2022-05-23,,4.1,4341.6,1
EMP0205,Team E,Support,Support Lead,EMP0449,Remote,2025-11-01,160.0,160.1,0.1,4.0,84,60,73.5,1,False,2024-03-02,,3.75,5448.5,1
EMP0366,Team H,Sales,SDR,EMP0434,HQ,2026-03-01,160.0,135.5,8.7,0.9,31,150,67.7,3,False,2022-12-12,,4.25,4159.4,1
EMP0498,Team J,Engineering,Developer,EMP0449,Branch-West,2026-06-01,160.0,146.2,4.1,2.7,17,0,72.8,2,False,2024-06-20,,2.87,8379.25,1
EMP0063,Team F,Operations,Ops Analyst,EMP0470,Remote,2026-05-01,160.0,156.1,1.6,0.6,73,40,83.1,2,False,2026-02-18,,3.77,5072.0,1
EMP0026,Team F,Operations,Ops Analyst,EMP0185,Remote,2026-02-01,160.0,166.7,6.7,0.2,60,40,76.9,0,False,2025-04-06,,4.22,5656.0,1
EMP0339,Team H,Sales,Account Executive,EMP0035,HQ,2026-03-01,160.0,151.3,0.8,0.7,21,2000,53.1,3,False,2024-04-19,,2.9,6100.0,1
EMP0408,Team A,Engineering,Data Engineer,EMP0301,Branch-West,2025-09-01,160.0,172.8,22.5,0.2,14,0,83.2,4,False,2022-03-01,,3.7,12393.0,1
EMP0179,Team B,Marketing,Marketing Specialist,EMP0449,Branch-West,2026-06-01,160.0,147.9,24.4,,14,300,67.0,1,False,2023-03-01,,3.31,6088.5,1
EMP0473,Team H,Engineering,Developer,EMP0071,HQ,2026-01-01,160.0,166.1,6.1,0.2,13,0,83.4,0,False,2025-08-28,,3.19,9638.75,1
EMP0024,Team G,Sales,SDR,EMP0434,Remote,2025-09-01,160.0,177.3,17.3,1.1,26,150,88.1,0,False,2024-05-13,,3.72,5691.0,1
EMP0239,Team C,Support,Support Agent,EMP0296,Remote,2025-10-01,160.0,165.7,5.7,1.8,95,50,91.3,0,False,2023-05-19,,4.08,4182.0,1
EMP0194,TEAM A,Support,Support Lead,EMP0320,,2026-07-01,160.0,150.9,15.0,0.5,76,60,69.5,1,False,2022-07-10,,4.01,5895.6,1
EMP0297,Team F,Operations,Ops Coordinator,EMP0185,HQ,2026-03-01,160.0,151.3,5.6,0.6,95,35,95.4,3,False,2022-01-30,,3.95,4311.9,1
EMP0049,Team C,  Sales  ,SDR,EMP0225,Remote,2026-08-01,160.0,154.4,5.3,1.4,42,150,88.8,2,False,2025-12-31,,3.33,4545.8,1
EMP0183,Team B,Marketing,Content Creator,EMP0438,HQ,2025-12-01,160.0,162.4,2.4,1.1,16,150,60.0,2,False,2024-02-19,,4.07,4980.0,1
EMP0173,Team B,Sales,SDR,EMP0392,Remote,2025-10-01,160.0,156.7,5.7,1.2,50,150,87.1,3,False,2021-08-26,,4.76,4627.0,1
EMP0290,Team B,Sales,Sales Manager,EMP0453,Remote,2026-04-01,160.0,161.2,2.8,0.5,10,2500,94.5,2,False,2022-01-31,,4.42,8600.8,1
EMP0324,TEAM J,Engineering,QA Engineer,EMP0392,Remote,2026-03-01,160.0,160.7,0.7,0.3,25,0,90.7,0,False,2023-03-24,,3.51,6793.5,1
EMP0015,Team H,Engineering,Developer,EMP0457,HQ,2025-09-01,160.0,163.3,12.0,5.7,20,0,60.4,0,False,2023-09-11,,4.46,9971.5,1
EMP0197,Team E,Support,Support Agent,EMP0449,HQ,2026-03-01,160.0,153.6,0.5,0.7,118,50,54.8,3,False,2025-08-22,,2.98,3704.4,1
EMP0138,Team F,Support,Support Lead,EMP0245,Remote,2025-11-01,160.0,151.7,4.1,0.3,93,60,62.9,0,False,2024-02-26,,3.46,5366.9,1
EMP0281,Team D,Marketing,Marketing Specialist,EMP0376,HQ,2026-01-01,160.0,154.2,28.5,0.8,15,300,52.6,0,False,2024-05-11,,3.59,6499.35,1
EMP0067,Team F,Engineering,Developer,EMP0355,Remote,2026-06-01,160.0,155.1,1.3,2.0,22,0,79.1,0,False,2022-11-18,,3.57,8637.75,1
EMP0179,Team B,Marketing,Marketing Specialist,EMP0449,Branch-West,2025-09-01,160.0,163.9,3.9,0.9,12,300,83.1,0,False,2023-03-01,,3.68,5601.75,1
EMP0252,Team G,Sales,Account Executive,EMP0033,HQ,2025-10-01,160.0,151.0,6.7,1.0,16,2000,84.0,2,False,2025-06-22,,4.29,6442.0,1
EMP0342,Team G,Sales,SDR,EMP0061,Branch-West,2025-10-01,160.0,152.9,1.0,0.1,41,150,64.0,0,False,2023-09-30,,2.82,4323.2,1
EMP0429,Team I,Sales,Sales Manager,EMP0344,Branch-East,2026-03-01,160.0,172.6,12.6,2.6,10,2500,70.1,0,False,2022-08-12,,4.39,9958.0,1
EMP0116,Team G,Marketing,Marketing Specialist,EMP0162,Remote,2025-09-01,160.0,154.1,0.5,0.2,12,300,72.6,1,False,2024-08-31,,4.11,5110.05,1
EMP0330,Team E,Engineering,DevOps Engineer,EMP0351,Branch-East,2025-09-01,160.0,160.4,0.4,2.4,15,0,50.4,0,False,2025-07-30,,2.89,9338.0,1
EMP0062,Team D,Engineering,QA Engineer,EMP0187,Branch-West,2025-09-01,160.0,160.8,13.4,1.9,25,0,88.4,0,False,2024-11-23,,3.97,7597.8,1
EMP0359,Team B,Marketing,Marketing Specialist,EMP0210,HQ,2026-08-01,160.0,150.4,3.2,0.3,17,300,71.0,1,False,2023-12-04,,3.42,5121.6,1
EMP0192,Team G,Marketing,Marketing Specialist,EMP0457,HQ,2025-10-01,160.0,162.2,2.2,1.0,11,300,,2,False,2024-01-17,,3.25,5461.5,1
EMP0020,Team B,Engineering,DevOps Engineer,EMP0344,,2025-12-01,160.0,154.8,11.8,1.4,15,0,78.3,0,False,2025-08-14,,3.06,10005.0,1
EMP0292,Team A,Engineering,QA Engineer,EMP0225,Remote,2026-08-01,160.0,160.3,4.8,4.3,24,0,85.6,2,False,2023-01-21,,3.4,7035.0,1
EMP0233,Team D,Sales,Sales Manager,EMP0218,Branch-West,2025-12-01,160.0,160.1,8.7,0.4,11,2500,80.2,1,True,2022-03-08,2026-03-31,3.13,9003.8,1
EMP0440,Team G,Engineering,Developer,EMP0318,HQ,2026-01-01,160.0,163.5,17.0,0.1,17,0,77.6,2,False,2025-09-25,,4.0,10395.0,1
EMP0079,Team J,Sales,Account Executive,EMP0077,Branch-East,2025-09-01,160.0,155.6,5.4,1.6,17,2000,84.9,1,False,2023-01-21,,3.59,6548.0,1
EMP0450,Team I,Engineering,DevOps Engineer,,Remote,2026-02-01,160.0,144.0,16.0,0.1,13,0,78.9,0,False,2024-04-19,,3.19,9744.0,1
EMP0423,Team D,Engineering,QA Engineer,EMP0277,HQ,2025-11-01,160.0,154.7,0.6,6.1,25,0,41.4,2,False,2022-02-23,,4.55,6535.2,1
EMP0328,  Team F  ,Support,Support Lead,EMP0167,Branch-East,2025-10-01,160.0,166.0,20.6,,113,60,83.0,3,False,2024-09-18,,4.64,6694.6,1
EMP0020,Team B,Engineering,DevOps Engineer,EMP0344,HQ,2026-05-01,160.0,156.7,9.0,0.9,15,0,77.6,0,False,2025-08-14,,2.88,9871.6,1
EMP0353,Team A,Support,Support Lead,EMP0470,Remote,2025-10-01,160.0,161.3,2.4,0.0,97,60,66.4,1,False,2023-08-26,,2.38,5606.6,1
EMP0173,Team B,SALES,SDR,EMP0392,,2025-09-01,160.0,164.1,12.6,1.3,39,150,71.1,0,False,2021-08-26,,3.43,5124.0,1
EMP0278,Team G,Support,Support Agent,EMP0199,Remote,2026-02-01,160.0,170.5,10.5,2.0,132,50,62.9,3,False,2024-09-27,,3.0,4470.0,1
EMP0170,Team B,Sales,Sales Manager,EMP0210,Remote,2026-05-01,160.0,154.9,0.1,7.3,4,2500,67.3,0,False,2025-03-25,,3.51,8062.6,1
EMP0349,Team G,Sales,Account Executive,EMP0047,,2026-06-01,160.0,161.1,1.1,0.3,15,2000,95.3,1,False,2021-12-13,,3.68,6510.0,1
EMP0086,Team H,Sales,Sales Manager,EMP0217,Branch-East,2026-06-01,160.0,155.2,9.8,0.1,14,2500,84.2,1,False,2023-08-16,,4.11,8834.8,1
EMP0473,Team H,Engineering,Developer,EMP0071,HQ,2026-02-01,160.0,159.7,8.2,2.0,22,0,78.6,1,False,2025-08-28,,3.59,9460.0,1
EMP0411,Team G,Sales,Account Executive,EMP0100,Remote,2026-02-01,160.0,158.9,5.4,0.1,11,2000,90.8,6,False,2025-11-25,,3.85,6680.0,1
EMP0216,Team G,Engineering,DevOps Engineer,EMP0293,Remote,2026-01-01,160.0,170.6,10.6,1.7,13,0,87.1,2,False,2025-01-28,,3.37,10817.0,1
EMP0071,Team E,Operations,Ops Analyst,EMP0193,HQ,2026-02-01,160.0,162.9,2.9,2.5,64,40,89.6,1,False,2022-11-07,,2.9,5352.0,1
EMP0500,Team B,Marketing,Content Creator,EMP0243,Branch-East,2026-05-01,160.0,162.1,2.1,0.9,22,150,67.1,1,False,2023-12-17,,3.71,4957.5,1
EMP0300,Team J,Engineering,QA Engineer,EMP0480,HQ,2026-01-01,160.0,154.4,0.3,0.1,24,0,53.1,1,False,2024-10-03,,3.99,6503.7,1
EMP0371,Team H,Engineering,QA Engineer,EMP0225,Branch-East,2026-06-01,160.0,162.0,10.6,1.0,26,0,,0,False,2024-02-11,,3.8,7471.8,1
EMP0163,Team I,Support,Support Agent,EMP0471,Branch-East,2025-12-01,160.0,173.1,14.1,0.1,86,50,80.8,1,False,2024-08-22,,2.19,4662.0,1
EMP0348,Team D,Engineering,Data Engineer,EMP0085,Branch-East,2025-10-01,160.0,148.9,26.2,2.4,15,0,70.0,0,False,2025-05-03,,3.28,11292.0,1
EMP0359,Team B,Marketing,Marketing Specialist,EMP0210,HQ,2026-06-01,160.0,153.6,3.4,1.4,14,300,89.6,2,False,2023-12-04,,3.8,5237.1,1
EMP0130,Team G,sales,SDR,EMP0351,HQ,2025-12-01,160.0,162.0,2.0,1.5,45,150,91.9,1,False,2025-04-15,,3.34,4620.0,1
EMP0466,Team F,Sales,SDR,EMP0422,,2026-01-01,160.0,161.8,1.8,0.2,41,150,86.8,0,False,2025-03-16,,4.97,4606.0,1
EMP0184,Team E,Marketing,Marketing Specialist,EMP0100,HQ,2026-01-01,160.0,165.8,9.6,2.8,11,300,70.7,0,False,2025-08-01,,2.95,5946.6,1
EMP0378,Team D,Engineering,Developer,EMP0177,Remote,2026-04-01,160.0,159.3,0.9,3.3,14,0,93.7,4,False,2023-07-16,,,8835.75,1
EMP0332,Team G,Operations,Ops Analyst,EMP0476,HQ,2026-08-01,160.0,172.4,12.4,2.0,71,40,86.4,2,False,2022-09-30,,3.79,6112.0,1
EMP0497,Team A,Sales,Account Executive,EMP0351,Remote,2026-01-01,160.0,161.8,1.8,1.6,9,2000,52.3,0,False,2025-09-17,,3.86,6580.0,1
EMP0376,Team E,Sales,SDR,EMP0193,Branch-West,2025-09-01,160.0,149.8,6.8,1.0,47,150,89.0,0,True,2022-03-01,2026-06-17,4.49,4480.0,1
EMP0346,Team H,Support,Support Lead,EMP0434,Remote,2026-08-01,160.0,163.1,3.1,1.7,133,60,51.5,5,False,2024-07-26,,3.19,5703.5,1
EMP0198,Team C,Marketing,Content Creator,EMP0162,Remote,2026-06-01,160.0,155.3,0.6,0.6,19,150,92.6,1,False,2024-12-29,,4.06,4686.0,1
EMP0068,Team J,Operations,Ops Analyst,EMP0434,,2025-11-01,160.0,162.0,3.3,0.4,53,40,68.9,4,False,2024-04-02,,3.95,5342.4,1
EMP0478,Team C,Sales,Account Executive,EMP0457,HQ,2026-02-01,160.0,150.3,2.6,3.2,11,2000,52.6,0,False,2025-12-26,,3.94,6168.0,1
EMP0376,Team E,Sales,SDR,EMP0193,Branch-West,2026-02-01,160.0,163.6,5.2,0.5,45,150,80.9,1,True,2022-03-01,2026-06-17,3.6,4799.2,1
EMP0442,Team A,Marketing,Marketing Specialist,EMP0280,Branch-East,2026-02-01,160.0,160.8,0.8,0.1,10,300,,2,False,2022-02-19,,4.05,5346.0,1
EMP0474,Team F,Marketing,Marketing Specialist,EMP0035,HQ,2025-09-01,160.0,161.6,1.6,0.1,11,300,84.5,1,False,2024-08-21,,2.72,5412.0,1
EMP0072,Team G,Engineering,Developer,EMP0218,HQ,2026-03-01,160.0,166.3,7.0,0.1,20,0,91.4,0,True,2025-02-03,2026-05-29,3.14,9724.0,1
EMP0129,Team J,Engineering,DevOps Engineer,EMP0033,,2026-02-01,160.0,162.2,2.2,0.4,13,0,51.2,0,False,2022-04-11,,2.55,9599.0,1
EMP0268,Team G,Support,Support Lead,EMP0147,HQ,2026-06-01,160.0,146.6,17.8,1.7,122,60,81.6,0,False,2022-06-15,,4.39,5892.2,1
EMP0404,Team I,Operations,Ops Analyst,EMP0167,HQ,2026-08-01,160.0,162.6,2.6,0.5,71,40,62.9,0,False,2022-03-08,,5.0,5328.0,1
EMP0131,Team F,Sales,Account Executive,EMP0245,Remote,2026-05-01,160.0,160.0,0.0,1.0,12,2000,61.3,0,False,2024-05-01,,3.21,6400.0,1
EMP0224,Team F,Sales,SDR,EMP0243,HQ,2025-10-01,160.0,162.7,2.7,5.9,51,150,78.8,0,True,2021-12-19,2026-02-17,4.35,4669.0,1
EMP0332,Team G,Operations,Ops Analyst,EMP0476,HQ,2026-06-01,160.0,164.7,21.2,3.3,72,40,79.1,0,False,2022-09-30,,3.78,6288.0,1
EMP0204,  Team G  ,Marketing,Content Creator,EMP0035,Remote,2025-12-01,160.0,139.8,0.1,1.6,18,150,,2,False,2023-12-04,,3.09,4198.5,1
EMP0153,Team J,Engineering,Developer,EMP0457,Remote,2026-01-01,160.0,147.1,5.0,1.0,18,0,70.5,9,False,2025-06-07,,3.66,8503.0,1
EMP0165,Team C,  Engineering  ,DevOps Engineer,EMP0071,Remote,2026-05-01,160.0,166.2,7.2,0.3,16,0,61.8,7,True,2023-06-22,2026-05-31,3.36,10266.0,1
EMP0499,Team C,Marketing,Marketing Specialist,EMP0177,HQ,2026-02-01,160.0,148.4,9.4,0.3,11,300,81.4,0,False,2025-03-25,,,5362.5,1
EMP0440,Team G,Engineering,Developer,EMP0318,HQ,2026-06-01,160.0,160.5,2.1,1.4,20,0,90.3,0,False,2025-09-25,,3.39,9000.75,1
EMP0364,Team H,Sales,Account Executive,EMP0243,HQ,2026-08-01,160.0,163.5,21.9,0.9,12,2000,90.2,3,False,2023-08-09,,3.97,7854.0,1
EMP0489,Team C,Marketing,Marketing Specialist,EMP0471,Remote,2025-12-01,160.0,165.4,5.4,3.7,16,300,43.9,0,False,2024-06-30,,3.97,5725.5,1
EMP0270,Team H,Engineering,DevOps Engineer,EMP0392,Remote,2026-01-01,160.0,145.6,4.2,0.8,17,0,62.9,0,False,2022-08-13,,3.34,8810.2,1
EMP0306,Team H,Marketing,Content Creator,EMP0333,HQ,2026-07-01,160.0,148.9,13.0,2.1,17,150,52.6,0,False,2025-10-08,,3.81,5052.0,1
EMP0159,Team E,Engineering,DevOps Engineer,EMP0185,Remote,2026-08-01,160.0,159.2,7.5,1.7,15,0,41.7,0,False,2024-07-19,,3.13,9886.1,1
EMP0273,Team E,Marketing,Content Creator,EMP0438,Branch-West,2026-05-01,160.0,167.4,7.4,2.6,22,150,67.7,3,False,2025-06-28,,3.17,5355.0,1
EMP0263,Team D,  Engineering  ,Developer,EMP0450,Remote,2026-08-01,160.0,170.7,13.1,1.9,15,0,62.3,0,False,2022-07-26,,2.68,10469.25,1
EMP0318,Team G,Engineering,QA Engineer,EMP0450,Remote,2026-01-01,160.0,156.0,4.5,0.9,24,0,72.5,1,False,2022-01-13,,3.29,6835.5,1
EMP0333,Team A,Engineering,QA Engineer,EMP0480,Branch-West,2026-07-01,160.0,159.8,1.2,0.5,24,0,71.6,0,False,2022-09-22,,3.88,6787.2,1
EMP0172,Team G,Engineering,Developer,EMP0071,Branch-West,2025-09-01,160.0,168.0,8.0,3.0,23,0,59.5,1,False,2024-03-09,,3.78,9900.0,1
EMP0107,Team F,Sales,Sales Manager,EMP0420,Remote,2026-01-01,160.0,148.5,13.2,3.0,7,2500,72.7,1,False,2024-02-15,,4.45,8751.6,1
EMP0464,Team J,Sales,Account Executive,EMP0277,HQ,2025-10-01,160.0,151.6,8.4,0.9,15,2000,88.5,0,False,2024-07-31,,4.72,6568.0,1
EMP0326,Team I,Operations,Ops Analyst,EMP0047,Branch-East,2026-06-01,160.0,146.2,3.6,2.7,57,40,70.6,1,False,2023-07-15,,3.87,4851.2,1
EMP0167,Team E,Sales,Account Executive,EMP0450,,2026-05-01,160.0,162.5,2.5,1.5,13,2000,40.4,0,False,2026-02-10,,3.19,6650.0,1
EMP0175,Team D,Support,Support Lead,EMP0344,HQ,2026-02-01,160.0,149.1,2.0,0.2,97,60,54.8,0,False,2022-10-14,,4.04,5171.4,1
EMP0420,Team D,Operations,Ops Analyst,EMP0193,Remote,2026-02-01,160.0,159.1,2.0,1.1,46,40,85.5,1,False,2025-05-29,,3.05,5187.2,1
EMP0057,Team H,Engineering,Data Engineer,EMP0245,Remote,2025-12-01,160.0,158.5,11.1,1.9,10,0,70.1,0,False,2025-05-07,,3.51,10509.0,1
EMP0279,Team J,Support,Support Lead,EMP0320,HQ,2026-04-01,160.0,159.7,3.4,1.0,96,60,83.7,0,False,2024-01-02,,3.63,5603.2,1
EMP0087,Team E,Support,Support Lead,EMP0185,HQ,2026-03-01,160.0,161.9,1.9,1.3,95,60,,1,False,2023-12-17,,4.42,5601.5,1
EMP0148,Team E,SALES,Account Executive,EMP0376,HQ,2026-07-01,160.0,154.6,3.7,3.5,15,2000,64.3,1,False,2025-08-11,,3.33,6406.0,1
EMP0021,Team H,Support,Support Agent,EMP0035,Branch-East,2025-09-01,160.0,161.1,5.5,0.2,122,50,57.5,0,False,2023-09-07,,4.51,4064.4,1
EMP0449,Team F,Sales,Sales Manager,EMP0450,HQ,2026-06-01,160.0,160.6,0.6,0.4,10,2500,70.9,1,False,2025-01-09,,3.85,8398.0,1
EMP0088,Team E,Support,Support Agent,EMP0199,Branch-East,2025-12-01,160.0,153.6,6.3,0.2,105,50,88.7,1,False,2025-04-28,,3.36,3913.2,1
EMP0450,  Team I  ,Engineering,DevOps Engineer,,Remote,2025-11-01,160.0,154.4,9.5,0.6,13,0,86.0,1,False,2024-04-19,,3.83,9781.7,1
EMP0051,Team G,Marketing,Marketing Specialist,EMP0392,Remote,2025-11-01,160.0,158.2,14.5,1.0,9,300,72.8,0,False,2024-07-19,,3.08,5938.35,1
EMP0104,Team J,Sales,Account Executive,EMP0453,Remote,2026-01-01,160.0,163.1,3.1,0.3,16,2000,92.5,0,False,2022-03-09,,4.07,6710.0,1
EMP0386,Team H,Operations,Ops Coordinator,EMP0259,HQ,2025-10-01,160.0,158.9,5.0,0.6,105,35,67.9,0,False,2023-10-22,,3.81,4492.8,1
EMP0270,Team H,Engineering,DevOps Engineer,EMP0392,Remote,2025-10-01,160.0,168.7,8.7,2.4,17,0,65.3,0,False,2022-08-13,,3.35,10541.5,1
EMP0157,Team G,Support,Support Lead,EMP0035,,2026-02-01,160.0,142.2,1.8,4.0,67,60,82.8,1,False,2024-11-27,,3.68,4926.6,1
EMP0278,Team G,Support,Support Agent,EMP0199,Remote,2025-09-01,160.0,160.5,0.5,2.6,148,50,90.1,1,False,2024-09-27,,3.75,3870.0,1
EMP0273,Team E,Marketing,Content Creator,EMP0438,Branch-West,2026-07-01,160.0,142.5,15.1,3.1,20,150,93.7,10,False,2025-06-28,,4.52,4954.5,1
EMP0082,Team A,Support,Support Lead,EMP0251,Remote,2026-01-01,160.0,156.5,17.0,0.1,89,60,80.0,0,False,2022-02-09,,4.18,6188.0,1
EMP0366,Team H,Sales,SDR,EMP0434,HQ,2026-05-01,160.0,160.3,0.3,0.0,43,150,83.9,1,False,2022-12-12,,3.94,4501.0,1
EMP0246,Team B,Marketing,Marketing Specialist,EMP0355,HQ,2026-05-01,160.0,155.0,5.3,4.7,13,300,80.9,5,False,2024-11-20,,3.67,5377.35,1
EMP0460,Team F,Engineering,Data Engineer,EMP0071,HQ,2026-03-01,160.0,147.0,14.4,1.2,13,0,71.0,0,False,2022-10-30,,3.88,10116.0,1
EMP0311,Team F,Sales,Sales Manager,EMP0199,Remote,2026-06-01,160.0,160.8,0.8,1.9,12,2500,92.7,0,False,2024-06-28,,4.61,8424.0,1
EMP0487,Team H,Engineering,QA Engineer,EMP0355,Remote,2026-05-01,160.0,134.0,0.2,0.0,23,0,77.9,0,True,2022-10-01,2026-07-11,3.42,5640.6,1
EMP0020,Team B,Engineering,DevOps Engineer,EMP0344,HQ,2026-03-01,160.0,158.8,11.5,0.1,12,0,60.9,1,False,2025-08-14,,3.24,10210.9,1
EMP0311,Team F,Sales,Sales Manager,EMP0199,Remote,2025-12-01,160.0,160.9,0.9,0.1,9,2500,89.6,7,False,2024-06-28,,3.35,8437.0,1
EMP0228,Team C,Sales,SDR,EMP0476,Remote,2026-05-01,160.0,162.7,2.7,2.8,40,150,69.5,1,False,2021-12-21,,4.05,4669.0,1
EMP0357,Team D,Engineering,Developer,EMP0309,HQ,2026-07-01,160.0,146.8,0.2,0.7,17,0,76.4,7,False,2025-04-27,,3.56,8090.5,1
EMP0448,Team G,Operations,Ops Analyst,EMP0167,HQ,2026-03-01,160.0,161.9,1.9,,56,40,80.2,2,False,2024-02-09,,5.0,5272.0,1
EMP0452,Team C,Sales,SDR,EMP0085,Remote,2025-12-01,160.0,160.8,0.8,1.8,26,150,74.0,2,False,2025-12-27,,3.69,4536.0,1
EMP0040,Team D,Sales,SDR,EMP0006,HQ,2025-09-01,160.0,147.0,6.3,1.1,41,150,87.8,0,False,2022-09-05,,3.74,4380.6,1
EMP0150,Team D,Engineering,QA Engineer,EMP0243,Remote,2025-09-01,160.0,163.2,3.2,2.4,28,0,62.0,0,False,2021-10-31,,3.85,7056.0,1
EMP0270,Team H,Engineering,DevOps Engineer,EMP0392,Remote,2026-03-01,160.0,157.4,1.9,0.9,15,0,88.9,0,False,2022-08-13,,4.09,9294.5,1
EMP0203,Team B,Engineering,DevOps Engineer,EMP0280,Remote,2025-12-01,160.0,142.3,10.8,0.9,11,0,81.1,1,False,2025-08-16,,3.27,9193.0,1
EMP0258,Team I,Support,Support Agent,EMP0210,Branch-East,2026-02-01,160.0,150.1,14.2,0.9,139,50,45.8,9,False,2025-07-29,,,4113.6,1
EMP0007,Team E,Engineering,Data Engineer,EMP0355,Branch-West,2025-10-01,160.0,153.3,6.1,2.2,22,0,36.2,1,False,2022-05-29,,3.61,9747.0,1
EMP0390,Team D,Operations,Ops Coordinator,EMP0355,Branch-West,2026-07-01,160.0,167.4,7.4,1.6,80,35,96.1,1,False,2023-02-12,,3.79,4819.5,1
EMP0206,Team C,Engineering,DevOps Engineer,EMP0476,HQ,2026-02-01,160.0,162.1,2.1,1.9,12,0,89.6,0,False,2025-06-19,,3.94,9584.5,1
EMP0050,Team J,Engineering,Developer,EMP0471,Branch-East,2025-12-01,160.0,147.0,0.2,3.7,11,0,56.3,6,False,2022-02-18,,4.36,8101.5,1
EMP0038,Team J,Engineering,DevOps Engineer,EMP0199,Branch-West,2026-05-01,160.0,160.2,0.2,1.0,17,0,51.3,2,False,2023-04-29,,3.06,9309.0,1
EMP0486,Team A,Marketing,Marketing Specialist,EMP0453,HQ,2025-09-01,160.0,154.4,20.4,2.9,14,300,67.8,0,False,2021-10-11,,4.28,6105.0,1
EMP0401,Team D,Engineering,Data Engineer,EMP0071,HQ,2025-12-01,160.0,168.0,8.0,0.7,10,0,63.3,1,False,2023-05-29,,3.31,10800.0,1
EMP0488,Team I,Engineering,QA Engineer,EMP0480,HQ,2026-06-01,160.0,155.7,2.7,0.3,27,0,49.1,2,False,2023-12-14,,4.19,6709.5,1
EMP0108,Team J,Operations,Ops Analyst,EMP0061,Branch-East,2026-08-01,160.0,154.6,13.6,0.8,58,40,99.7,2,False,2022-03-17,,3.8,5600.0,1
EMP0088,Team E,Support,Support Agent,EMP0199,Branch-East,2026-08-01,160.0,159.4,0.9,,150,50,41.1,0,False,2025-04-28,,4.26,3858.0,1
EMP0034,Team J,Marketing,Content Creator,EMP0434,Branch-West,2026-05-01,160.0,161.5,2.9,3.1,19,150,57.1,0,False,2023-04-13,,4.01,4975.5,1
EMP0103,Team I,Sales,Sales Manager,EMP0035,Remote,2025-10-01,160.0,165.4,13.2,2.5,12,2500,56.8,5,False,2021-12-02,,3.96,9630.4,1
EMP0128,Team C,Marketing,Marketing Specialist,EMP0077,HQ,2026-06-01,160.0,165.6,5.6,0.5,12,300,92.8,0,False,2022-10-12,,3.29,5742.0,1
EMP0381,Team B,Engineering,Developer,EMP0259,Remote,2026-08-01,160.0,166.6,6.6,0.5,22,0,69.4,0,False,2025-04-07,,3.94,9707.5,1
EMP0455,Team B,Engineering,DevOps Engineer,EMP0251,Remote,2026-04-01,160.0,150.8,0.0,4.3,19,0,89.5,6,False,2025-01-25,,3.5,8746.4,1
EMP0336,Team I,Engineering,Data Engineer,EMP0376,HQ,2026-03-01,160.0,154.1,4.6,2.7,12,0,65.0,1,True,2023-09-19,2026-04-13,3.11,9660.0,1
EMP0491,Team B,Sales,Sales Manager,EMP0193,Remote,2025-10-01,160.0,161.2,1.2,0.7,11,2500,88.1,0,False,2023-07-23,,3.94,8476.0,1
EMP0101,Team A,Engineering,QA Engineer,EMP0457,Branch-East,2025-11-01,160.0,161.0,1.0,0.7,19,0,58.4,0,False,2021-09-29,,3.73,6825.0,1
EMP0197,Team E,Support,Support Agent,EMP0449,HQ,2025-10-01,160.0,160.8,0.8,0.3,129,50,96.2,2,False,2025-08-22,,3.02,3888.0,1
EMP0431,Team D,Engineering,QA Engineer,EMP0225,Remote,2025-09-01,160.0,152.9,3.3,0.4,29,0,71.4,2,False,2024-08-13,,4.09,6629.7,1
EMP0016,Team H,Engineering,QA Engineer,EMP0147,HQ,2026-05-01,160.0,142.5,7.6,0.5,24,0,83.4,0,False,2024-01-03,,3.99,6463.8,1
EMP0480,Team J,Sales,SDR,,Branch-East,2026-04-01,160.0,166.2,6.2,,35,150,78.7,1,False,2023-06-10,,1.59,4914.0,1
EMP0150,Team D,engineering,QA Engineer,EMP0243,Remote,2026-03-01,160.0,173.6,16.0,4.0,21,0,56.3,0,False,2021-10-31,,3.32,8299.2,1
EMP0386,Team H,Operations,Ops Coordinator,EMP0259,HQ,2026-01-01,160.0,158.3,10.3,0.7,53,35,92.5,1,False,2023-10-22,,3.48,4691.25,1
EMP0262,Team G,Marketing,Content Creator,EMP0309,Remote,2026-06-01,160.0,161.1,1.1,0.2,21,150,93.3,0,False,2025-10-18,,3.85,4882.5,1
EMP0348,Team D,Engineering,Data Engineer,EMP0085,Branch-East,2026-03-01,160.0,161.1,19.7,1.0,19,0,74.5,1,False,2025-05-03,,4.15,11439.0,1
EMP0103,Team I,Sales,Sales Manager,EMP0035,Remote,2026-04-01,160.0,154.3,1.7,5.7,10,2500,79.1,0,False,2021-12-02,,4.59,8156.2,1
EMP0308,Team B,Sales,Sales Manager,EMP0177,HQ,2025-11-01,160.0,157.7,3.1,1.7,11,2500,92.1,0,False,2025-11-07,,3.66,8442.2,1
EMP0396,Team J,Marketing,Content Creator,EMP0438,HQ,2026-03-01,160.0,167.8,8.9,0.9,17,150,81.1,0,False,2025-12-09,,3.73,5434.5,1
EMP0158,Team J,Operations,Ops Analyst,EMP0006,Branch-West,2026-06-01,160.0,162.5,2.5,3.8,79,40,72.2,0,False,2023-12-14,,3.56,5320.0,1
EMP0194,Team A,Support,Support Lead,EMP0320,HQ,2026-03-01,160.0,159.0,46.3,0.7,104,60,84.9,1,False,2022-07-10,,4.09,7767.3,1
EMP0317,Team C,Sales,Sales Manager,EMP0309,Remote,2026-08-01,160.0,143.9,2.0,0.7,13,2500,73.4,1,False,2024-01-19,,3.41,7638.8,1
EMP0004,Team J,Sales,Account Executive,EMP0296,HQ,2025-10-01,160.0,161.7,1.7,3.4,16,2000,85.0,1,False,2023-10-08,,2.6,6570.0,1
EMP0403,Team J,Sales,Sales Manager,EMP0225,HQ,2026-01-01,160.0,163.3,3.3,1.6,11,2500,74.9,1,False,2024-10-14,,3.9,8749.0,1
EMP0079,Team J,  Sales  ,Account Executive,EMP0077,Branch-East,2026-06-01,160.0,166.0,6.0,13.7,17,2000,87.2,1,False,2023-01-21,,3.68,7000.0,1
EMP0257,Team A,Marketing,Marketing Specialist,EMP0476,Remote,2025-12-01,160.0,161.4,1.4,0.3,12,300,76.0,1,False,2025-05-28,,3.24,5395.5,1
EMP0148,Team E,Sales,Account Executive,EMP0376,HQ,2026-01-01,160.0,151.3,4.7,2.3,12,2000,79.0,6,False,2025-08-11,,3.34,6334.0,1
EMP0137,Team C,Sales,Sales Manager,EMP0193,Branch-West,2026-04-01,160.0,159.0,4.5,,6,2500,37.4,6,False,2022-03-30,,2.92,8619.0,1
EMP0262,Team G,Marketing,Content Creator,EMP0309,Remote,2026-05-01,160.0,160.7,0.7,2.4,29,150,79.8,1,False,2025-10-18,,3.85,4852.5,1
EMP0282,Team D,Sales,Sales Manager,EMP0199,HQ,2026-03-01,160.0,151.1,5.8,1.4,11,2500,87.2,1,False,2022-10-28,,4.65,8309.6,1
EMP0204,  Team G  ,Marketing,Content Creator,EMP0035,Remote,2026-03-01,160.0,146.9,10.4,6.1,23,150,69.1,2,False,2023-12-04,,4.9,4875.0,1
EMP0024,Team G,Sales,SDR,EMP0434,Remote,2025-11-01,160.0,152.6,4.5,1.3,36,150,49.6,7,False,2024-05-13,,3.99,4461.8,1
EMP0206,Team C,Engineering,DevOps Engineer,EMP0476,HQ,2026-01-01,160.0,154.0,5.1,0.8,16,0,78.4,0,False,2025-06-19,,4.28,9375.7,1
EMP0236,Team J,Support,Support Agent,EMP0225,Remote,2026-08-01,160.0,154.1,0.9,0.0,142,50,54.2,1,False,2021-11-04,,3.85,3730.8,1
EMP0061,Team J,Sales,Account Executive,EMP0193,Branch-East,2025-11-01,160.0,155.9,0.0,0.2,21,2000,81.9,3,False,2021-08-20,,2.4,6236.0,1
EMP0245,Team H,Engineering,QA Engineer,EMP0351,HQ,2025-09-01,160.0,171.5,33.3,2.0,27,0,84.0,2,False,2024-08-16,,3.99,9300.9,1
EMP0288,Team I,Sales,SDR,EMP0471,Remote,2026-04-01,160.0,145.3,7.0,1.1,46,150,93.9,1,False,2023-09-20,,3.06,4362.4,1
EMP0065,Team C,Engineering,DevOps Engineer,EMP0199,HQ,2026-05-01,160.0,157.2,6.5,1.0,11,0,75.2,0,False,2025-05-06,,3.07,9683.1,1
EMP0391,Team G,Marketing,Marketing Specialist,EMP0293,Remote,2026-01-01,160.0,162.3,2.3,1.3,13,300,,1,False,2023-05-28,,3.02,5469.75,1
EMP0357,Team D,Engineering,Developer,EMP0309,HQ,2026-02-01,160.0,160.7,8.5,1.8,18,0,88.4,5,False,2025-04-27,,3.61,9539.75,1
EMP0322,Team E,Support,Support Lead,EMP0100,Branch-West,2026-08-01,160.0,163.2,3.4,0.3,113,60,60.2,2,False,2023-11-17,,3.44,5722.2,1
EMP0153,Team J,Engineering,Developer,EMP0457,Remote,2025-12-01,160.0,160.7,7.4,4.4,13,0,,0,False,2025-06-07,,3.16,9449.0,1
EMP0128,Team C,  Marketing  ,Marketing Specialist,EMP0077,HQ,2025-09-01,160.0,160.5,0.5,2.7,13,300,57.7,4,False,2022-10-12,,3.21,5321.25,1
EMP0189,Team I,Sales,SDR,EMP0218,HQ,2025-09-01,160.0,168.1,8.1,0.5,43,150,67.5,0,False,2021-12-23,,3.6,5047.0,1
EMP0466,Team F,Sales,SDR,EMP0422,Remote,2025-12-01,160.0,163.5,3.5,0.6,38,150,73.2,2,False,2025-03-16,,2.79,4725.0,1
EMP0300,Team J,Engineering,QA Engineer,EMP0480,HQ,2026-07-01,160.0,147.6,5.6,0.6,27,0,78.2,0,False,2024-10-03,,3.6,6552.0,1
EMP0274,Team D,marketing,Marketing Specialist,EMP0243,Remote,2026-03-01,160.0,162.0,2.0,0.3,14,300,90.1,0,False,2026-02-02,,4.18,5445.0,1
EMP0019,Team G,Sales,Account Executive,EMP0006,HQ,2026-04-01,160.0,161.3,7.3,0.9,17,2000,62.0,0,False,2025-03-26,,4.48,6890.0,1
EMP0180,Team G,Engineering,QA Engineer,EMP0199,,2025-10-01,160.0,164.0,4.0,2.2,25,0,68.7,3,False,2024-11-03,,4.29,7140.0,1
EMP0099,Team J,Engineering,Data Engineer,EMP0344,Branch-East,2026-02-01,160.0,143.6,3.5,1.0,20,0,92.7,1,False,2025-06-21,,3.66,8931.0,1
EMP0275,Team E,Sales,Sales Manager,EMP0420,Remote,2026-05-01,160.0,157.7,7.7,,9,2500,90.8,4,False,2025-03-15,,3.23,8801.0,1
EMP0205,Team E,Support,Support Lead,EMP0449,Remote,2025-09-01,160.0,161.8,20.4,1.4,99,60,78.9,0,False,2024-03-02,,3.66,6541.6,1
EMP0257,Team A,Marketing,Marketing Specialist,EMP0476,Remote,2026-03-01,160.0,161.6,16.2,1.8,14,300,91.7,1,False,2025-05-28,,4.85,6134.7,1
EMP0109,Team G,Engineering,DevOps Engineer,EMP0450,,2026-03-01,160.0,164.1,4.1,1.0,16,0,44.8,2,False,2023-03-05,,3.09,9874.5,1
EMP0048,Team J,Sales,Account Executive,EMP0217,Remote,2025-11-01,160.0,160.2,13.5,,20,2000,80.1,7,False,2023-11-16,,4.41,7218.0,1
EMP0290,Team B,Sales,Sales Manager,EMP0453,Remote,2025-09-01,160.0,167.2,7.2,0.5,12,2500,64.6,2,False,2022-01-31,,3.33,9256.0,1
EMP0484,Team J,Support,Support Agent,EMP0450,Remote,2026-05-01,160.0,160.3,0.3,0.5,125,50,81.3,3,False,2022-10-05,,3.51,3858.0,1
EMP0413,Team I,Marketing,Content Creator,EMP0301,Branch-East,2026-05-01,160.0,165.4,5.4,3.2,14,150,81.5,1,False,2023-10-30,,3.52,5205.0,1
EMP0341,Team C,Sales,Account Executive,EMP0061,Branch-East,2025-09-01,160.0,146.3,4.6,0.8,11,2000,55.2,0,False,2023-04-15,,4.03,6128.0,1
EMP0456,Team F,Sales,Sales Manager,EMP0351,HQ,2026-01-01,160.0,154.6,0.7,0.9,7,2500,77.3,4,False,2025-12-25,,3.32,8093.8,1
EMP0119,Team I,marketing,Content Creator,EMP0218,Remote,2026-02-01,160.0,160.3,0.3,0.0,21,150,71.2,1,False,2023-05-10,,3.11,4822.5,1
EMP0148,Team E,Sales,Account Executive,EMP0376,HQ,2026-06-01,160.0,156.4,12.0,1.3,17,2000,88.7,3,False,2025-08-11,,3.99,6976.0,1
EMP0243,Team I,Marketing,Content Creator,EMP0450,HQ,2026-02-01,160.0,164.2,4.2,5.0,17,150,49.8,2,True,2025-03-13,2026-02-15,2.51,5115.0,1
EMP0239,Team C,Support,Support Agent,EMP0296,Remote,2026-04-01,160.0,161.1,1.1,0.0,61,50,56.3,5,False,2023-05-19,,3.01,3906.0,1
EMP0079,Team J,Sales,Account Executive,EMP0077,Branch-East,2025-12-01,160.0,152.2,3.1,7.7,11,2000,85.9,0,False,2023-01-21,,4.48,6274.0,1
EMP0168,Team C,Engineering,DevOps Engineer,EMP0392,HQ,2026-02-01,160.0,161.6,1.6,0.2,17,0,53.8,1,False,2025-06-23,,3.95,9512.0,1
EMP0013,Team H,Operations,Ops Coordinator,EMP0277,HQ,2025-11-01,160.0,159.2,12.2,2.2,67,35,59.8,0,False,2021-11-20,,4.7,4792.5,1
EMP0291,Team F,Engineering,Developer,EMP0392,HQ,2025-12-01,160.0,162.6,13.8,1.7,7,0,65.8,4,True,2024-05-14,2026-01-29,1.83,10081.5,1
EMP0319,Team A,Engineering,QA Engineer,EMP0482,,2026-04-01,160.0,160.7,0.7,1.0,23,0,65.6,2,False,2023-06-16,,3.78,6793.5,1
EMP0346,Team H,Support,Support Lead,EMP0434,Remote,2026-07-01,160.0,154.7,13.0,3.6,102,60,89.7,0,False,2024-07-26,,3.97,5922.8,1
EMP0443,Team F,Sales,Account Executive,EMP0480,Remote,2026-05-01,160.0,153.7,7.7,0.3,13,2000,47.5,0,False,2021-12-08,,4.2,6610.0,1
EMP0047,Team C,Sales,Account Executive,EMP0450,Remote,2026-03-01,160.0,160.5,0.5,1.7,19,2000,71.3,1,False,2023-12-23,,3.63,6450.0,1
EMP0309,Team H,Operations,Ops Analyst,EMP0351,Remote,2026-07-01,160.0,158.9,0.9,0.3,61,40,86.5,3,False,2024-04-22,,3.74,5128.0,1
EMP0379,Team D,Operations,Ops Analyst,EMP0471,Remote,2026-01-01,160.0,161.8,1.8,0.1,61,40,78.7,0,False,2025-03-21,,,5264.0,1
EMP0087,Team E,Support,Support Lead,EMP0185,HQ,2025-12-01,160.0,147.4,25.5,1.4,86,60,75.3,0,False,2023-12-17,,4.12,6312.1,1
